Reading timing models for corner nom_tt_025C_1v80…
Reading timing library for the 'nom_tt_025C_1v80' corner at '/home/gp7871/.ciel/ciel/sky130/versions/8afc8346a57fe1ab7934ba5a6056ea8b43078e71/ciel/sky130/versions/8afc8346a57fe1ab7934ba5a6056ea8b43078e71/sky130A/libs.ref/sky130_fd_sc_hd/lib/sky130_fd_sc_hd__tt_025C_1v80.lib'…
Reading OpenROAD database at '/home/gp7871/VLSI_Freelancing/projects/uart_tx_rtl_to_gds/runs/RUN_2026-09-16_17-29-04/42-openroad-repairantennas/1-openroad-diodeinsertion/uart_tx.odb'…
Reading design constraints file at '/home/gp7871/VLSI_Freelancing/projects/uart_tx_rtl_to_gds/constraints/uart_tx.sdc'…
[INFO] No information on clock propagation in input SDC file-- propagating all clocks.
%OL_CREATE_REPORT min.rpt

===========================================================================
report_checks -path_delay min (Hold)
============================================================================
======================= nom_tt_025C_1v80 Corner ===================================

Startpoint: _244_ (rising edge-triggered flip-flop clocked by clk)
Endpoint: _244_ (rising edge-triggered flip-flop clocked by clk)
Path Group: clk
Path Type: min

Fanout         Cap        Slew       Delay        Time   Description
---------------------------------------------------------------------------------------------
                                  0.000000    0.000000   clock clk (rise edge)
                                  0.000000    0.000000   clock source latency
     1    0.012723    0.000000    0.000000    0.000000 ^ clk (in)
                                                         clk (net)
                      0.000922    0.000461    0.000461 ^ clkbuf_0_clk/A (sky130_fd_sc_hd__clkbuf_16)
     4    0.038347    0.058201    0.124909    0.125370 ^ clkbuf_0_clk/X (sky130_fd_sc_hd__clkbuf_16)
                                                         clknet_0_clk (net)
                      0.058231    0.001162    0.126532 ^ clkbuf_2_2__f_clk/A (sky130_fd_sc_hd__clkbuf_16)
     9    0.025471    0.046726    0.135325    0.261857 ^ clkbuf_2_2__f_clk/X (sky130_fd_sc_hd__clkbuf_16)
                                                         clknet_2_2__leaf_clk (net)
                      0.046738    0.000696    0.262553 ^ _244_/CLK (sky130_fd_sc_hd__dfxtp_2)
     2    0.006825    0.047175    0.320569    0.583122 ^ _244_/Q (sky130_fd_sc_hd__dfxtp_2)
                                                         tx_shift[9] (net)
                      0.047175    0.000179    0.583301 ^ _163_/A1 (sky130_fd_sc_hd__a21o_2)
     1    0.002913    0.030069    0.106471    0.689772 ^ _163_/X (sky130_fd_sc_hd__a21o_2)
                                                         _030_ (net)
                      0.030069    0.000071    0.689843 ^ _244_/D (sky130_fd_sc_hd__dfxtp_2)
                                              0.689843   data arrival time

                                  0.000000    0.000000   clock clk (rise edge)
                                  0.000000    0.000000   clock source latency
     1    0.012723    0.000000    0.000000    0.000000 ^ clk (in)
                                                         clk (net)
                      0.000922    0.000461    0.000461 ^ clkbuf_0_clk/A (sky130_fd_sc_hd__clkbuf_16)
     4    0.038347    0.058201    0.124909    0.125370 ^ clkbuf_0_clk/X (sky130_fd_sc_hd__clkbuf_16)
                                                         clknet_0_clk (net)
                      0.058231    0.001162    0.126532 ^ clkbuf_2_2__f_clk/A (sky130_fd_sc_hd__clkbuf_16)
     9    0.025471    0.046726    0.135325    0.261857 ^ clkbuf_2_2__f_clk/X (sky130_fd_sc_hd__clkbuf_16)
                                                         clknet_2_2__leaf_clk (net)
                      0.046738    0.000696    0.262553 ^ _244_/CLK (sky130_fd_sc_hd__dfxtp_2)
                                  0.000000    0.262553   clock reconvergence pessimism
                                 -0.027869    0.234684   library hold time
                                              0.234684   data required time
---------------------------------------------------------------------------------------------
                                              0.234684   data required time
                                             -0.689843   data arrival time
---------------------------------------------------------------------------------------------
                                              0.455159   slack (MET)


Startpoint: _229_ (rising edge-triggered flip-flop clocked by clk)
Endpoint: _229_ (rising edge-triggered flip-flop clocked by clk)
Path Group: clk
Path Type: min

Fanout         Cap        Slew       Delay        Time   Description
---------------------------------------------------------------------------------------------
                                  0.000000    0.000000   clock clk (rise edge)
                                  0.000000    0.000000   clock source latency
     1    0.012723    0.000000    0.000000    0.000000 ^ clk (in)
                                                         clk (net)
                      0.000922    0.000461    0.000461 ^ clkbuf_0_clk/A (sky130_fd_sc_hd__clkbuf_16)
     4    0.038347    0.058201    0.124909    0.125370 ^ clkbuf_0_clk/X (sky130_fd_sc_hd__clkbuf_16)
                                                         clknet_0_clk (net)
                      0.058235    0.001216    0.126586 ^ clkbuf_2_1__f_clk/A (sky130_fd_sc_hd__clkbuf_16)
     9    0.024993    0.046294    0.134817    0.261403 ^ clkbuf_2_1__f_clk/X (sky130_fd_sc_hd__clkbuf_16)
                                                         clknet_2_1__leaf_clk (net)
                      0.046308    0.000726    0.262129 ^ _229_/CLK (sky130_fd_sc_hd__dfxtp_2)
     3    0.008728    0.055686    0.327494    0.589623 ^ _229_/Q (sky130_fd_sc_hd__dfxtp_2)
                                                         baud_counter[13] (net)
                      0.055741    0.000239    0.589861 ^ _119_/A1 (sky130_fd_sc_hd__o21ba_2)
     1    0.002909    0.033378    0.132454    0.722316 ^ _119_/X (sky130_fd_sc_hd__o21ba_2)
                                                         _015_ (net)
                      0.033378    0.000096    0.722412 ^ _229_/D (sky130_fd_sc_hd__dfxtp_2)
                                              0.722412   data arrival time

                                  0.000000    0.000000   clock clk (rise edge)
                                  0.000000    0.000000   clock source latency
     1    0.012723    0.000000    0.000000    0.000000 ^ clk (in)
                                                         clk (net)
                      0.000922    0.000461    0.000461 ^ clkbuf_0_clk/A (sky130_fd_sc_hd__clkbuf_16)
     4    0.038347    0.058201    0.124909    0.125370 ^ clkbuf_0_clk/X (sky130_fd_sc_hd__clkbuf_16)
                                                         clknet_0_clk (net)
                      0.058235    0.001216    0.126586 ^ clkbuf_2_1__f_clk/A (sky130_fd_sc_hd__clkbuf_16)
     9    0.024993    0.046294    0.134817    0.261403 ^ clkbuf_2_1__f_clk/X (sky130_fd_sc_hd__clkbuf_16)
                                                         clknet_2_1__leaf_clk (net)
                      0.046308    0.000726    0.262129 ^ _229_/CLK (sky130_fd_sc_hd__dfxtp_2)
                                  0.000000    0.262129   clock reconvergence pessimism
                                 -0.028611    0.233518   library hold time
                                              0.233518   data required time
---------------------------------------------------------------------------------------------
                                              0.233518   data required time
                                             -0.722412   data arrival time
---------------------------------------------------------------------------------------------
                                              0.488894   slack (MET)


Startpoint: _219_ (rising edge-triggered flip-flop clocked by clk)
Endpoint: _219_ (rising edge-triggered flip-flop clocked by clk)
Path Group: clk
Path Type: min

Fanout         Cap        Slew       Delay        Time   Description
---------------------------------------------------------------------------------------------
                                  0.000000    0.000000   clock clk (rise edge)
                                  0.000000    0.000000   clock source latency
     1    0.012723    0.000000    0.000000    0.000000 ^ clk (in)
                                                         clk (net)
                      0.000922    0.000461    0.000461 ^ clkbuf_0_clk/A (sky130_fd_sc_hd__clkbuf_16)
     4    0.038347    0.058201    0.124909    0.125370 ^ clkbuf_0_clk/X (sky130_fd_sc_hd__clkbuf_16)
                                                         clknet_0_clk (net)
                      0.058231    0.001162    0.126532 ^ clkbuf_2_2__f_clk/A (sky130_fd_sc_hd__clkbuf_16)
     9    0.025471    0.046726    0.135325    0.261857 ^ clkbuf_2_2__f_clk/X (sky130_fd_sc_hd__clkbuf_16)
                                                         clknet_2_2__leaf_clk (net)
                      0.046733    0.000566    0.262424 ^ _219_/CLK (sky130_fd_sc_hd__dfxtp_2)
     7    0.027517    0.144449    0.393510    0.655933 ^ _219_/Q (sky130_fd_sc_hd__dfxtp_2)
                                                         baud_counter[3] (net)
                      0.144450    0.000677    0.656610 ^ _199_/A1 (sky130_fd_sc_hd__a21oi_2)
     1    0.002729    0.024234    0.065377    0.721987 v _199_/Y (sky130_fd_sc_hd__a21oi_2)
                                                         _005_ (net)
                      0.024234    0.000086    0.722073 v _219_/D (sky130_fd_sc_hd__dfxtp_2)
                                              0.722073   data arrival time

                                  0.000000    0.000000   clock clk (rise edge)
                                  0.000000    0.000000   clock source latency
     1    0.012723    0.000000    0.000000    0.000000 ^ clk (in)
                                                         clk (net)
                      0.000922    0.000461    0.000461 ^ clkbuf_0_clk/A (sky130_fd_sc_hd__clkbuf_16)
     4    0.038347    0.058201    0.124909    0.125370 ^ clkbuf_0_clk/X (sky130_fd_sc_hd__clkbuf_16)
                                                         clknet_0_clk (net)
                      0.058231    0.001162    0.126532 ^ clkbuf_2_2__f_clk/A (sky130_fd_sc_hd__clkbuf_16)
     9    0.025471    0.046726    0.135325    0.261857 ^ clkbuf_2_2__f_clk/X (sky130_fd_sc_hd__clkbuf_16)
                                                         clknet_2_2__leaf_clk (net)
                      0.046733    0.000566    0.262424 ^ _219_/CLK (sky130_fd_sc_hd__dfxtp_2)
                                  0.000000    0.262424   clock reconvergence pessimism
                                 -0.037150    0.225274   library hold time
                                              0.225274   data required time
---------------------------------------------------------------------------------------------
                                              0.225274   data required time
                                             -0.722073   data arrival time
---------------------------------------------------------------------------------------------
                                              0.496799   slack (MET)


Startpoint: _221_ (rising edge-triggered flip-flop clocked by clk)
Endpoint: _221_ (rising edge-triggered flip-flop clocked by clk)
Path Group: clk
Path Type: min

Fanout         Cap        Slew       Delay        Time   Description
---------------------------------------------------------------------------------------------
                                  0.000000    0.000000   clock clk (rise edge)
                                  0.000000    0.000000   clock source latency
     1    0.012723    0.000000    0.000000    0.000000 ^ clk (in)
                                                         clk (net)
                      0.000922    0.000461    0.000461 ^ clkbuf_0_clk/A (sky130_fd_sc_hd__clkbuf_16)
     4    0.038347    0.058201    0.124909    0.125370 ^ clkbuf_0_clk/X (sky130_fd_sc_hd__clkbuf_16)
                                                         clknet_0_clk (net)
                      0.058232    0.001165    0.126535 ^ clkbuf_2_3__f_clk/A (sky130_fd_sc_hd__clkbuf_16)
     8    0.024981    0.046269    0.134899    0.261435 ^ clkbuf_2_3__f_clk/X (sky130_fd_sc_hd__clkbuf_16)
                                                         clknet_2_3__leaf_clk (net)
                      0.046276    0.000525    0.261960 ^ _221_/CLK (sky130_fd_sc_hd__dfxtp_2)
     4    0.011756    0.069334    0.338754    0.600714 ^ _221_/Q (sky130_fd_sc_hd__dfxtp_2)
                                                         baud_counter[5] (net)
                      0.069334    0.000224    0.600938 ^ _204_/A1 (sky130_fd_sc_hd__o21ba_2)
     1    0.001877    0.028345    0.130535    0.731474 ^ _204_/X (sky130_fd_sc_hd__o21ba_2)
                                                         _007_ (net)
                      0.028345    0.000038    0.731511 ^ _221_/D (sky130_fd_sc_hd__dfxtp_2)
                                              0.731511   data arrival time

                                  0.000000    0.000000   clock clk (rise edge)
                                  0.000000    0.000000   clock source latency
     1    0.012723    0.000000    0.000000    0.000000 ^ clk (in)
                                                         clk (net)
                      0.000922    0.000461    0.000461 ^ clkbuf_0_clk/A (sky130_fd_sc_hd__clkbuf_16)
     4    0.038347    0.058201    0.124909    0.125370 ^ clkbuf_0_clk/X (sky130_fd_sc_hd__clkbuf_16)
                                                         clknet_0_clk (net)
                      0.058232    0.001165    0.126535 ^ clkbuf_2_3__f_clk/A (sky130_fd_sc_hd__clkbuf_16)
     8    0.024981    0.046269    0.134899    0.261435 ^ clkbuf_2_3__f_clk/X (sky130_fd_sc_hd__clkbuf_16)
                                                         clknet_2_3__leaf_clk (net)
                      0.046276    0.000525    0.261960 ^ _221_/CLK (sky130_fd_sc_hd__dfxtp_2)
                                  0.000000    0.261960   clock reconvergence pessimism
                                 -0.027573    0.234387   library hold time
                                              0.234387   data required time
---------------------------------------------------------------------------------------------
                                              0.234387   data required time
                                             -0.731511   data arrival time
---------------------------------------------------------------------------------------------
                                              0.497124   slack (MET)


Startpoint: _234_ (rising edge-triggered flip-flop clocked by clk)
Endpoint: _234_ (rising edge-triggered flip-flop clocked by clk)
Path Group: clk
Path Type: min

Fanout         Cap        Slew       Delay        Time   Description
---------------------------------------------------------------------------------------------
                                  0.000000    0.000000   clock clk (rise edge)
                                  0.000000    0.000000   clock source latency
     1    0.012723    0.000000    0.000000    0.000000 ^ clk (in)
                                                         clk (net)
                      0.000922    0.000461    0.000461 ^ clkbuf_0_clk/A (sky130_fd_sc_hd__clkbuf_16)
     4    0.038347    0.058201    0.124909    0.125370 ^ clkbuf_0_clk/X (sky130_fd_sc_hd__clkbuf_16)
                                                         clknet_0_clk (net)
                      0.058232    0.001165    0.126535 ^ clkbuf_2_3__f_clk/A (sky130_fd_sc_hd__clkbuf_16)
     8    0.024981    0.046269    0.134899    0.261435 ^ clkbuf_2_3__f_clk/X (sky130_fd_sc_hd__clkbuf_16)
                                                         clknet_2_3__leaf_clk (net)
                      0.046276    0.000529    0.261963 ^ _234_/CLK (sky130_fd_sc_hd__dfxtp_2)
     4    0.014218    0.080644    0.347418    0.609381 ^ _234_/Q (sky130_fd_sc_hd__dfxtp_2)
                                                         bit_index[2] (net)
                      0.080644    0.000302    0.609683 ^ _135_/A1 (sky130_fd_sc_hd__o21a_2)
     1    0.002807    0.029443    0.129236    0.738919 ^ _135_/X (sky130_fd_sc_hd__o21a_2)
                                                         _020_ (net)
                      0.029443    0.000092    0.739011 ^ _234_/D (sky130_fd_sc_hd__dfxtp_2)
                                              0.739011   data arrival time

                                  0.000000    0.000000   clock clk (rise edge)
                                  0.000000    0.000000   clock source latency
     1    0.012723    0.000000    0.000000    0.000000 ^ clk (in)
                                                         clk (net)
                      0.000922    0.000461    0.000461 ^ clkbuf_0_clk/A (sky130_fd_sc_hd__clkbuf_16)
     4    0.038347    0.058201    0.124909    0.125370 ^ clkbuf_0_clk/X (sky130_fd_sc_hd__clkbuf_16)
                                                         clknet_0_clk (net)
                      0.058232    0.001165    0.126535 ^ clkbuf_2_3__f_clk/A (sky130_fd_sc_hd__clkbuf_16)
     8    0.024981    0.046269    0.134899    0.261435 ^ clkbuf_2_3__f_clk/X (sky130_fd_sc_hd__clkbuf_16)
                                                         clknet_2_3__leaf_clk (net)
                      0.046276    0.000529    0.261963 ^ _234_/CLK (sky130_fd_sc_hd__dfxtp_2)
                                  0.000000    0.261963   clock reconvergence pessimism
                                 -0.027800    0.234163   library hold time
                                              0.234163   data required time
---------------------------------------------------------------------------------------------
                                              0.234163   data required time
                                             -0.739011   data arrival time
---------------------------------------------------------------------------------------------
                                              0.504848   slack (MET)


Startpoint: _216_ (rising edge-triggered flip-flop clocked by clk)
Endpoint: _216_ (rising edge-triggered flip-flop clocked by clk)
Path Group: clk
Path Type: min

Fanout         Cap        Slew       Delay        Time   Description
---------------------------------------------------------------------------------------------
                                  0.000000    0.000000   clock clk (rise edge)
                                  0.000000    0.000000   clock source latency
     1    0.012723    0.000000    0.000000    0.000000 ^ clk (in)
                                                         clk (net)
                      0.000922    0.000461    0.000461 ^ clkbuf_0_clk/A (sky130_fd_sc_hd__clkbuf_16)
     4    0.038347    0.058201    0.124909    0.125370 ^ clkbuf_0_clk/X (sky130_fd_sc_hd__clkbuf_16)
                                                         clknet_0_clk (net)
                      0.058231    0.001162    0.126532 ^ clkbuf_2_2__f_clk/A (sky130_fd_sc_hd__clkbuf_16)
     9    0.025471    0.046726    0.135325    0.261857 ^ clkbuf_2_2__f_clk/X (sky130_fd_sc_hd__clkbuf_16)
                                                         clknet_2_2__leaf_clk (net)
                      0.046736    0.000644    0.262501 ^ _216_/CLK (sky130_fd_sc_hd__dfxtp_2)
     7    0.029300    0.153030    0.399663    0.662164 ^ _216_/Q (sky130_fd_sc_hd__dfxtp_2)
                                                         baud_counter[0] (net)
                      0.153030    0.000612    0.662776 ^ _190_/A2 (sky130_fd_sc_hd__a21oi_2)
     1    0.002853    0.024901    0.071202    0.733978 v _190_/Y (sky130_fd_sc_hd__a21oi_2)
                                                         _002_ (net)
                      0.024901    0.000089    0.734068 v _216_/D (sky130_fd_sc_hd__dfxtp_2)
                                              0.734068   data arrival time

                                  0.000000    0.000000   clock clk (rise edge)
                                  0.000000    0.000000   clock source latency
     1    0.012723    0.000000    0.000000    0.000000 ^ clk (in)
                                                         clk (net)
                      0.000922    0.000461    0.000461 ^ clkbuf_0_clk/A (sky130_fd_sc_hd__clkbuf_16)
     4    0.038347    0.058201    0.124909    0.125370 ^ clkbuf_0_clk/X (sky130_fd_sc_hd__clkbuf_16)
                                                         clknet_0_clk (net)
                      0.058231    0.001162    0.126532 ^ clkbuf_2_2__f_clk/A (sky130_fd_sc_hd__clkbuf_16)
     9    0.025471    0.046726    0.135325    0.261857 ^ clkbuf_2_2__f_clk/X (sky130_fd_sc_hd__clkbuf_16)
                                                         clknet_2_2__leaf_clk (net)
                      0.046736    0.000644    0.262501 ^ _216_/CLK (sky130_fd_sc_hd__dfxtp_2)
                                  0.000000    0.262501   clock reconvergence pessimism
                                 -0.037423    0.225079   library hold time
                                              0.225079   data required time
---------------------------------------------------------------------------------------------
                                              0.225079   data required time
                                             -0.734068   data arrival time
---------------------------------------------------------------------------------------------
                                              0.508989   slack (MET)


Startpoint: _217_ (rising edge-triggered flip-flop clocked by clk)
Endpoint: _217_ (rising edge-triggered flip-flop clocked by clk)
Path Group: clk
Path Type: min

Fanout         Cap        Slew       Delay        Time   Description
---------------------------------------------------------------------------------------------
                                  0.000000    0.000000   clock clk (rise edge)
                                  0.000000    0.000000   clock source latency
     1    0.012723    0.000000    0.000000    0.000000 ^ clk (in)
                                                         clk (net)
                      0.000922    0.000461    0.000461 ^ clkbuf_0_clk/A (sky130_fd_sc_hd__clkbuf_16)
     4    0.038347    0.058201    0.124909    0.125370 ^ clkbuf_0_clk/X (sky130_fd_sc_hd__clkbuf_16)
                                                         clknet_0_clk (net)
                      0.058231    0.001162    0.126532 ^ clkbuf_2_2__f_clk/A (sky130_fd_sc_hd__clkbuf_16)
     9    0.025471    0.046726    0.135325    0.261857 ^ clkbuf_2_2__f_clk/X (sky130_fd_sc_hd__clkbuf_16)
                                                         clknet_2_2__leaf_clk (net)
                      0.046735    0.000641    0.262498 ^ _217_/CLK (sky130_fd_sc_hd__dfxtp_2)
     5    0.016593    0.091992    0.355801    0.618299 ^ _217_/Q (sky130_fd_sc_hd__dfxtp_2)
                                                         baud_counter[1] (net)
                      0.091992    0.000432    0.618731 ^ _192_/B1 (sky130_fd_sc_hd__a21oi_2)
     1    0.005283    0.034257    0.043369    0.662099 v _192_/Y (sky130_fd_sc_hd__a21oi_2)
                                                         _032_ (net)
                      0.034258    0.000188    0.662287 v _194_/A (sky130_fd_sc_hd__nor2_2)
     1    0.002096    0.053635    0.081838    0.744125 ^ _194_/Y (sky130_fd_sc_hd__nor2_2)
                                                         _003_ (net)
                      0.053635    0.000042    0.744167 ^ _217_/D (sky130_fd_sc_hd__dfxtp_2)
                                              0.744167   data arrival time

                                  0.000000    0.000000   clock clk (rise edge)
                                  0.000000    0.000000   clock source latency
     1    0.012723    0.000000    0.000000    0.000000 ^ clk (in)
                                                         clk (net)
                      0.000922    0.000461    0.000461 ^ clkbuf_0_clk/A (sky130_fd_sc_hd__clkbuf_16)
     4    0.038347    0.058201    0.124909    0.125370 ^ clkbuf_0_clk/X (sky130_fd_sc_hd__clkbuf_16)
                                                         clknet_0_clk (net)
                      0.058231    0.001162    0.126532 ^ clkbuf_2_2__f_clk/A (sky130_fd_sc_hd__clkbuf_16)
     9    0.025471    0.046726    0.135325    0.261857 ^ clkbuf_2_2__f_clk/X (sky130_fd_sc_hd__clkbuf_16)
                                                         clknet_2_2__leaf_clk (net)
                      0.046735    0.000641    0.262498 ^ _217_/CLK (sky130_fd_sc_hd__dfxtp_2)
                                  0.000000    0.262498   clock reconvergence pessimism
                                 -0.032749    0.229749   library hold time
                                              0.229749   data required time
---------------------------------------------------------------------------------------------
                                              0.229749   data required time
                                             -0.744167   data arrival time
---------------------------------------------------------------------------------------------
                                              0.514419   slack (MET)


Startpoint: _239_ (rising edge-triggered flip-flop clocked by clk)
Endpoint: _239_ (rising edge-triggered flip-flop clocked by clk)
Path Group: clk
Path Type: min

Fanout         Cap        Slew       Delay        Time   Description
---------------------------------------------------------------------------------------------
                                  0.000000    0.000000   clock clk (rise edge)
                                  0.000000    0.000000   clock source latency
     1    0.012723    0.000000    0.000000    0.000000 ^ clk (in)
                                                         clk (net)
                      0.000922    0.000461    0.000461 ^ clkbuf_0_clk/A (sky130_fd_sc_hd__clkbuf_16)
     4    0.038347    0.058201    0.124909    0.125370 ^ clkbuf_0_clk/X (sky130_fd_sc_hd__clkbuf_16)
                                                         clknet_0_clk (net)
                      0.058236    0.001230    0.126600 ^ clkbuf_2_0__f_clk/A (sky130_fd_sc_hd__clkbuf_16)
     8    0.024693    0.046018    0.134540    0.261140 ^ clkbuf_2_0__f_clk/X (sky130_fd_sc_hd__clkbuf_16)
                                                         clknet_2_0__leaf_clk (net)
                      0.046034    0.000772    0.261912 ^ _239_/CLK (sky130_fd_sc_hd__dfxtp_2)
     2    0.004944    0.039020    0.313321    0.575233 ^ _239_/Q (sky130_fd_sc_hd__dfxtp_2)
                                                         tx_shift[4] (net)
                      0.039020    0.000102    0.575335 ^ _149_/A1 (sky130_fd_sc_hd__mux2_1)
     1    0.002114    0.036244    0.109654    0.684990 ^ _149_/X (sky130_fd_sc_hd__mux2_1)
                                                         _074_ (net)
                      0.036244    0.000044    0.685033 ^ _150_/B (sky130_fd_sc_hd__or2_2)
     1    0.002007    0.025476    0.086310    0.771343 ^ _150_/X (sky130_fd_sc_hd__or2_2)
                                                         _025_ (net)
                      0.025476    0.000042    0.771385 ^ _239_/D (sky130_fd_sc_hd__dfxtp_2)
                                              0.771385   data arrival time

                                  0.000000    0.000000   clock clk (rise edge)
                                  0.000000    0.000000   clock source latency
     1    0.012723    0.000000    0.000000    0.000000 ^ clk (in)
                                                         clk (net)
                      0.000922    0.000461    0.000461 ^ clkbuf_0_clk/A (sky130_fd_sc_hd__clkbuf_16)
     4    0.038347    0.058201    0.124909    0.125370 ^ clkbuf_0_clk/X (sky130_fd_sc_hd__clkbuf_16)
                                                         clknet_0_clk (net)
                      0.058236    0.001230    0.126600 ^ clkbuf_2_0__f_clk/A (sky130_fd_sc_hd__clkbuf_16)
     8    0.024693    0.046018    0.134540    0.261140 ^ clkbuf_2_0__f_clk/X (sky130_fd_sc_hd__clkbuf_16)
                                                         clknet_2_0__leaf_clk (net)
                      0.046034    0.000772    0.261912 ^ _239_/CLK (sky130_fd_sc_hd__dfxtp_2)
                                  0.000000    0.261912   clock reconvergence pessimism
                                 -0.027010    0.234902   library hold time
                                              0.234902   data required time
---------------------------------------------------------------------------------------------
                                              0.234902   data required time
                                             -0.771385   data arrival time
---------------------------------------------------------------------------------------------
                                              0.536483   slack (MET)


Startpoint: _236_ (rising edge-triggered flip-flop clocked by clk)
Endpoint: _214_ (rising edge-triggered flip-flop clocked by clk)
Path Group: clk
Path Type: min

Fanout         Cap        Slew       Delay        Time   Description
---------------------------------------------------------------------------------------------
                                  0.000000    0.000000   clock clk (rise edge)
                                  0.000000    0.000000   clock source latency
     1    0.012723    0.000000    0.000000    0.000000 ^ clk (in)
                                                         clk (net)
                      0.000922    0.000461    0.000461 ^ clkbuf_0_clk/A (sky130_fd_sc_hd__clkbuf_16)
     4    0.038347    0.058201    0.124909    0.125370 ^ clkbuf_0_clk/X (sky130_fd_sc_hd__clkbuf_16)
                                                         clknet_0_clk (net)
                      0.058236    0.001230    0.126600 ^ clkbuf_2_0__f_clk/A (sky130_fd_sc_hd__clkbuf_16)
     8    0.024693    0.046018    0.134540    0.261140 ^ clkbuf_2_0__f_clk/X (sky130_fd_sc_hd__clkbuf_16)
                                                         clknet_2_0__leaf_clk (net)
                      0.046022    0.000488    0.261628 ^ _236_/CLK (sky130_fd_sc_hd__dfxtp_2)
     2    0.004252    0.035816    0.310740    0.572368 ^ _236_/Q (sky130_fd_sc_hd__dfxtp_2)
                                                         tx_shift[1] (net)
                      0.035816    0.000065    0.572433 ^ _183_/A (sky130_fd_sc_hd__or2_2)
     1    0.003552    0.032156    0.095166    0.667600 ^ _183_/X (sky130_fd_sc_hd__or2_2)
                                                         _102_ (net)
                      0.032156    0.000090    0.667689 ^ _184_/A2 (sky130_fd_sc_hd__a211o_2)
     1    0.002569    0.024693    0.109251    0.776941 ^ _184_/X (sky130_fd_sc_hd__a211o_2)
                                                         _000_ (net)
                      0.024700    0.000079    0.777020 ^ _214_/D (sky130_fd_sc_hd__dfxtp_2)
                                              0.777020   data arrival time

                                  0.000000    0.000000   clock clk (rise edge)
                                  0.000000    0.000000   clock source latency
     1    0.012723    0.000000    0.000000    0.000000 ^ clk (in)
                                                         clk (net)
                      0.000922    0.000461    0.000461 ^ clkbuf_0_clk/A (sky130_fd_sc_hd__clkbuf_16)
     4    0.038347    0.058201    0.124909    0.125370 ^ clkbuf_0_clk/X (sky130_fd_sc_hd__clkbuf_16)
                                                         clknet_0_clk (net)
                      0.058236    0.001230    0.126600 ^ clkbuf_2_0__f_clk/A (sky130_fd_sc_hd__clkbuf_16)
     8    0.024693    0.046018    0.134540    0.261140 ^ clkbuf_2_0__f_clk/X (sky130_fd_sc_hd__clkbuf_16)
                                                         clknet_2_0__leaf_clk (net)
                      0.046026    0.000591    0.261730 ^ _214_/CLK (sky130_fd_sc_hd__dfxtp_2)
                                  0.000000    0.261730   clock reconvergence pessimism
                                 -0.026850    0.234880   library hold time
                                              0.234880   data required time
---------------------------------------------------------------------------------------------
                                              0.234880   data required time
                                             -0.777020   data arrival time
---------------------------------------------------------------------------------------------
                                              0.542140   slack (MET)


Startpoint: _236_ (rising edge-triggered flip-flop clocked by clk)
Endpoint: _236_ (rising edge-triggered flip-flop clocked by clk)
Path Group: clk
Path Type: min

Fanout         Cap        Slew       Delay        Time   Description
---------------------------------------------------------------------------------------------
                                  0.000000    0.000000   clock clk (rise edge)
                                  0.000000    0.000000   clock source latency
     1    0.012723    0.000000    0.000000    0.000000 ^ clk (in)
                                                         clk (net)
                      0.000922    0.000461    0.000461 ^ clkbuf_0_clk/A (sky130_fd_sc_hd__clkbuf_16)
     4    0.038347    0.058201    0.124909    0.125370 ^ clkbuf_0_clk/X (sky130_fd_sc_hd__clkbuf_16)
                                                         clknet_0_clk (net)
                      0.058236    0.001230    0.126600 ^ clkbuf_2_0__f_clk/A (sky130_fd_sc_hd__clkbuf_16)
     8    0.024693    0.046018    0.134540    0.261140 ^ clkbuf_2_0__f_clk/X (sky130_fd_sc_hd__clkbuf_16)
                                                         clknet_2_0__leaf_clk (net)
                      0.046022    0.000488    0.261628 ^ _236_/CLK (sky130_fd_sc_hd__dfxtp_2)
     2    0.004252    0.035816    0.310740    0.572368 ^ _236_/Q (sky130_fd_sc_hd__dfxtp_2)
                                                         tx_shift[1] (net)
                      0.035816    0.000072    0.572439 ^ _140_/A1 (sky130_fd_sc_hd__mux2_1)
     1    0.002813    0.041385    0.114109    0.686549 ^ _140_/X (sky130_fd_sc_hd__mux2_1)
                                                         _068_ (net)
                      0.041385    0.000091    0.686639 ^ _141_/B (sky130_fd_sc_hd__or2_2)
     1    0.002594    0.027950    0.090918    0.777558 ^ _141_/X (sky130_fd_sc_hd__or2_2)
                                                         _022_ (net)
                      0.027956    0.000078    0.777636 ^ _236_/D (sky130_fd_sc_hd__dfxtp_2)
                                              0.777636   data arrival time

                                  0.000000    0.000000   clock clk (rise edge)
                                  0.000000    0.000000   clock source latency
     1    0.012723    0.000000    0.000000    0.000000 ^ clk (in)
                                                         clk (net)
                      0.000922    0.000461    0.000461 ^ clkbuf_0_clk/A (sky130_fd_sc_hd__clkbuf_16)
     4    0.038347    0.058201    0.124909    0.125370 ^ clkbuf_0_clk/X (sky130_fd_sc_hd__clkbuf_16)
                                                         clknet_0_clk (net)
                      0.058236    0.001230    0.126600 ^ clkbuf_2_0__f_clk/A (sky130_fd_sc_hd__clkbuf_16)
     8    0.024693    0.046018    0.134540    0.261140 ^ clkbuf_2_0__f_clk/X (sky130_fd_sc_hd__clkbuf_16)
                                                         clknet_2_0__leaf_clk (net)
                      0.046022    0.000488    0.261628 ^ _236_/CLK (sky130_fd_sc_hd__dfxtp_2)
                                  0.000000    0.261628   clock reconvergence pessimism
                                 -0.027525    0.234103   library hold time
                                              0.234103   data required time
---------------------------------------------------------------------------------------------
                                              0.234103   data required time
                                             -0.777636   data arrival time
---------------------------------------------------------------------------------------------
                                              0.543533   slack (MET)


Startpoint: _243_ (rising edge-triggered flip-flop clocked by clk)
Endpoint: _243_ (rising edge-triggered flip-flop clocked by clk)
Path Group: clk
Path Type: min

Fanout         Cap        Slew       Delay        Time   Description
---------------------------------------------------------------------------------------------
                                  0.000000    0.000000   clock clk (rise edge)
                                  0.000000    0.000000   clock source latency
     1    0.012723    0.000000    0.000000    0.000000 ^ clk (in)
                                                         clk (net)
                      0.000922    0.000461    0.000461 ^ clkbuf_0_clk/A (sky130_fd_sc_hd__clkbuf_16)
     4    0.038347    0.058201    0.124909    0.125370 ^ clkbuf_0_clk/X (sky130_fd_sc_hd__clkbuf_16)
                                                         clknet_0_clk (net)
                      0.058231    0.001162    0.126532 ^ clkbuf_2_2__f_clk/A (sky130_fd_sc_hd__clkbuf_16)
     9    0.025471    0.046726    0.135325    0.261857 ^ clkbuf_2_2__f_clk/X (sky130_fd_sc_hd__clkbuf_16)
                                                         clknet_2_2__leaf_clk (net)
                      0.046732    0.000554    0.262411 ^ _243_/CLK (sky130_fd_sc_hd__dfxtp_2)
     2    0.005833    0.042818    0.316890    0.579301 ^ _243_/Q (sky130_fd_sc_hd__dfxtp_2)
                                                         tx_shift[8] (net)
                      0.042818    0.000112    0.579414 ^ _161_/B2 (sky130_fd_sc_hd__a32o_2)
     1    0.002646    0.039456    0.110928    0.690342 ^ _161_/X (sky130_fd_sc_hd__a32o_2)
                                                         _082_ (net)
                      0.039462    0.000064    0.690405 ^ _162_/B (sky130_fd_sc_hd__or2_2)
     1    0.002443    0.027309    0.089502    0.779907 ^ _162_/X (sky130_fd_sc_hd__or2_2)
                                                         _029_ (net)
                      0.027309    0.000056    0.779963 ^ _243_/D (sky130_fd_sc_hd__dfxtp_2)
                                              0.779963   data arrival time

                                  0.000000    0.000000   clock clk (rise edge)
                                  0.000000    0.000000   clock source latency
     1    0.012723    0.000000    0.000000    0.000000 ^ clk (in)
                                                         clk (net)
                      0.000922    0.000461    0.000461 ^ clkbuf_0_clk/A (sky130_fd_sc_hd__clkbuf_16)
     4    0.038347    0.058201    0.124909    0.125370 ^ clkbuf_0_clk/X (sky130_fd_sc_hd__clkbuf_16)
                                                         clknet_0_clk (net)
                      0.058231    0.001162    0.126532 ^ clkbuf_2_2__f_clk/A (sky130_fd_sc_hd__clkbuf_16)
     9    0.025471    0.046726    0.135325    0.261857 ^ clkbuf_2_2__f_clk/X (sky130_fd_sc_hd__clkbuf_16)
                                                         clknet_2_2__leaf_clk (net)
                      0.046732    0.000554    0.262411 ^ _243_/CLK (sky130_fd_sc_hd__dfxtp_2)
                                  0.000000    0.262411   clock reconvergence pessimism
                                 -0.027298    0.235113   library hold time
                                              0.235113   data required time
---------------------------------------------------------------------------------------------
                                              0.235113   data required time
                                             -0.779963   data arrival time
---------------------------------------------------------------------------------------------
                                              0.544850   slack (MET)


Startpoint: _242_ (rising edge-triggered flip-flop clocked by clk)
Endpoint: _242_ (rising edge-triggered flip-flop clocked by clk)
Path Group: clk
Path Type: min

Fanout         Cap        Slew       Delay        Time   Description
---------------------------------------------------------------------------------------------
                                  0.000000    0.000000   clock clk (rise edge)
                                  0.000000    0.000000   clock source latency
     1    0.012723    0.000000    0.000000    0.000000 ^ clk (in)
                                                         clk (net)
                      0.000922    0.000461    0.000461 ^ clkbuf_0_clk/A (sky130_fd_sc_hd__clkbuf_16)
     4    0.038347    0.058201    0.124909    0.125370 ^ clkbuf_0_clk/X (sky130_fd_sc_hd__clkbuf_16)
                                                         clknet_0_clk (net)
                      0.058236    0.001230    0.126600 ^ clkbuf_2_0__f_clk/A (sky130_fd_sc_hd__clkbuf_16)
     8    0.024693    0.046018    0.134540    0.261140 ^ clkbuf_2_0__f_clk/X (sky130_fd_sc_hd__clkbuf_16)
                                                         clknet_2_0__leaf_clk (net)
                      0.046024    0.000556    0.261696 ^ _242_/CLK (sky130_fd_sc_hd__dfxtp_2)
     2    0.005617    0.041887    0.315814    0.577509 ^ _242_/Q (sky130_fd_sc_hd__dfxtp_2)
                                                         tx_shift[7] (net)
                      0.041887    0.000166    0.577675 ^ _158_/A1 (sky130_fd_sc_hd__mux2_1)
     1    0.002485    0.038909    0.113585    0.691260 ^ _158_/X (sky130_fd_sc_hd__mux2_1)
                                                         _080_ (net)
                      0.038909    0.000079    0.691339 ^ _159_/B (sky130_fd_sc_hd__or2_2)
     1    0.002296    0.026692    0.088633    0.779972 ^ _159_/X (sky130_fd_sc_hd__or2_2)
                                                         _028_ (net)
                      0.026692    0.000049    0.780021 ^ _242_/D (sky130_fd_sc_hd__dfxtp_2)
                                              0.780021   data arrival time

                                  0.000000    0.000000   clock clk (rise edge)
                                  0.000000    0.000000   clock source latency
     1    0.012723    0.000000    0.000000    0.000000 ^ clk (in)
                                                         clk (net)
                      0.000922    0.000461    0.000461 ^ clkbuf_0_clk/A (sky130_fd_sc_hd__clkbuf_16)
     4    0.038347    0.058201    0.124909    0.125370 ^ clkbuf_0_clk/X (sky130_fd_sc_hd__clkbuf_16)
                                                         clknet_0_clk (net)
                      0.058236    0.001230    0.126600 ^ clkbuf_2_0__f_clk/A (sky130_fd_sc_hd__clkbuf_16)
     8    0.024693    0.046018    0.134540    0.261140 ^ clkbuf_2_0__f_clk/X (sky130_fd_sc_hd__clkbuf_16)
                                                         clknet_2_0__leaf_clk (net)
                      0.046024    0.000556    0.261696 ^ _242_/CLK (sky130_fd_sc_hd__dfxtp_2)
                                  0.000000    0.261696   clock reconvergence pessimism
                                 -0.027263    0.234432   library hold time
                                              0.234432   data required time
---------------------------------------------------------------------------------------------
                                              0.234432   data required time
                                             -0.780021   data arrival time
---------------------------------------------------------------------------------------------
                                              0.545589   slack (MET)


Startpoint: _240_ (rising edge-triggered flip-flop clocked by clk)
Endpoint: _240_ (rising edge-triggered flip-flop clocked by clk)
Path Group: clk
Path Type: min

Fanout         Cap        Slew       Delay        Time   Description
---------------------------------------------------------------------------------------------
                                  0.000000    0.000000   clock clk (rise edge)
                                  0.000000    0.000000   clock source latency
     1    0.012723    0.000000    0.000000    0.000000 ^ clk (in)
                                                         clk (net)
                      0.000922    0.000461    0.000461 ^ clkbuf_0_clk/A (sky130_fd_sc_hd__clkbuf_16)
     4    0.038347    0.058201    0.124909    0.125370 ^ clkbuf_0_clk/X (sky130_fd_sc_hd__clkbuf_16)
                                                         clknet_0_clk (net)
                      0.058236    0.001230    0.126600 ^ clkbuf_2_0__f_clk/A (sky130_fd_sc_hd__clkbuf_16)
     8    0.024693    0.046018    0.134540    0.261140 ^ clkbuf_2_0__f_clk/X (sky130_fd_sc_hd__clkbuf_16)
                                                         clknet_2_0__leaf_clk (net)
                      0.046034    0.000782    0.261922 ^ _240_/CLK (sky130_fd_sc_hd__dfxtp_2)
     2    0.005606    0.041841    0.315788    0.577710 ^ _240_/Q (sky130_fd_sc_hd__dfxtp_2)
                                                         tx_shift[5] (net)
                      0.041841    0.000113    0.577823 ^ _152_/A1 (sky130_fd_sc_hd__mux2_1)
     1    0.002631    0.040011    0.114735    0.692559 ^ _152_/X (sky130_fd_sc_hd__mux2_1)
                                                         _076_ (net)
                      0.040011    0.000085    0.692644 ^ _153_/B (sky130_fd_sc_hd__or2_2)
     1    0.002124    0.025969    0.088288    0.780931 ^ _153_/X (sky130_fd_sc_hd__or2_2)
                                                         _026_ (net)
                      0.025969    0.000043    0.780975 ^ _240_/D (sky130_fd_sc_hd__dfxtp_2)
                                              0.780975   data arrival time

                                  0.000000    0.000000   clock clk (rise edge)
                                  0.000000    0.000000   clock source latency
     1    0.012723    0.000000    0.000000    0.000000 ^ clk (in)
                                                         clk (net)
                      0.000922    0.000461    0.000461 ^ clkbuf_0_clk/A (sky130_fd_sc_hd__clkbuf_16)
     4    0.038347    0.058201    0.124909    0.125370 ^ clkbuf_0_clk/X (sky130_fd_sc_hd__clkbuf_16)
                                                         clknet_0_clk (net)
                      0.058236    0.001230    0.126600 ^ clkbuf_2_0__f_clk/A (sky130_fd_sc_hd__clkbuf_16)
     8    0.024693    0.046018    0.134540    0.261140 ^ clkbuf_2_0__f_clk/X (sky130_fd_sc_hd__clkbuf_16)
                                                         clknet_2_0__leaf_clk (net)
                      0.046034    0.000782    0.261922 ^ _240_/CLK (sky130_fd_sc_hd__dfxtp_2)
                                  0.000000    0.261922   clock reconvergence pessimism
                                 -0.027112    0.234809   library hold time
                                              0.234809   data required time
---------------------------------------------------------------------------------------------
                                              0.234809   data required time
                                             -0.780975   data arrival time
---------------------------------------------------------------------------------------------
                                              0.546165   slack (MET)


Startpoint: _238_ (rising edge-triggered flip-flop clocked by clk)
Endpoint: _238_ (rising edge-triggered flip-flop clocked by clk)
Path Group: clk
Path Type: min

Fanout         Cap        Slew       Delay        Time   Description
---------------------------------------------------------------------------------------------
                                  0.000000    0.000000   clock clk (rise edge)
                                  0.000000    0.000000   clock source latency
     1    0.012723    0.000000    0.000000    0.000000 ^ clk (in)
                                                         clk (net)
                      0.000922    0.000461    0.000461 ^ clkbuf_0_clk/A (sky130_fd_sc_hd__clkbuf_16)
     4    0.038347    0.058201    0.124909    0.125370 ^ clkbuf_0_clk/X (sky130_fd_sc_hd__clkbuf_16)
                                                         clknet_0_clk (net)
                      0.058235    0.001216    0.126586 ^ clkbuf_2_1__f_clk/A (sky130_fd_sc_hd__clkbuf_16)
     9    0.024993    0.046294    0.134817    0.261403 ^ clkbuf_2_1__f_clk/X (sky130_fd_sc_hd__clkbuf_16)
                                                         clknet_2_1__leaf_clk (net)
                      0.046300    0.000521    0.261923 ^ _238_/CLK (sky130_fd_sc_hd__dfxtp_2)
     2    0.005770    0.042542    0.316470    0.578393 ^ _238_/Q (sky130_fd_sc_hd__dfxtp_2)
                                                         tx_shift[3] (net)
                      0.042542    0.000182    0.578575 ^ _146_/A1 (sky130_fd_sc_hd__mux2_1)
     1    0.002243    0.037168    0.111895    0.690470 ^ _146_/X (sky130_fd_sc_hd__mux2_1)
                                                         _072_ (net)
                      0.037168    0.000050    0.690520 ^ _147_/B (sky130_fd_sc_hd__or2_2)
     1    0.003374    0.031280    0.092781    0.783300 ^ _147_/X (sky130_fd_sc_hd__or2_2)
                                                         _024_ (net)
                      0.031280    0.000115    0.783415 ^ _238_/D (sky130_fd_sc_hd__dfxtp_2)
                                              0.783415   data arrival time

                                  0.000000    0.000000   clock clk (rise edge)
                                  0.000000    0.000000   clock source latency
     1    0.012723    0.000000    0.000000    0.000000 ^ clk (in)
                                                         clk (net)
                      0.000922    0.000461    0.000461 ^ clkbuf_0_clk/A (sky130_fd_sc_hd__clkbuf_16)
     4    0.038347    0.058201    0.124909    0.125370 ^ clkbuf_0_clk/X (sky130_fd_sc_hd__clkbuf_16)
                                                         clknet_0_clk (net)
                      0.058235    0.001216    0.126586 ^ clkbuf_2_1__f_clk/A (sky130_fd_sc_hd__clkbuf_16)
     9    0.024993    0.046294    0.134817    0.261403 ^ clkbuf_2_1__f_clk/X (sky130_fd_sc_hd__clkbuf_16)
                                                         clknet_2_1__leaf_clk (net)
                      0.046300    0.000521    0.261923 ^ _238_/CLK (sky130_fd_sc_hd__dfxtp_2)
                                  0.000000    0.261923   clock reconvergence pessimism
                                 -0.028177    0.233746   library hold time
                                              0.233746   data required time
---------------------------------------------------------------------------------------------
                                              0.233746   data required time
                                             -0.783415   data arrival time
---------------------------------------------------------------------------------------------
                                              0.549669   slack (MET)


Startpoint: _241_ (rising edge-triggered flip-flop clocked by clk)
Endpoint: _241_ (rising edge-triggered flip-flop clocked by clk)
Path Group: clk
Path Type: min

Fanout         Cap        Slew       Delay        Time   Description
---------------------------------------------------------------------------------------------
                                  0.000000    0.000000   clock clk (rise edge)
                                  0.000000    0.000000   clock source latency
     1    0.012723    0.000000    0.000000    0.000000 ^ clk (in)
                                                         clk (net)
                      0.000922    0.000461    0.000461 ^ clkbuf_0_clk/A (sky130_fd_sc_hd__clkbuf_16)
     4    0.038347    0.058201    0.124909    0.125370 ^ clkbuf_0_clk/X (sky130_fd_sc_hd__clkbuf_16)
                                                         clknet_0_clk (net)
                      0.058236    0.001230    0.126600 ^ clkbuf_2_0__f_clk/A (sky130_fd_sc_hd__clkbuf_16)
     8    0.024693    0.046018    0.134540    0.261140 ^ clkbuf_2_0__f_clk/X (sky130_fd_sc_hd__clkbuf_16)
                                                         clknet_2_0__leaf_clk (net)
                      0.046024    0.000557    0.261696 ^ _241_/CLK (sky130_fd_sc_hd__dfxtp_2)
     2    0.005929    0.043228    0.316950    0.578646 ^ _241_/Q (sky130_fd_sc_hd__dfxtp_2)
                                                         tx_shift[6] (net)
                      0.043228    0.000216    0.578862 ^ _155_/A1 (sky130_fd_sc_hd__mux2_1)
     1    0.002715    0.040646    0.115880    0.694743 ^ _155_/X (sky130_fd_sc_hd__mux2_1)
                                                         _078_ (net)
                      0.040646    0.000087    0.694830 ^ _156_/B (sky130_fd_sc_hd__or2_2)
     1    0.002493    0.027520    0.090183    0.785013 ^ _156_/X (sky130_fd_sc_hd__or2_2)
                                                         _027_ (net)
                      0.027520    0.000056    0.785068 ^ _241_/D (sky130_fd_sc_hd__dfxtp_2)
                                              0.785068   data arrival time

                                  0.000000    0.000000   clock clk (rise edge)
                                  0.000000    0.000000   clock source latency
     1    0.012723    0.000000    0.000000    0.000000 ^ clk (in)
                                                         clk (net)
                      0.000922    0.000461    0.000461 ^ clkbuf_0_clk/A (sky130_fd_sc_hd__clkbuf_16)
     4    0.038347    0.058201    0.124909    0.125370 ^ clkbuf_0_clk/X (sky130_fd_sc_hd__clkbuf_16)
                                                         clknet_0_clk (net)
                      0.058236    0.001230    0.126600 ^ clkbuf_2_0__f_clk/A (sky130_fd_sc_hd__clkbuf_16)
     8    0.024693    0.046018    0.134540    0.261140 ^ clkbuf_2_0__f_clk/X (sky130_fd_sc_hd__clkbuf_16)
                                                         clknet_2_0__leaf_clk (net)
                      0.046024    0.000557    0.261696 ^ _241_/CLK (sky130_fd_sc_hd__dfxtp_2)
                                  0.000000    0.261696   clock reconvergence pessimism
                                 -0.027435    0.234262   library hold time
                                              0.234262   data required time
---------------------------------------------------------------------------------------------
                                              0.234262   data required time
                                             -0.785068   data arrival time
---------------------------------------------------------------------------------------------
                                              0.550807   slack (MET)


Startpoint: _231_ (rising edge-triggered flip-flop clocked by clk)
Endpoint: _231_ (rising edge-triggered flip-flop clocked by clk)
Path Group: clk
Path Type: min

Fanout         Cap        Slew       Delay        Time   Description
---------------------------------------------------------------------------------------------
                                  0.000000    0.000000   clock clk (rise edge)
                                  0.000000    0.000000   clock source latency
     1    0.012723    0.000000    0.000000    0.000000 ^ clk (in)
                                                         clk (net)
                      0.000922    0.000461    0.000461 ^ clkbuf_0_clk/A (sky130_fd_sc_hd__clkbuf_16)
     4    0.038347    0.058201    0.124909    0.125370 ^ clkbuf_0_clk/X (sky130_fd_sc_hd__clkbuf_16)
                                                         clknet_0_clk (net)
                      0.058235    0.001216    0.126586 ^ clkbuf_2_1__f_clk/A (sky130_fd_sc_hd__clkbuf_16)
     9    0.024993    0.046294    0.134817    0.261403 ^ clkbuf_2_1__f_clk/X (sky130_fd_sc_hd__clkbuf_16)
                                                         clknet_2_1__leaf_clk (net)
                      0.046309    0.000754    0.262157 ^ _231_/CLK (sky130_fd_sc_hd__dfxtp_2)
     3    0.009626    0.037952    0.321194    0.583351 v _231_/Q (sky130_fd_sc_hd__dfxtp_2)
                                                         baud_counter[15] (net)
                      0.037952    0.000216    0.583567 v _124_/A (sky130_fd_sc_hd__nand4_2)
     1    0.003951    0.043451    0.057282    0.640849 ^ _124_/Y (sky130_fd_sc_hd__nand4_2)
                                                         _057_ (net)
                      0.043451    0.000108    0.640957 ^ _125_/A2 (sky130_fd_sc_hd__o211a_2)
     1    0.002053    0.036986    0.149905    0.790862 ^ _125_/X (sky130_fd_sc_hd__o211a_2)
                                                         _017_ (net)
                      0.036986    0.000041    0.790904 ^ _231_/D (sky130_fd_sc_hd__dfxtp_2)
                                              0.790904   data arrival time

                                  0.000000    0.000000   clock clk (rise edge)
                                  0.000000    0.000000   clock source latency
     1    0.012723    0.000000    0.000000    0.000000 ^ clk (in)
                                                         clk (net)
                      0.000922    0.000461    0.000461 ^ clkbuf_0_clk/A (sky130_fd_sc_hd__clkbuf_16)
     4    0.038347    0.058201    0.124909    0.125370 ^ clkbuf_0_clk/X (sky130_fd_sc_hd__clkbuf_16)
                                                         clknet_0_clk (net)
                      0.058235    0.001216    0.126586 ^ clkbuf_2_1__f_clk/A (sky130_fd_sc_hd__clkbuf_16)
     9    0.024993    0.046294    0.134817    0.261403 ^ clkbuf_2_1__f_clk/X (sky130_fd_sc_hd__clkbuf_16)
                                                         clknet_2_1__leaf_clk (net)
                      0.046309    0.000754    0.262157 ^ _231_/CLK (sky130_fd_sc_hd__dfxtp_2)
                                  0.000000    0.262157   clock reconvergence pessimism
                                 -0.029358    0.232799   library hold time
                                              0.232799   data required time
---------------------------------------------------------------------------------------------
                                              0.232799   data required time
                                             -0.790904   data arrival time
---------------------------------------------------------------------------------------------
                                              0.558104   slack (MET)


Startpoint: _237_ (rising edge-triggered flip-flop clocked by clk)
Endpoint: _237_ (rising edge-triggered flip-flop clocked by clk)
Path Group: clk
Path Type: min

Fanout         Cap        Slew       Delay        Time   Description
---------------------------------------------------------------------------------------------
                                  0.000000    0.000000   clock clk (rise edge)
                                  0.000000    0.000000   clock source latency
     1    0.012723    0.000000    0.000000    0.000000 ^ clk (in)
                                                         clk (net)
                      0.000922    0.000461    0.000461 ^ clkbuf_0_clk/A (sky130_fd_sc_hd__clkbuf_16)
     4    0.038347    0.058201    0.124909    0.125370 ^ clkbuf_0_clk/X (sky130_fd_sc_hd__clkbuf_16)
                                                         clknet_0_clk (net)
                      0.058236    0.001230    0.126600 ^ clkbuf_2_0__f_clk/A (sky130_fd_sc_hd__clkbuf_16)
     8    0.024693    0.046018    0.134540    0.261140 ^ clkbuf_2_0__f_clk/X (sky130_fd_sc_hd__clkbuf_16)
                                                         clknet_2_0__leaf_clk (net)
                      0.046032    0.000749    0.261888 ^ _237_/CLK (sky130_fd_sc_hd__dfxtp_2)
     2    0.005921    0.043199    0.316950    0.578838 ^ _237_/Q (sky130_fd_sc_hd__dfxtp_2)
                                                         tx_shift[2] (net)
                      0.043199    0.000134    0.578972 ^ _143_/A1 (sky130_fd_sc_hd__mux2_1)
     1    0.003536    0.046902    0.122364    0.701336 ^ _143_/X (sky130_fd_sc_hd__mux2_1)
                                                         _070_ (net)
                      0.046902    0.000129    0.701465 ^ _144_/B (sky130_fd_sc_hd__or2_2)
     1    0.002773    0.028717    0.093848    0.795313 ^ _144_/X (sky130_fd_sc_hd__or2_2)
                                                         _023_ (net)
                      0.028717    0.000065    0.795378 ^ _237_/D (sky130_fd_sc_hd__dfxtp_2)
                                              0.795378   data arrival time

                                  0.000000    0.000000   clock clk (rise edge)
                                  0.000000    0.000000   clock source latency
     1    0.012723    0.000000    0.000000    0.000000 ^ clk (in)
                                                         clk (net)
                      0.000922    0.000461    0.000461 ^ clkbuf_0_clk/A (sky130_fd_sc_hd__clkbuf_16)
     4    0.038347    0.058201    0.124909    0.125370 ^ clkbuf_0_clk/X (sky130_fd_sc_hd__clkbuf_16)
                                                         clknet_0_clk (net)
                      0.058236    0.001230    0.126600 ^ clkbuf_2_0__f_clk/A (sky130_fd_sc_hd__clkbuf_16)
     8    0.024693    0.046018    0.134540    0.261140 ^ clkbuf_2_0__f_clk/X (sky130_fd_sc_hd__clkbuf_16)
                                                         clknet_2_0__leaf_clk (net)
                      0.046032    0.000749    0.261888 ^ _237_/CLK (sky130_fd_sc_hd__dfxtp_2)
                                  0.000000    0.261888   clock reconvergence pessimism
                                 -0.027682    0.234207   library hold time
                                              0.234207   data required time
---------------------------------------------------------------------------------------------
                                              0.234207   data required time
                                             -0.795378   data arrival time
---------------------------------------------------------------------------------------------
                                              0.561171   slack (MET)


Startpoint: _232_ (rising edge-triggered flip-flop clocked by clk)
Endpoint: _232_ (rising edge-triggered flip-flop clocked by clk)
Path Group: clk
Path Type: min

Fanout         Cap        Slew       Delay        Time   Description
---------------------------------------------------------------------------------------------
                                  0.000000    0.000000   clock clk (rise edge)
                                  0.000000    0.000000   clock source latency
     1    0.012723    0.000000    0.000000    0.000000 ^ clk (in)
                                                         clk (net)
                      0.000922    0.000461    0.000461 ^ clkbuf_0_clk/A (sky130_fd_sc_hd__clkbuf_16)
     4    0.038347    0.058201    0.124909    0.125370 ^ clkbuf_0_clk/X (sky130_fd_sc_hd__clkbuf_16)
                                                         clknet_0_clk (net)
                      0.058235    0.001216    0.126586 ^ clkbuf_2_1__f_clk/A (sky130_fd_sc_hd__clkbuf_16)
     9    0.024993    0.046294    0.134817    0.261403 ^ clkbuf_2_1__f_clk/X (sky130_fd_sc_hd__clkbuf_16)
                                                         clknet_2_1__leaf_clk (net)
                      0.046299    0.000499    0.261902 ^ _232_/CLK (sky130_fd_sc_hd__dfxtp_2)
     5    0.023234    0.123888    0.378431    0.640333 ^ _232_/Q (sky130_fd_sc_hd__dfxtp_2)
                                                         bit_index[0] (net)
                      0.123890    0.000676    0.641008 ^ _126_/A (sky130_fd_sc_hd__xnor2_2)
     1    0.004918    0.040486    0.084885    0.725893 v _126_/Y (sky130_fd_sc_hd__xnor2_2)
                                                         _058_ (net)
                      0.040487    0.000122    0.726015 v _127_/B (sky130_fd_sc_hd__nor2_2)
     1    0.002891    0.061218    0.068209    0.794224 ^ _127_/Y (sky130_fd_sc_hd__nor2_2)
                                                         _018_ (net)
                      0.061218    0.000091    0.794314 ^ _232_/D (sky130_fd_sc_hd__dfxtp_2)
                                              0.794314   data arrival time

                                  0.000000    0.000000   clock clk (rise edge)
                                  0.000000    0.000000   clock source latency
     1    0.012723    0.000000    0.000000    0.000000 ^ clk (in)
                                                         clk (net)
                      0.000922    0.000461    0.000461 ^ clkbuf_0_clk/A (sky130_fd_sc_hd__clkbuf_16)
     4    0.038347    0.058201    0.124909    0.125370 ^ clkbuf_0_clk/X (sky130_fd_sc_hd__clkbuf_16)
                                                         clknet_0_clk (net)
                      0.058235    0.001216    0.126586 ^ clkbuf_2_1__f_clk/A (sky130_fd_sc_hd__clkbuf_16)
     9    0.024993    0.046294    0.134817    0.261403 ^ clkbuf_2_1__f_clk/X (sky130_fd_sc_hd__clkbuf_16)
                                                         clknet_2_1__leaf_clk (net)
                      0.046299    0.000499    0.261902 ^ _232_/CLK (sky130_fd_sc_hd__dfxtp_2)
                                  0.000000    0.261902   clock reconvergence pessimism
                                 -0.034377    0.227525   library hold time
                                              0.227525   data required time
---------------------------------------------------------------------------------------------
                                              0.227525   data required time
                                             -0.794314   data arrival time
---------------------------------------------------------------------------------------------
                                              0.566790   slack (MET)


Startpoint: _224_ (rising edge-triggered flip-flop clocked by clk)
Endpoint: _224_ (rising edge-triggered flip-flop clocked by clk)
Path Group: clk
Path Type: min

Fanout         Cap        Slew       Delay        Time   Description
---------------------------------------------------------------------------------------------
                                  0.000000    0.000000   clock clk (rise edge)
                                  0.000000    0.000000   clock source latency
     1    0.012723    0.000000    0.000000    0.000000 ^ clk (in)
                                                         clk (net)
                      0.000922    0.000461    0.000461 ^ clkbuf_0_clk/A (sky130_fd_sc_hd__clkbuf_16)
     4    0.038347    0.058201    0.124909    0.125370 ^ clkbuf_0_clk/X (sky130_fd_sc_hd__clkbuf_16)
                                                         clknet_0_clk (net)
                      0.058232    0.001165    0.126535 ^ clkbuf_2_3__f_clk/A (sky130_fd_sc_hd__clkbuf_16)
     8    0.024981    0.046269    0.134899    0.261435 ^ clkbuf_2_3__f_clk/X (sky130_fd_sc_hd__clkbuf_16)
                                                         clknet_2_3__leaf_clk (net)
                      0.046275    0.000501    0.261936 ^ _224_/CLK (sky130_fd_sc_hd__dfxtp_2)
     4    0.016873    0.052147    0.336576    0.598512 v _224_/Q (sky130_fd_sc_hd__dfxtp_2)
                                                         baud_counter[8] (net)
                      0.052147    0.000392    0.598904 v _167_/A (sky130_fd_sc_hd__inv_2)
     2    0.008949    0.047469    0.063132    0.662036 ^ _167_/Y (sky130_fd_sc_hd__inv_2)
                                                         _086_ (net)
                      0.047470    0.000279    0.662315 ^ _211_/A (sky130_fd_sc_hd__nand2_2)
     1    0.003216    0.025863    0.038982    0.701297 v _211_/Y (sky130_fd_sc_hd__nand2_2)
                                                         _044_ (net)
                      0.025864    0.000105    0.701402 v _212_/B1 (sky130_fd_sc_hd__o211a_2)
     1    0.002530    0.023181    0.117526    0.818928 v _212_/X (sky130_fd_sc_hd__o211a_2)
                                                         _010_ (net)
                      0.023181    0.000077    0.819005 v _224_/D (sky130_fd_sc_hd__dfxtp_2)
                                              0.819005   data arrival time

                                  0.000000    0.000000   clock clk (rise edge)
                                  0.000000    0.000000   clock source latency
     1    0.012723    0.000000    0.000000    0.000000 ^ clk (in)
                                                         clk (net)
                      0.000922    0.000461    0.000461 ^ clkbuf_0_clk/A (sky130_fd_sc_hd__clkbuf_16)
     4    0.038347    0.058201    0.124909    0.125370 ^ clkbuf_0_clk/X (sky130_fd_sc_hd__clkbuf_16)
                                                         clknet_0_clk (net)
                      0.058232    0.001165    0.126535 ^ clkbuf_2_3__f_clk/A (sky130_fd_sc_hd__clkbuf_16)
     8    0.024981    0.046269    0.134899    0.261435 ^ clkbuf_2_3__f_clk/X (sky130_fd_sc_hd__clkbuf_16)
                                                         clknet_2_3__leaf_clk (net)
                      0.046275    0.000501    0.261936 ^ _224_/CLK (sky130_fd_sc_hd__dfxtp_2)
                                  0.000000    0.261936   clock reconvergence pessimism
                                 -0.036821    0.225115   library hold time
                                              0.225115   data required time
---------------------------------------------------------------------------------------------
                                              0.225115   data required time
                                             -0.819005   data arrival time
---------------------------------------------------------------------------------------------
                                              0.593890   slack (MET)


Startpoint: _220_ (rising edge-triggered flip-flop clocked by clk)
Endpoint: _220_ (rising edge-triggered flip-flop clocked by clk)
Path Group: clk
Path Type: min

Fanout         Cap        Slew       Delay        Time   Description
---------------------------------------------------------------------------------------------
                                  0.000000    0.000000   clock clk (rise edge)
                                  0.000000    0.000000   clock source latency
     1    0.012723    0.000000    0.000000    0.000000 ^ clk (in)
                                                         clk (net)
                      0.000922    0.000461    0.000461 ^ clkbuf_0_clk/A (sky130_fd_sc_hd__clkbuf_16)
     4    0.038347    0.058201    0.124909    0.125370 ^ clkbuf_0_clk/X (sky130_fd_sc_hd__clkbuf_16)
                                                         clknet_0_clk (net)
                      0.058232    0.001165    0.126535 ^ clkbuf_2_3__f_clk/A (sky130_fd_sc_hd__clkbuf_16)
     8    0.024981    0.046269    0.134899    0.261435 ^ clkbuf_2_3__f_clk/X (sky130_fd_sc_hd__clkbuf_16)
                                                         clknet_2_3__leaf_clk (net)
                      0.046275    0.000504    0.261939 ^ _220_/CLK (sky130_fd_sc_hd__dfxtp_2)
     4    0.010011    0.061573    0.332290    0.594229 ^ _220_/Q (sky130_fd_sc_hd__dfxtp_2)
                                                         baud_counter[4] (net)
                      0.061573    0.000221    0.594450 ^ _201_/B1 (sky130_fd_sc_hd__a21o_2)
     1    0.002715    0.025797    0.084297    0.678747 ^ _201_/X (sky130_fd_sc_hd__a21o_2)
                                                         _038_ (net)
                      0.025798    0.000087    0.678834 ^ _202_/B (sky130_fd_sc_hd__and3b_2)
     1    0.001933    0.038178    0.151592    0.830426 ^ _202_/X (sky130_fd_sc_hd__and3b_2)
                                                         _006_ (net)
                      0.038178    0.000039    0.830464 ^ _220_/D (sky130_fd_sc_hd__dfxtp_2)
                                              0.830464   data arrival time

                                  0.000000    0.000000   clock clk (rise edge)
                                  0.000000    0.000000   clock source latency
     1    0.012723    0.000000    0.000000    0.000000 ^ clk (in)
                                                         clk (net)
                      0.000922    0.000461    0.000461 ^ clkbuf_0_clk/A (sky130_fd_sc_hd__clkbuf_16)
     4    0.038347    0.058201    0.124909    0.125370 ^ clkbuf_0_clk/X (sky130_fd_sc_hd__clkbuf_16)
                                                         clknet_0_clk (net)
                      0.058232    0.001165    0.126535 ^ clkbuf_2_3__f_clk/A (sky130_fd_sc_hd__clkbuf_16)
     8    0.024981    0.046269    0.134899    0.261435 ^ clkbuf_2_3__f_clk/X (sky130_fd_sc_hd__clkbuf_16)
                                                         clknet_2_3__leaf_clk (net)
                      0.046275    0.000504    0.261939 ^ _220_/CLK (sky130_fd_sc_hd__dfxtp_2)
                                  0.000000    0.261939   clock reconvergence pessimism
                                 -0.029609    0.232330   library hold time
                                              0.232330   data required time
---------------------------------------------------------------------------------------------
                                              0.232330   data required time
                                             -0.830464   data arrival time
---------------------------------------------------------------------------------------------
                                              0.598135   slack (MET)


Startpoint: _230_ (rising edge-triggered flip-flop clocked by clk)
Endpoint: _230_ (rising edge-triggered flip-flop clocked by clk)
Path Group: clk
Path Type: min

Fanout         Cap        Slew       Delay        Time   Description
---------------------------------------------------------------------------------------------
                                  0.000000    0.000000   clock clk (rise edge)
                                  0.000000    0.000000   clock source latency
     1    0.012723    0.000000    0.000000    0.000000 ^ clk (in)
                                                         clk (net)
                      0.000922    0.000461    0.000461 ^ clkbuf_0_clk/A (sky130_fd_sc_hd__clkbuf_16)
     4    0.038347    0.058201    0.124909    0.125370 ^ clkbuf_0_clk/X (sky130_fd_sc_hd__clkbuf_16)
                                                         clknet_0_clk (net)
                      0.058235    0.001216    0.126586 ^ clkbuf_2_1__f_clk/A (sky130_fd_sc_hd__clkbuf_16)
     9    0.024993    0.046294    0.134817    0.261403 ^ clkbuf_2_1__f_clk/X (sky130_fd_sc_hd__clkbuf_16)
                                                         clknet_2_1__leaf_clk (net)
                      0.046309    0.000762    0.262165 ^ _230_/CLK (sky130_fd_sc_hd__dfxtp_2)
     5    0.017883    0.054262    0.338449    0.600614 v _230_/Q (sky130_fd_sc_hd__dfxtp_2)
                                                         baud_counter[14] (net)
                      0.054330    0.000575    0.601189 v _121_/A (sky130_fd_sc_hd__nand4_2)
     1    0.002742    0.038243    0.059830    0.661020 ^ _121_/Y (sky130_fd_sc_hd__nand4_2)
                                                         _055_ (net)
                      0.038243    0.000067    0.661087 ^ _122_/C (sky130_fd_sc_hd__and3_2)
     1    0.003502    0.045230    0.168097    0.829184 ^ _122_/X (sky130_fd_sc_hd__and3_2)
                                                         _016_ (net)
                      0.045230    0.000118    0.829302 ^ _230_/D (sky130_fd_sc_hd__dfxtp_2)
                                              0.829302   data arrival time

                                  0.000000    0.000000   clock clk (rise edge)
                                  0.000000    0.000000   clock source latency
     1    0.012723    0.000000    0.000000    0.000000 ^ clk (in)
                                                         clk (net)
                      0.000922    0.000461    0.000461 ^ clkbuf_0_clk/A (sky130_fd_sc_hd__clkbuf_16)
     4    0.038347    0.058201    0.124909    0.125370 ^ clkbuf_0_clk/X (sky130_fd_sc_hd__clkbuf_16)
                                                         clknet_0_clk (net)
                      0.058235    0.001216    0.126586 ^ clkbuf_2_1__f_clk/A (sky130_fd_sc_hd__clkbuf_16)
     9    0.024993    0.046294    0.134817    0.261403 ^ clkbuf_2_1__f_clk/X (sky130_fd_sc_hd__clkbuf_16)
                                                         clknet_2_1__leaf_clk (net)
                      0.046309    0.000762    0.262165 ^ _230_/CLK (sky130_fd_sc_hd__dfxtp_2)
                                  0.000000    0.262165   clock reconvergence pessimism
                                 -0.031065    0.231100   library hold time
                                              0.231100   data required time
---------------------------------------------------------------------------------------------
                                              0.231100   data required time
                                             -0.829302   data arrival time
---------------------------------------------------------------------------------------------
                                              0.598202   slack (MET)


Startpoint: _227_ (rising edge-triggered flip-flop clocked by clk)
Endpoint: _227_ (rising edge-triggered flip-flop clocked by clk)
Path Group: clk
Path Type: min

Fanout         Cap        Slew       Delay        Time   Description
---------------------------------------------------------------------------------------------
                                  0.000000    0.000000   clock clk (rise edge)
                                  0.000000    0.000000   clock source latency
     1    0.012723    0.000000    0.000000    0.000000 ^ clk (in)
                                                         clk (net)
                      0.000922    0.000461    0.000461 ^ clkbuf_0_clk/A (sky130_fd_sc_hd__clkbuf_16)
     4    0.038347    0.058201    0.124909    0.125370 ^ clkbuf_0_clk/X (sky130_fd_sc_hd__clkbuf_16)
                                                         clknet_0_clk (net)
                      0.058235    0.001216    0.126586 ^ clkbuf_2_1__f_clk/A (sky130_fd_sc_hd__clkbuf_16)
     9    0.024993    0.046294    0.134817    0.261403 ^ clkbuf_2_1__f_clk/X (sky130_fd_sc_hd__clkbuf_16)
                                                         clknet_2_1__leaf_clk (net)
                      0.046307    0.000706    0.262109 ^ _227_/CLK (sky130_fd_sc_hd__dfxtp_2)
    10    0.033056    0.171167    0.412333    0.674442 ^ _227_/Q (sky130_fd_sc_hd__dfxtp_2)
                                                         baud_counter[11] (net)
                      0.171167    0.000465    0.674906 ^ _113_/A1 (sky130_fd_sc_hd__o21ba_2)
     1    0.003009    0.034817    0.162088    0.836994 ^ _113_/X (sky130_fd_sc_hd__o21ba_2)
                                                         _013_ (net)
                      0.034817    0.000077    0.837071 ^ _227_/D (sky130_fd_sc_hd__dfxtp_2)
                                              0.837071   data arrival time

                                  0.000000    0.000000   clock clk (rise edge)
                                  0.000000    0.000000   clock source latency
     1    0.012723    0.000000    0.000000    0.000000 ^ clk (in)
                                                         clk (net)
                      0.000922    0.000461    0.000461 ^ clkbuf_0_clk/A (sky130_fd_sc_hd__clkbuf_16)
     4    0.038347    0.058201    0.124909    0.125370 ^ clkbuf_0_clk/X (sky130_fd_sc_hd__clkbuf_16)
                                                         clknet_0_clk (net)
                      0.058235    0.001216    0.126586 ^ clkbuf_2_1__f_clk/A (sky130_fd_sc_hd__clkbuf_16)
     9    0.024993    0.046294    0.134817    0.261403 ^ clkbuf_2_1__f_clk/X (sky130_fd_sc_hd__clkbuf_16)
                                                         clknet_2_1__leaf_clk (net)
                      0.046307    0.000706    0.262109 ^ _227_/CLK (sky130_fd_sc_hd__dfxtp_2)
                                  0.000000    0.262109   clock reconvergence pessimism
                                 -0.028909    0.233200   library hold time
                                              0.233200   data required time
---------------------------------------------------------------------------------------------
                                              0.233200   data required time
                                             -0.837071   data arrival time
---------------------------------------------------------------------------------------------
                                              0.603871   slack (MET)


Startpoint: _228_ (rising edge-triggered flip-flop clocked by clk)
Endpoint: _228_ (rising edge-triggered flip-flop clocked by clk)
Path Group: clk
Path Type: min

Fanout         Cap        Slew       Delay        Time   Description
---------------------------------------------------------------------------------------------
                                  0.000000    0.000000   clock clk (rise edge)
                                  0.000000    0.000000   clock source latency
     1    0.012723    0.000000    0.000000    0.000000 ^ clk (in)
                                                         clk (net)
                      0.000922    0.000461    0.000461 ^ clkbuf_0_clk/A (sky130_fd_sc_hd__clkbuf_16)
     4    0.038347    0.058201    0.124909    0.125370 ^ clkbuf_0_clk/X (sky130_fd_sc_hd__clkbuf_16)
                                                         clknet_0_clk (net)
                      0.058235    0.001216    0.126586 ^ clkbuf_2_1__f_clk/A (sky130_fd_sc_hd__clkbuf_16)
     9    0.024993    0.046294    0.134817    0.261403 ^ clkbuf_2_1__f_clk/X (sky130_fd_sc_hd__clkbuf_16)
                                                         clknet_2_1__leaf_clk (net)
                      0.046307    0.000709    0.262112 ^ _228_/CLK (sky130_fd_sc_hd__dfxtp_2)
     4    0.009688    0.060103    0.331085    0.593197 ^ _228_/Q (sky130_fd_sc_hd__dfxtp_2)
                                                         baud_counter[12] (net)
                      0.060103    0.000168    0.593366 ^ _114_/B1 (sky130_fd_sc_hd__a21o_2)
     1    0.003308    0.028179    0.086286    0.679652 ^ _114_/X (sky130_fd_sc_hd__a21o_2)
                                                         _050_ (net)
                      0.028180    0.000113    0.679766 ^ _116_/C (sky130_fd_sc_hd__and3b_2)
     1    0.002152    0.039291    0.160948    0.840714 ^ _116_/X (sky130_fd_sc_hd__and3b_2)
                                                         _014_ (net)
                      0.039291    0.000047    0.840761 ^ _228_/D (sky130_fd_sc_hd__dfxtp_2)
                                              0.840761   data arrival time

                                  0.000000    0.000000   clock clk (rise edge)
                                  0.000000    0.000000   clock source latency
     1    0.012723    0.000000    0.000000    0.000000 ^ clk (in)
                                                         clk (net)
                      0.000922    0.000461    0.000461 ^ clkbuf_0_clk/A (sky130_fd_sc_hd__clkbuf_16)
     4    0.038347    0.058201    0.124909    0.125370 ^ clkbuf_0_clk/X (sky130_fd_sc_hd__clkbuf_16)
                                                         clknet_0_clk (net)
                      0.058235    0.001216    0.126586 ^ clkbuf_2_1__f_clk/A (sky130_fd_sc_hd__clkbuf_16)
     9    0.024993    0.046294    0.134817    0.261403 ^ clkbuf_2_1__f_clk/X (sky130_fd_sc_hd__clkbuf_16)
                                                         clknet_2_1__leaf_clk (net)
                      0.046307    0.000709    0.262112 ^ _228_/CLK (sky130_fd_sc_hd__dfxtp_2)
                                  0.000000    0.262112   clock reconvergence pessimism
                                 -0.029835    0.232277   library hold time
                                              0.232277   data required time
---------------------------------------------------------------------------------------------
                                              0.232277   data required time
                                             -0.840761   data arrival time
---------------------------------------------------------------------------------------------
                                              0.608483   slack (MET)


Startpoint: _225_ (rising edge-triggered flip-flop clocked by clk)
Endpoint: _225_ (rising edge-triggered flip-flop clocked by clk)
Path Group: clk
Path Type: min

Fanout         Cap        Slew       Delay        Time   Description
---------------------------------------------------------------------------------------------
                                  0.000000    0.000000   clock clk (rise edge)
                                  0.000000    0.000000   clock source latency
     1    0.012723    0.000000    0.000000    0.000000 ^ clk (in)
                                                         clk (net)
                      0.000922    0.000461    0.000461 ^ clkbuf_0_clk/A (sky130_fd_sc_hd__clkbuf_16)
     4    0.038347    0.058201    0.124909    0.125370 ^ clkbuf_0_clk/X (sky130_fd_sc_hd__clkbuf_16)
                                                         clknet_0_clk (net)
                      0.058232    0.001165    0.126535 ^ clkbuf_2_3__f_clk/A (sky130_fd_sc_hd__clkbuf_16)
     8    0.024981    0.046269    0.134899    0.261435 ^ clkbuf_2_3__f_clk/X (sky130_fd_sc_hd__clkbuf_16)
                                                         clknet_2_3__leaf_clk (net)
                      0.046275    0.000507    0.261942 ^ _225_/CLK (sky130_fd_sc_hd__dfxtp_2)
     4    0.010465    0.063662    0.333954    0.595895 ^ _225_/Q (sky130_fd_sc_hd__dfxtp_2)
                                                         baud_counter[9] (net)
                      0.063662    0.000290    0.596185 ^ _213_/B1 (sky130_fd_sc_hd__a21o_2)
     1    0.002590    0.025344    0.084453    0.680638 ^ _213_/X (sky130_fd_sc_hd__a21o_2)
                                                         _045_ (net)
                      0.025344    0.000078    0.680716 ^ _108_/C (sky130_fd_sc_hd__and3b_2)
     1    0.002179    0.039445    0.160371    0.841088 ^ _108_/X (sky130_fd_sc_hd__and3b_2)
                                                         _011_ (net)
                      0.039445    0.000047    0.841135 ^ _225_/D (sky130_fd_sc_hd__dfxtp_2)
                                              0.841135   data arrival time

                                  0.000000    0.000000   clock clk (rise edge)
                                  0.000000    0.000000   clock source latency
     1    0.012723    0.000000    0.000000    0.000000 ^ clk (in)
                                                         clk (net)
                      0.000922    0.000461    0.000461 ^ clkbuf_0_clk/A (sky130_fd_sc_hd__clkbuf_16)
     4    0.038347    0.058201    0.124909    0.125370 ^ clkbuf_0_clk/X (sky130_fd_sc_hd__clkbuf_16)
                                                         clknet_0_clk (net)
                      0.058232    0.001165    0.126535 ^ clkbuf_2_3__f_clk/A (sky130_fd_sc_hd__clkbuf_16)
     8    0.024981    0.046269    0.134899    0.261435 ^ clkbuf_2_3__f_clk/X (sky130_fd_sc_hd__clkbuf_16)
                                                         clknet_2_3__leaf_clk (net)
                      0.046275    0.000507    0.261942 ^ _225_/CLK (sky130_fd_sc_hd__dfxtp_2)
                                  0.000000    0.261942   clock reconvergence pessimism
                                 -0.029871    0.232071   library hold time
                                              0.232071   data required time
---------------------------------------------------------------------------------------------
                                              0.232071   data required time
                                             -0.841135   data arrival time
---------------------------------------------------------------------------------------------
                                              0.609064   slack (MET)


Startpoint: _218_ (rising edge-triggered flip-flop clocked by clk)
Endpoint: _218_ (rising edge-triggered flip-flop clocked by clk)
Path Group: clk
Path Type: min

Fanout         Cap        Slew       Delay        Time   Description
---------------------------------------------------------------------------------------------
                                  0.000000    0.000000   clock clk (rise edge)
                                  0.000000    0.000000   clock source latency
     1    0.012723    0.000000    0.000000    0.000000 ^ clk (in)
                                                         clk (net)
                      0.000922    0.000461    0.000461 ^ clkbuf_0_clk/A (sky130_fd_sc_hd__clkbuf_16)
     4    0.038347    0.058201    0.124909    0.125370 ^ clkbuf_0_clk/X (sky130_fd_sc_hd__clkbuf_16)
                                                         clknet_0_clk (net)
                      0.058231    0.001162    0.126532 ^ clkbuf_2_2__f_clk/A (sky130_fd_sc_hd__clkbuf_16)
     9    0.025471    0.046726    0.135325    0.261857 ^ clkbuf_2_2__f_clk/X (sky130_fd_sc_hd__clkbuf_16)
                                                         clknet_2_2__leaf_clk (net)
                      0.046732    0.000550    0.262407 ^ _218_/CLK (sky130_fd_sc_hd__dfxtp_2)
     3    0.007313    0.049335    0.322397    0.584804 ^ _218_/Q (sky130_fd_sc_hd__dfxtp_2)
                                                         baud_counter[2] (net)
                      0.049335    0.000159    0.584962 ^ _195_/B1 (sky130_fd_sc_hd__a31o_2)
     1    0.003194    0.033097    0.092023    0.676985 ^ _195_/X (sky130_fd_sc_hd__a31o_2)
                                                         _034_ (net)
                      0.033099    0.000104    0.677089 ^ _197_/C (sky130_fd_sc_hd__and3b_2)
     1    0.002650    0.041501    0.165337    0.842426 ^ _197_/X (sky130_fd_sc_hd__and3b_2)
                                                         _004_ (net)
                      0.041501    0.000082    0.842508 ^ _218_/D (sky130_fd_sc_hd__dfxtp_2)
                                              0.842508   data arrival time

                                  0.000000    0.000000   clock clk (rise edge)
                                  0.000000    0.000000   clock source latency
     1    0.012723    0.000000    0.000000    0.000000 ^ clk (in)
                                                         clk (net)
                      0.000922    0.000461    0.000461 ^ clkbuf_0_clk/A (sky130_fd_sc_hd__clkbuf_16)
     4    0.038347    0.058201    0.124909    0.125370 ^ clkbuf_0_clk/X (sky130_fd_sc_hd__clkbuf_16)
                                                         clknet_0_clk (net)
                      0.058231    0.001162    0.126532 ^ clkbuf_2_2__f_clk/A (sky130_fd_sc_hd__clkbuf_16)
     9    0.025471    0.046726    0.135325    0.261857 ^ clkbuf_2_2__f_clk/X (sky130_fd_sc_hd__clkbuf_16)
                                                         clknet_2_2__leaf_clk (net)
                      0.046732    0.000550    0.262407 ^ _218_/CLK (sky130_fd_sc_hd__dfxtp_2)
                                  0.000000    0.262407   clock reconvergence pessimism
                                 -0.030237    0.232170   library hold time
                                              0.232170   data required time
---------------------------------------------------------------------------------------------
                                              0.232170   data required time
                                             -0.842508   data arrival time
---------------------------------------------------------------------------------------------
                                              0.610339   slack (MET)


Startpoint: _223_ (rising edge-triggered flip-flop clocked by clk)
Endpoint: _223_ (rising edge-triggered flip-flop clocked by clk)
Path Group: clk
Path Type: min

Fanout         Cap        Slew       Delay        Time   Description
---------------------------------------------------------------------------------------------
                                  0.000000    0.000000   clock clk (rise edge)
                                  0.000000    0.000000   clock source latency
     1    0.012723    0.000000    0.000000    0.000000 ^ clk (in)
                                                         clk (net)
                      0.000922    0.000461    0.000461 ^ clkbuf_0_clk/A (sky130_fd_sc_hd__clkbuf_16)
     4    0.038347    0.058201    0.124909    0.125370 ^ clkbuf_0_clk/X (sky130_fd_sc_hd__clkbuf_16)
                                                         clknet_0_clk (net)
                      0.058232    0.001165    0.126535 ^ clkbuf_2_3__f_clk/A (sky130_fd_sc_hd__clkbuf_16)
     8    0.024981    0.046269    0.134899    0.261435 ^ clkbuf_2_3__f_clk/X (sky130_fd_sc_hd__clkbuf_16)
                                                         clknet_2_3__leaf_clk (net)
                      0.046275    0.000504    0.261939 ^ _223_/CLK (sky130_fd_sc_hd__dfxtp_2)
     5    0.017138    0.052728    0.337006    0.598945 v _223_/Q (sky130_fd_sc_hd__dfxtp_2)
                                                         baud_counter[7] (net)
                      0.052728    0.000560    0.599505 v _209_/A (sky130_fd_sc_hd__nand2_2)
     3    0.010450    0.063784    0.077761    0.677267 ^ _209_/Y (sky130_fd_sc_hd__nand2_2)
                                                         _043_ (net)
                      0.063807    0.000264    0.677531 ^ _210_/C (sky130_fd_sc_hd__and3_2)
     1    0.002182    0.039064    0.166430    0.843961 ^ _210_/X (sky130_fd_sc_hd__and3_2)
                                                         _009_ (net)
                      0.039064    0.000046    0.844007 ^ _223_/D (sky130_fd_sc_hd__dfxtp_2)
                                              0.844007   data arrival time

                                  0.000000    0.000000   clock clk (rise edge)
                                  0.000000    0.000000   clock source latency
     1    0.012723    0.000000    0.000000    0.000000 ^ clk (in)
                                                         clk (net)
                      0.000922    0.000461    0.000461 ^ clkbuf_0_clk/A (sky130_fd_sc_hd__clkbuf_16)
     4    0.038347    0.058201    0.124909    0.125370 ^ clkbuf_0_clk/X (sky130_fd_sc_hd__clkbuf_16)
                                                         clknet_0_clk (net)
                      0.058232    0.001165    0.126535 ^ clkbuf_2_3__f_clk/A (sky130_fd_sc_hd__clkbuf_16)
     8    0.024981    0.046269    0.134899    0.261435 ^ clkbuf_2_3__f_clk/X (sky130_fd_sc_hd__clkbuf_16)
                                                         clknet_2_3__leaf_clk (net)
                      0.046275    0.000504    0.261939 ^ _223_/CLK (sky130_fd_sc_hd__dfxtp_2)
                                  0.000000    0.261939   clock reconvergence pessimism
                                 -0.029792    0.232146   library hold time
                                              0.232146   data required time
---------------------------------------------------------------------------------------------
                                              0.232146   data required time
                                             -0.844007   data arrival time
---------------------------------------------------------------------------------------------
                                              0.611861   slack (MET)


Startpoint: _222_ (rising edge-triggered flip-flop clocked by clk)
Endpoint: _222_ (rising edge-triggered flip-flop clocked by clk)
Path Group: clk
Path Type: min

Fanout         Cap        Slew       Delay        Time   Description
---------------------------------------------------------------------------------------------
                                  0.000000    0.000000   clock clk (rise edge)
                                  0.000000    0.000000   clock source latency
     1    0.012723    0.000000    0.000000    0.000000 ^ clk (in)
                                                         clk (net)
                      0.000922    0.000461    0.000461 ^ clkbuf_0_clk/A (sky130_fd_sc_hd__clkbuf_16)
     4    0.038347    0.058201    0.124909    0.125370 ^ clkbuf_0_clk/X (sky130_fd_sc_hd__clkbuf_16)
                                                         clknet_0_clk (net)
                      0.058232    0.001165    0.126535 ^ clkbuf_2_3__f_clk/A (sky130_fd_sc_hd__clkbuf_16)
     8    0.024981    0.046269    0.134899    0.261435 ^ clkbuf_2_3__f_clk/X (sky130_fd_sc_hd__clkbuf_16)
                                                         clknet_2_3__leaf_clk (net)
                      0.046273    0.000439    0.261873 ^ _222_/CLK (sky130_fd_sc_hd__dfxtp_2)
     3    0.008404    0.054231    0.326260    0.588133 ^ _222_/Q (sky130_fd_sc_hd__dfxtp_2)
                                                         baud_counter[6] (net)
                      0.054231    0.000270    0.588403 ^ _205_/B1 (sky130_fd_sc_hd__a31o_2)
     1    0.002964    0.032047    0.092659    0.681062 ^ _205_/X (sky130_fd_sc_hd__a31o_2)
                                                         _040_ (net)
                      0.032047    0.000096    0.681158 ^ _207_/C (sky130_fd_sc_hd__and3b_2)
     1    0.002358    0.040215    0.163252    0.844410 ^ _207_/X (sky130_fd_sc_hd__and3b_2)
                                                         _008_ (net)
                      0.040215    0.000051    0.844461 ^ _222_/D (sky130_fd_sc_hd__dfxtp_2)
                                              0.844461   data arrival time

                                  0.000000    0.000000   clock clk (rise edge)
                                  0.000000    0.000000   clock source latency
     1    0.012723    0.000000    0.000000    0.000000 ^ clk (in)
                                                         clk (net)
                      0.000922    0.000461    0.000461 ^ clkbuf_0_clk/A (sky130_fd_sc_hd__clkbuf_16)
     4    0.038347    0.058201    0.124909    0.125370 ^ clkbuf_0_clk/X (sky130_fd_sc_hd__clkbuf_16)
                                                         clknet_0_clk (net)
                      0.058232    0.001165    0.126535 ^ clkbuf_2_3__f_clk/A (sky130_fd_sc_hd__clkbuf_16)
     8    0.024981    0.046269    0.134899    0.261435 ^ clkbuf_2_3__f_clk/X (sky130_fd_sc_hd__clkbuf_16)
                                                         clknet_2_3__leaf_clk (net)
                      0.046273    0.000439    0.261873 ^ _222_/CLK (sky130_fd_sc_hd__dfxtp_2)
                                  0.000000    0.261873   clock reconvergence pessimism
                                 -0.030031    0.231842   library hold time
                                              0.231842   data required time
---------------------------------------------------------------------------------------------
                                              0.231842   data required time
                                             -0.844461   data arrival time
---------------------------------------------------------------------------------------------
                                              0.612618   slack (MET)


Startpoint: _226_ (rising edge-triggered flip-flop clocked by clk)
Endpoint: _226_ (rising edge-triggered flip-flop clocked by clk)
Path Group: clk
Path Type: min

Fanout         Cap        Slew       Delay        Time   Description
---------------------------------------------------------------------------------------------
                                  0.000000    0.000000   clock clk (rise edge)
                                  0.000000    0.000000   clock source latency
     1    0.012723    0.000000    0.000000    0.000000 ^ clk (in)
                                                         clk (net)
                      0.000922    0.000461    0.000461 ^ clkbuf_0_clk/A (sky130_fd_sc_hd__clkbuf_16)
     4    0.038347    0.058201    0.124909    0.125370 ^ clkbuf_0_clk/X (sky130_fd_sc_hd__clkbuf_16)
                                                         clknet_0_clk (net)
                      0.058235    0.001216    0.126586 ^ clkbuf_2_1__f_clk/A (sky130_fd_sc_hd__clkbuf_16)
     9    0.024993    0.046294    0.134817    0.261403 ^ clkbuf_2_1__f_clk/X (sky130_fd_sc_hd__clkbuf_16)
                                                         clknet_2_1__leaf_clk (net)
                      0.046307    0.000710    0.262113 ^ _226_/CLK (sky130_fd_sc_hd__dfxtp_2)
     5    0.013177    0.075673    0.343875    0.605987 ^ _226_/Q (sky130_fd_sc_hd__dfxtp_2)
                                                         baud_counter[10] (net)
                      0.075673    0.000164    0.606152 ^ _109_/A (sky130_fd_sc_hd__or2_2)
     1    0.003164    0.030571    0.108407    0.714559 ^ _109_/X (sky130_fd_sc_hd__or2_2)
                                                         _047_ (net)
                      0.030571    0.000107    0.714666 ^ _111_/C (sky130_fd_sc_hd__and3b_2)
     1    0.002592    0.041181    0.164309    0.878975 ^ _111_/X (sky130_fd_sc_hd__and3b_2)
                                                         _012_ (net)
                      0.041181    0.000080    0.879055 ^ _226_/D (sky130_fd_sc_hd__dfxtp_2)
                                              0.879055   data arrival time

                                  0.000000    0.000000   clock clk (rise edge)
                                  0.000000    0.000000   clock source latency
     1    0.012723    0.000000    0.000000    0.000000 ^ clk (in)
                                                         clk (net)
                      0.000922    0.000461    0.000461 ^ clkbuf_0_clk/A (sky130_fd_sc_hd__clkbuf_16)
     4    0.038347    0.058201    0.124909    0.125370 ^ clkbuf_0_clk/X (sky130_fd_sc_hd__clkbuf_16)
                                                         clknet_0_clk (net)
                      0.058235    0.001216    0.126586 ^ clkbuf_2_1__f_clk/A (sky130_fd_sc_hd__clkbuf_16)
     9    0.024993    0.046294    0.134817    0.261403 ^ clkbuf_2_1__f_clk/X (sky130_fd_sc_hd__clkbuf_16)
                                                         clknet_2_1__leaf_clk (net)
                      0.046307    0.000710    0.262113 ^ _226_/CLK (sky130_fd_sc_hd__dfxtp_2)
                                  0.000000    0.262113   clock reconvergence pessimism
                                 -0.030226    0.231886   library hold time
                                              0.231886   data required time
---------------------------------------------------------------------------------------------
                                              0.231886   data required time
                                             -0.879055   data arrival time
---------------------------------------------------------------------------------------------
                                              0.647169   slack (MET)


Startpoint: _235_ (rising edge-triggered flip-flop clocked by clk)
Endpoint: _235_ (rising edge-triggered flip-flop clocked by clk)
Path Group: clk
Path Type: min

Fanout         Cap        Slew       Delay        Time   Description
---------------------------------------------------------------------------------------------
                                  0.000000    0.000000   clock clk (rise edge)
                                  0.000000    0.000000   clock source latency
     1    0.012723    0.000000    0.000000    0.000000 ^ clk (in)
                                                         clk (net)
                      0.000922    0.000461    0.000461 ^ clkbuf_0_clk/A (sky130_fd_sc_hd__clkbuf_16)
     4    0.038347    0.058201    0.124909    0.125370 ^ clkbuf_0_clk/X (sky130_fd_sc_hd__clkbuf_16)
                                                         clknet_0_clk (net)
                      0.058231    0.001162    0.126532 ^ clkbuf_2_2__f_clk/A (sky130_fd_sc_hd__clkbuf_16)
     9    0.025471    0.046726    0.135325    0.261857 ^ clkbuf_2_2__f_clk/X (sky130_fd_sc_hd__clkbuf_16)
                                                         clknet_2_2__leaf_clk (net)
                      0.046731    0.000525    0.262383 ^ _235_/CLK (sky130_fd_sc_hd__dfxtp_2)
     3    0.013978    0.079494    0.346781    0.609163 ^ _235_/Q (sky130_fd_sc_hd__dfxtp_2)
                                                         bit_index[3] (net)
                      0.079494    0.000294    0.609457 ^ _136_/A (sky130_fd_sc_hd__xor2_2)
     1    0.003539    0.031981    0.067992    0.677449 v _136_/X (sky130_fd_sc_hd__xor2_2)
                                                         _065_ (net)
                      0.031981    0.000101    0.677550 v _137_/C (sky130_fd_sc_hd__and3_2)
     1    0.002373    0.032563    0.193269    0.870819 v _137_/X (sky130_fd_sc_hd__and3_2)
                                                         _021_ (net)
                      0.032563    0.000051    0.870870 v _235_/D (sky130_fd_sc_hd__dfxtp_2)
                                              0.870870   data arrival time

                                  0.000000    0.000000   clock clk (rise edge)
                                  0.000000    0.000000   clock source latency
     1    0.012723    0.000000    0.000000    0.000000 ^ clk (in)
                                                         clk (net)
                      0.000922    0.000461    0.000461 ^ clkbuf_0_clk/A (sky130_fd_sc_hd__clkbuf_16)
     4    0.038347    0.058201    0.124909    0.125370 ^ clkbuf_0_clk/X (sky130_fd_sc_hd__clkbuf_16)
                                                         clknet_0_clk (net)
                      0.058231    0.001162    0.126532 ^ clkbuf_2_2__f_clk/A (sky130_fd_sc_hd__clkbuf_16)
     9    0.025471    0.046726    0.135325    0.261857 ^ clkbuf_2_2__f_clk/X (sky130_fd_sc_hd__clkbuf_16)
                                                         clknet_2_2__leaf_clk (net)
                      0.046731    0.000525    0.262383 ^ _235_/CLK (sky130_fd_sc_hd__dfxtp_2)
                                  0.000000    0.262383   clock reconvergence pessimism
                                 -0.040565    0.221817   library hold time
                                              0.221817   data required time
---------------------------------------------------------------------------------------------
                                              0.221817   data required time
                                             -0.870870   data arrival time
---------------------------------------------------------------------------------------------
                                              0.649053   slack (MET)


Startpoint: _233_ (rising edge-triggered flip-flop clocked by clk)
Endpoint: _233_ (rising edge-triggered flip-flop clocked by clk)
Path Group: clk
Path Type: min

Fanout         Cap        Slew       Delay        Time   Description
---------------------------------------------------------------------------------------------
                                  0.000000    0.000000   clock clk (rise edge)
                                  0.000000    0.000000   clock source latency
     1    0.012723    0.000000    0.000000    0.000000 ^ clk (in)
                                                         clk (net)
                      0.000922    0.000461    0.000461 ^ clkbuf_0_clk/A (sky130_fd_sc_hd__clkbuf_16)
     4    0.038347    0.058201    0.124909    0.125370 ^ clkbuf_0_clk/X (sky130_fd_sc_hd__clkbuf_16)
                                                         clknet_0_clk (net)
                      0.058235    0.001216    0.126586 ^ clkbuf_2_1__f_clk/A (sky130_fd_sc_hd__clkbuf_16)
     9    0.024993    0.046294    0.134817    0.261403 ^ clkbuf_2_1__f_clk/X (sky130_fd_sc_hd__clkbuf_16)
                                                         clknet_2_1__leaf_clk (net)
                      0.046305    0.000667    0.262070 ^ _233_/CLK (sky130_fd_sc_hd__dfxtp_2)
     5    0.015920    0.088793    0.353224    0.615294 ^ _233_/Q (sky130_fd_sc_hd__dfxtp_2)
                                                         bit_index[1] (net)
                      0.088794    0.000405    0.615699 ^ _129_/B1 (sky130_fd_sc_hd__a31o_2)
     1    0.002017    0.028452    0.099826    0.715526 ^ _129_/X (sky130_fd_sc_hd__a31o_2)
                                                         _060_ (net)
                      0.028452    0.000042    0.715568 ^ _131_/C (sky130_fd_sc_hd__and3b_2)
     1    0.003068    0.043383    0.166714    0.882282 ^ _131_/X (sky130_fd_sc_hd__and3b_2)
                                                         _019_ (net)
                      0.043383    0.000098    0.882380 ^ _233_/D (sky130_fd_sc_hd__dfxtp_2)
                                              0.882380   data arrival time

                                  0.000000    0.000000   clock clk (rise edge)
                                  0.000000    0.000000   clock source latency
     1    0.012723    0.000000    0.000000    0.000000 ^ clk (in)
                                                         clk (net)
                      0.000922    0.000461    0.000461 ^ clkbuf_0_clk/A (sky130_fd_sc_hd__clkbuf_16)
     4    0.038347    0.058201    0.124909    0.125370 ^ clkbuf_0_clk/X (sky130_fd_sc_hd__clkbuf_16)
                                                         clknet_0_clk (net)
                      0.058235    0.001216    0.126586 ^ clkbuf_2_1__f_clk/A (sky130_fd_sc_hd__clkbuf_16)
     9    0.024993    0.046294    0.134817    0.261403 ^ clkbuf_2_1__f_clk/X (sky130_fd_sc_hd__clkbuf_16)
                                                         clknet_2_1__leaf_clk (net)
                      0.046305    0.000667    0.262070 ^ _233_/CLK (sky130_fd_sc_hd__dfxtp_2)
                                  0.000000    0.262070   clock reconvergence pessimism
                                 -0.030683    0.231387   library hold time
                                              0.231387   data required time
---------------------------------------------------------------------------------------------
                                              0.231387   data required time
                                             -0.882380   data arrival time
---------------------------------------------------------------------------------------------
                                              0.650993   slack (MET)


Startpoint: _215_ (rising edge-triggered flip-flop clocked by clk)
Endpoint: _215_ (rising edge-triggered flip-flop clocked by clk)
Path Group: clk
Path Type: min

Fanout         Cap        Slew       Delay        Time   Description
---------------------------------------------------------------------------------------------
                                  0.000000    0.000000   clock clk (rise edge)
                                  0.000000    0.000000   clock source latency
     1    0.012723    0.000000    0.000000    0.000000 ^ clk (in)
                                                         clk (net)
                      0.000922    0.000461    0.000461 ^ clkbuf_0_clk/A (sky130_fd_sc_hd__clkbuf_16)
     4    0.038347    0.058201    0.124909    0.125370 ^ clkbuf_0_clk/X (sky130_fd_sc_hd__clkbuf_16)
                                                         clknet_0_clk (net)
                      0.058231    0.001162    0.126532 ^ clkbuf_2_2__f_clk/A (sky130_fd_sc_hd__clkbuf_16)
     9    0.025471    0.046726    0.135325    0.261857 ^ clkbuf_2_2__f_clk/X (sky130_fd_sc_hd__clkbuf_16)
                                                         clknet_2_2__leaf_clk (net)
                      0.046731    0.000525    0.262382 ^ _215_/CLK (sky130_fd_sc_hd__dfxtp_2)
     9    0.037125    0.190409    0.426376    0.688758 ^ _215_/Q (sky130_fd_sc_hd__dfxtp_2)
                                                         net11 (net)
                      0.190409    0.000517    0.689276 ^ _186_/A1 (sky130_fd_sc_hd__o211a_2)
     1    0.002403    0.039130    0.194845    0.884120 ^ _186_/X (sky130_fd_sc_hd__o211a_2)
                                                         _001_ (net)
                      0.039130    0.000053    0.884174 ^ _215_/D (sky130_fd_sc_hd__dfxtp_2)
                                              0.884174   data arrival time

                                  0.000000    0.000000   clock clk (rise edge)
                                  0.000000    0.000000   clock source latency
     1    0.012723    0.000000    0.000000    0.000000 ^ clk (in)
                                                         clk (net)
                      0.000922    0.000461    0.000461 ^ clkbuf_0_clk/A (sky130_fd_sc_hd__clkbuf_16)
     4    0.038347    0.058201    0.124909    0.125370 ^ clkbuf_0_clk/X (sky130_fd_sc_hd__clkbuf_16)
                                                         clknet_0_clk (net)
                      0.058231    0.001162    0.126532 ^ clkbuf_2_2__f_clk/A (sky130_fd_sc_hd__clkbuf_16)
     9    0.025471    0.046726    0.135325    0.261857 ^ clkbuf_2_2__f_clk/X (sky130_fd_sc_hd__clkbuf_16)
                                                         clknet_2_2__leaf_clk (net)
                      0.046731    0.000525    0.262382 ^ _215_/CLK (sky130_fd_sc_hd__dfxtp_2)
                                  0.000000    0.262382   clock reconvergence pessimism
                                 -0.029746    0.232636   library hold time
                                              0.232636   data required time
---------------------------------------------------------------------------------------------
                                              0.232636   data required time
                                             -0.884174   data arrival time
---------------------------------------------------------------------------------------------
                                              0.651538   slack (MET)


Startpoint: _214_ (rising edge-triggered flip-flop clocked by clk)
Endpoint: tx (output port clocked by clk)
Path Group: clk
Path Type: min

Fanout         Cap        Slew       Delay        Time   Description
---------------------------------------------------------------------------------------------
                                  0.000000    0.000000   clock clk (rise edge)
                                  0.000000    0.000000   clock source latency
     1    0.012723    0.000000    0.000000    0.000000 ^ clk (in)
                                                         clk (net)
                      0.000922    0.000461    0.000461 ^ clkbuf_0_clk/A (sky130_fd_sc_hd__clkbuf_16)
     4    0.038347    0.058201    0.124909    0.125370 ^ clkbuf_0_clk/X (sky130_fd_sc_hd__clkbuf_16)
                                                         clknet_0_clk (net)
                      0.058236    0.001230    0.126600 ^ clkbuf_2_0__f_clk/A (sky130_fd_sc_hd__clkbuf_16)
     8    0.024693    0.046018    0.134540    0.261140 ^ clkbuf_2_0__f_clk/X (sky130_fd_sc_hd__clkbuf_16)
                                                         clknet_2_0__leaf_clk (net)
                      0.046026    0.000591    0.261730 ^ _214_/CLK (sky130_fd_sc_hd__dfxtp_2)
     2    0.006742    0.031367    0.313753    0.575483 v _214_/Q (sky130_fd_sc_hd__dfxtp_2)
                                                         net12 (net)
                      0.031367    0.000155    0.575638 v output12/A (sky130_fd_sc_hd__clkdlybuf4s25_1)
     1    0.001223    0.029878    0.223495    0.799133 v output12/X (sky130_fd_sc_hd__clkdlybuf4s25_1)
                                                         tx (net)
                      0.029878    0.000020    0.799153 v tx (out)
                                              0.799153   data arrival time

                                  0.000000    0.000000   clock clk (rise edge)
                                  0.000000    0.000000   clock network delay (propagated)
                                  0.000000    0.000000   clock reconvergence pessimism
                                 -2.000000   -2.000000   output external delay
                                             -2.000000   data required time
---------------------------------------------------------------------------------------------
                                             -2.000000   data required time
                                             -0.799153   data arrival time
---------------------------------------------------------------------------------------------
                                              2.799153   slack (MET)


Startpoint: _215_ (rising edge-triggered flip-flop clocked by clk)
Endpoint: busy (output port clocked by clk)
Path Group: clk
Path Type: min

Fanout         Cap        Slew       Delay        Time   Description
---------------------------------------------------------------------------------------------
                                  0.000000    0.000000   clock clk (rise edge)
                                  0.000000    0.000000   clock source latency
     1    0.012723    0.000000    0.000000    0.000000 ^ clk (in)
                                                         clk (net)
                      0.000922    0.000461    0.000461 ^ clkbuf_0_clk/A (sky130_fd_sc_hd__clkbuf_16)
     4    0.038347    0.058201    0.124909    0.125370 ^ clkbuf_0_clk/X (sky130_fd_sc_hd__clkbuf_16)
                                                         clknet_0_clk (net)
                      0.058231    0.001162    0.126532 ^ clkbuf_2_2__f_clk/A (sky130_fd_sc_hd__clkbuf_16)
     9    0.025471    0.046726    0.135325    0.261857 ^ clkbuf_2_2__f_clk/X (sky130_fd_sc_hd__clkbuf_16)
                                                         clknet_2_2__leaf_clk (net)
                      0.046731    0.000525    0.262382 ^ _215_/CLK (sky130_fd_sc_hd__dfxtp_2)
     9    0.034777    0.090784    0.370057    0.632439 v _215_/Q (sky130_fd_sc_hd__dfxtp_2)
                                                         net11 (net)
                      0.090792    0.000835    0.633275 v output11/A (sky130_fd_sc_hd__clkdlybuf4s25_1)
     1    0.001616    0.032406    0.252327    0.885602 v output11/X (sky130_fd_sc_hd__clkdlybuf4s25_1)
                                                         busy (net)
                      0.032406    0.000029    0.885631 v busy (out)
                                              0.885631   data arrival time

                                  0.000000    0.000000   clock clk (rise edge)
                                  0.000000    0.000000   clock network delay (propagated)
                                  0.000000    0.000000   clock reconvergence pessimism
                                 -2.000000   -2.000000   output external delay
                                             -2.000000   data required time
---------------------------------------------------------------------------------------------
                                             -2.000000   data required time
                                             -0.885631   data arrival time
---------------------------------------------------------------------------------------------
                                              2.885631   slack (MET)



%OL_END_REPORT
%OL_CREATE_REPORT max.rpt

===========================================================================
report_checks -path_delay max (Setup)
============================================================================
======================= nom_tt_025C_1v80 Corner ===================================

Startpoint: tx_start (input port clocked by clk)
Endpoint: _236_ (rising edge-triggered flip-flop clocked by clk)
Path Group: clk
Path Type: max

Fanout         Cap        Slew       Delay        Time   Description
---------------------------------------------------------------------------------------------
                                  0.000000    0.000000   clock clk (rise edge)
                                  0.000000    0.000000   clock network delay (propagated)
                                  2.000000    2.000000 ^ input external delay
     1    0.004156    0.000000    0.000000    2.000000 ^ tx_start (in)
                                                         tx_start (net)
                      0.000101    0.000050    2.000050 ^ input10/A (sky130_fd_sc_hd__clkdlybuf4s25_1)
     4    0.015103    0.160313    0.313143    2.313193 ^ input10/X (sky130_fd_sc_hd__clkdlybuf4s25_1)
                                                         net10 (net)
                      0.160313    0.000411    2.313604 ^ _169_/B (sky130_fd_sc_hd__and2_2)
     8    0.038262    0.200322    0.290201    2.603805 ^ _169_/X (sky130_fd_sc_hd__and2_2)
                                                         _088_ (net)
                      0.200355    0.002570    2.606375 ^ _139_/S (sky130_fd_sc_hd__mux2_1)
     1    0.004096    0.061924    0.351548    2.957923 v _139_/X (sky130_fd_sc_hd__mux2_1)
                                                         _067_ (net)
                      0.061924    0.000151    2.958074 v _140_/A0 (sky130_fd_sc_hd__mux2_1)
     1    0.002638    0.054109    0.280737    3.238811 v _140_/X (sky130_fd_sc_hd__mux2_1)
                                                         _068_ (net)
                      0.054109    0.000083    3.238894 v _141_/B (sky130_fd_sc_hd__or2_2)
     1    0.002601    0.052988    0.268056    3.506950 v _141_/X (sky130_fd_sc_hd__or2_2)
                                                         _022_ (net)
                      0.052988    0.000079    3.507029 v _236_/D (sky130_fd_sc_hd__dfxtp_2)
                                              3.507029   data arrival time

                                 20.000000   20.000000   clock clk (rise edge)
                                  0.000000   20.000000   clock source latency
     1    0.012723    0.000000    0.000000   20.000000 ^ clk (in)
                                                         clk (net)
                      0.000922    0.000460   20.000460 ^ clkbuf_0_clk/A (sky130_fd_sc_hd__clkbuf_16)
     4    0.038347    0.058201    0.124910   20.125370 ^ clkbuf_0_clk/X (sky130_fd_sc_hd__clkbuf_16)
                                                         clknet_0_clk (net)
                      0.058236    0.001229   20.126600 ^ clkbuf_2_0__f_clk/A (sky130_fd_sc_hd__clkbuf_16)
     8    0.024693    0.046018    0.134541   20.261141 ^ clkbuf_2_0__f_clk/X (sky130_fd_sc_hd__clkbuf_16)
                                                         clknet_2_0__leaf_clk (net)
                      0.046022    0.000487   20.261627 ^ _236_/CLK (sky130_fd_sc_hd__dfxtp_2)
                                  0.000000   20.261627   clock reconvergence pessimism
                                 -0.116133   20.145494   library setup time
                                             20.145494   data required time
---------------------------------------------------------------------------------------------
                                             20.145494   data required time
                                             -3.507029   data arrival time
---------------------------------------------------------------------------------------------
                                             16.638466   slack (MET)


Startpoint: tx_start (input port clocked by clk)
Endpoint: _237_ (rising edge-triggered flip-flop clocked by clk)
Path Group: clk
Path Type: max

Fanout         Cap        Slew       Delay        Time   Description
---------------------------------------------------------------------------------------------
                                  0.000000    0.000000   clock clk (rise edge)
                                  0.000000    0.000000   clock network delay (propagated)
                                  2.000000    2.000000 ^ input external delay
     1    0.004156    0.000000    0.000000    2.000000 ^ tx_start (in)
                                                         tx_start (net)
                      0.000101    0.000050    2.000050 ^ input10/A (sky130_fd_sc_hd__clkdlybuf4s25_1)
     4    0.015103    0.160313    0.313143    2.313193 ^ input10/X (sky130_fd_sc_hd__clkdlybuf4s25_1)
                                                         net10 (net)
                      0.160313    0.000411    2.313604 ^ _169_/B (sky130_fd_sc_hd__and2_2)
     8    0.038262    0.200322    0.290201    2.603805 ^ _169_/X (sky130_fd_sc_hd__and2_2)
                                                         _088_ (net)
                      0.200354    0.002534    2.606339 ^ _142_/S (sky130_fd_sc_hd__mux2_1)
     1    0.002854    0.055350    0.341451    2.947790 v _142_/X (sky130_fd_sc_hd__mux2_1)
                                                         _069_ (net)
                      0.055350    0.000095    2.947885 v _143_/A0 (sky130_fd_sc_hd__mux2_1)
     1    0.003361    0.058383    0.285001    3.232885 v _143_/X (sky130_fd_sc_hd__mux2_1)
                                                         _070_ (net)
                      0.058383    0.000120    3.233006 v _144_/B (sky130_fd_sc_hd__or2_2)
     1    0.002780    0.053610    0.270832    3.503838 v _144_/X (sky130_fd_sc_hd__or2_2)
                                                         _023_ (net)
                      0.053610    0.000066    3.503903 v _237_/D (sky130_fd_sc_hd__dfxtp_2)
                                              3.503903   data arrival time

                                 20.000000   20.000000   clock clk (rise edge)
                                  0.000000   20.000000   clock source latency
     1    0.012723    0.000000    0.000000   20.000000 ^ clk (in)
                                                         clk (net)
                      0.000922    0.000460   20.000460 ^ clkbuf_0_clk/A (sky130_fd_sc_hd__clkbuf_16)
     4    0.038347    0.058201    0.124910   20.125370 ^ clkbuf_0_clk/X (sky130_fd_sc_hd__clkbuf_16)
                                                         clknet_0_clk (net)
                      0.058236    0.001229   20.126600 ^ clkbuf_2_0__f_clk/A (sky130_fd_sc_hd__clkbuf_16)
     8    0.024693    0.046018    0.134541   20.261141 ^ clkbuf_2_0__f_clk/X (sky130_fd_sc_hd__clkbuf_16)
                                                         clknet_2_0__leaf_clk (net)
                      0.046032    0.000748   20.261889 ^ _237_/CLK (sky130_fd_sc_hd__dfxtp_2)
                                  0.000000   20.261889   clock reconvergence pessimism
                                 -0.116402   20.145487   library setup time
                                             20.145487   data required time
---------------------------------------------------------------------------------------------
                                             20.145487   data required time
                                             -3.503903   data arrival time
---------------------------------------------------------------------------------------------
                                             16.641584   slack (MET)


Startpoint: tx_start (input port clocked by clk)
Endpoint: _241_ (rising edge-triggered flip-flop clocked by clk)
Path Group: clk
Path Type: max

Fanout         Cap        Slew       Delay        Time   Description
---------------------------------------------------------------------------------------------
                                  0.000000    0.000000   clock clk (rise edge)
                                  0.000000    0.000000   clock network delay (propagated)
                                  2.000000    2.000000 ^ input external delay
     1    0.004156    0.000000    0.000000    2.000000 ^ tx_start (in)
                                                         tx_start (net)
                      0.000101    0.000050    2.000050 ^ input10/A (sky130_fd_sc_hd__clkdlybuf4s25_1)
     4    0.015103    0.160313    0.313143    2.313193 ^ input10/X (sky130_fd_sc_hd__clkdlybuf4s25_1)
                                                         net10 (net)
                      0.160313    0.000411    2.313604 ^ _169_/B (sky130_fd_sc_hd__and2_2)
     8    0.038262    0.200322    0.290201    2.603805 ^ _169_/X (sky130_fd_sc_hd__and2_2)
                                                         _088_ (net)
                      0.200336    0.001838    2.605643 ^ _154_/S (sky130_fd_sc_hd__mux2_1)
     1    0.003262    0.057811    0.345291    2.950934 v _154_/X (sky130_fd_sc_hd__mux2_1)
                                                         _077_ (net)
                      0.057811    0.000115    2.951049 v _155_/A0 (sky130_fd_sc_hd__mux2_1)
     1    0.002540    0.053561    0.278284    3.229333 v _155_/X (sky130_fd_sc_hd__mux2_1)
                                                         _078_ (net)
                      0.053561    0.000080    3.229413 v _156_/B (sky130_fd_sc_hd__or2_2)
     1    0.002500    0.052630    0.267200    3.496613 v _156_/X (sky130_fd_sc_hd__or2_2)
                                                         _027_ (net)
                      0.052630    0.000056    3.496669 v _241_/D (sky130_fd_sc_hd__dfxtp_2)
                                              3.496669   data arrival time

                                 20.000000   20.000000   clock clk (rise edge)
                                  0.000000   20.000000   clock source latency
     1    0.012723    0.000000    0.000000   20.000000 ^ clk (in)
                                                         clk (net)
                      0.000922    0.000460   20.000460 ^ clkbuf_0_clk/A (sky130_fd_sc_hd__clkbuf_16)
     4    0.038347    0.058201    0.124910   20.125370 ^ clkbuf_0_clk/X (sky130_fd_sc_hd__clkbuf_16)
                                                         clknet_0_clk (net)
                      0.058236    0.001229   20.126600 ^ clkbuf_2_0__f_clk/A (sky130_fd_sc_hd__clkbuf_16)
     8    0.024693    0.046018    0.134541   20.261141 ^ clkbuf_2_0__f_clk/X (sky130_fd_sc_hd__clkbuf_16)
                                                         clknet_2_0__leaf_clk (net)
                      0.046024    0.000556   20.261698 ^ _241_/CLK (sky130_fd_sc_hd__dfxtp_2)
                                  0.000000   20.261698   clock reconvergence pessimism
                                 -0.115975   20.145721   library setup time
                                             20.145721   data required time
---------------------------------------------------------------------------------------------
                                             20.145721   data required time
                                             -3.496669   data arrival time
---------------------------------------------------------------------------------------------
                                             16.649052   slack (MET)


Startpoint: tx_start (input port clocked by clk)
Endpoint: _238_ (rising edge-triggered flip-flop clocked by clk)
Path Group: clk
Path Type: max

Fanout         Cap        Slew       Delay        Time   Description
---------------------------------------------------------------------------------------------
                                  0.000000    0.000000   clock clk (rise edge)
                                  0.000000    0.000000   clock network delay (propagated)
                                  2.000000    2.000000 ^ input external delay
     1    0.004156    0.000000    0.000000    2.000000 ^ tx_start (in)
                                                         tx_start (net)
                      0.000101    0.000050    2.000050 ^ input10/A (sky130_fd_sc_hd__clkdlybuf4s25_1)
     4    0.015103    0.160313    0.313143    2.313193 ^ input10/X (sky130_fd_sc_hd__clkdlybuf4s25_1)
                                                         net10 (net)
                      0.160313    0.000411    2.313604 ^ _169_/B (sky130_fd_sc_hd__and2_2)
     8    0.038262    0.200322    0.290201    2.603805 ^ _169_/X (sky130_fd_sc_hd__and2_2)
                                                         _088_ (net)
                      0.200354    0.002522    2.606327 ^ _145_/S (sky130_fd_sc_hd__mux2_1)
     1    0.002577    0.053765    0.338848    2.945174 v _145_/X (sky130_fd_sc_hd__mux2_1)
                                                         _071_ (net)
                      0.053765    0.000062    2.945237 v _146_/A0 (sky130_fd_sc_hd__mux2_1)
     1    0.002068    0.051302    0.272371    3.217607 v _146_/X (sky130_fd_sc_hd__mux2_1)
                                                         _072_ (net)
                      0.051302    0.000045    3.217652 v _147_/B (sky130_fd_sc_hd__or2_2)
     1    0.003381    0.055839    0.272082    3.489735 v _147_/X (sky130_fd_sc_hd__or2_2)
                                                         _024_ (net)
                      0.055839    0.000115    3.489850 v _238_/D (sky130_fd_sc_hd__dfxtp_2)
                                              3.489850   data arrival time

                                 20.000000   20.000000   clock clk (rise edge)
                                  0.000000   20.000000   clock source latency
     1    0.012723    0.000000    0.000000   20.000000 ^ clk (in)
                                                         clk (net)
                      0.000922    0.000460   20.000460 ^ clkbuf_0_clk/A (sky130_fd_sc_hd__clkbuf_16)
     4    0.038347    0.058201    0.124910   20.125370 ^ clkbuf_0_clk/X (sky130_fd_sc_hd__clkbuf_16)
                                                         clknet_0_clk (net)
                      0.058235    0.001217   20.126587 ^ clkbuf_2_1__f_clk/A (sky130_fd_sc_hd__clkbuf_16)
     9    0.024993    0.046294    0.134817   20.261404 ^ clkbuf_2_1__f_clk/X (sky130_fd_sc_hd__clkbuf_16)
                                                         clknet_2_1__leaf_clk (net)
                      0.046300    0.000520   20.261925 ^ _238_/CLK (sky130_fd_sc_hd__dfxtp_2)
                                  0.000000   20.261925   clock reconvergence pessimism
                                 -0.117312   20.144611   library setup time
                                             20.144611   data required time
---------------------------------------------------------------------------------------------
                                             20.144611   data required time
                                             -3.489850   data arrival time
---------------------------------------------------------------------------------------------
                                             16.654762   slack (MET)


Startpoint: tx_start (input port clocked by clk)
Endpoint: _240_ (rising edge-triggered flip-flop clocked by clk)
Path Group: clk
Path Type: max

Fanout         Cap        Slew       Delay        Time   Description
---------------------------------------------------------------------------------------------
                                  0.000000    0.000000   clock clk (rise edge)
                                  0.000000    0.000000   clock network delay (propagated)
                                  2.000000    2.000000 ^ input external delay
     1    0.004156    0.000000    0.000000    2.000000 ^ tx_start (in)
                                                         tx_start (net)
                      0.000101    0.000050    2.000050 ^ input10/A (sky130_fd_sc_hd__clkdlybuf4s25_1)
     4    0.015103    0.160313    0.313143    2.313193 ^ input10/X (sky130_fd_sc_hd__clkdlybuf4s25_1)
                                                         net10 (net)
                      0.160313    0.000411    2.313604 ^ _169_/B (sky130_fd_sc_hd__and2_2)
     8    0.038262    0.200322    0.290201    2.603805 ^ _169_/X (sky130_fd_sc_hd__and2_2)
                                                         _088_ (net)
                      0.200334    0.001748    2.605553 ^ _151_/S (sky130_fd_sc_hd__mux2_1)
     1    0.002676    0.054331    0.339778    2.945331 v _151_/X (sky130_fd_sc_hd__mux2_1)
                                                         _075_ (net)
                      0.054331    0.000086    2.945417 v _152_/A0 (sky130_fd_sc_hd__mux2_1)
     1    0.002456    0.053139    0.276196    3.221612 v _152_/X (sky130_fd_sc_hd__mux2_1)
                                                         _076_ (net)
                      0.053139    0.000078    3.221690 v _153_/B (sky130_fd_sc_hd__or2_2)
     1    0.002131    0.051327    0.264685    3.486375 v _153_/X (sky130_fd_sc_hd__or2_2)
                                                         _026_ (net)
                      0.051327    0.000044    3.486419 v _240_/D (sky130_fd_sc_hd__dfxtp_2)
                                              3.486419   data arrival time

                                 20.000000   20.000000   clock clk (rise edge)
                                  0.000000   20.000000   clock source latency
     1    0.012723    0.000000    0.000000   20.000000 ^ clk (in)
                                                         clk (net)
                      0.000922    0.000460   20.000460 ^ clkbuf_0_clk/A (sky130_fd_sc_hd__clkbuf_16)
     4    0.038347    0.058201    0.124910   20.125370 ^ clkbuf_0_clk/X (sky130_fd_sc_hd__clkbuf_16)
                                                         clknet_0_clk (net)
                      0.058236    0.001229   20.126600 ^ clkbuf_2_0__f_clk/A (sky130_fd_sc_hd__clkbuf_16)
     8    0.024693    0.046018    0.134541   20.261141 ^ clkbuf_2_0__f_clk/X (sky130_fd_sc_hd__clkbuf_16)
                                                         clknet_2_0__leaf_clk (net)
                      0.046034    0.000782   20.261923 ^ _240_/CLK (sky130_fd_sc_hd__dfxtp_2)
                                  0.000000   20.261923   clock reconvergence pessimism
                                 -0.115405   20.146519   library setup time
                                             20.146519   data required time
---------------------------------------------------------------------------------------------
                                             20.146519   data required time
                                             -3.486419   data arrival time
---------------------------------------------------------------------------------------------
                                             16.660099   slack (MET)


Startpoint: tx_start (input port clocked by clk)
Endpoint: _239_ (rising edge-triggered flip-flop clocked by clk)
Path Group: clk
Path Type: max

Fanout         Cap        Slew       Delay        Time   Description
---------------------------------------------------------------------------------------------
                                  0.000000    0.000000   clock clk (rise edge)
                                  0.000000    0.000000   clock network delay (propagated)
                                  2.000000    2.000000 ^ input external delay
     1    0.004156    0.000000    0.000000    2.000000 ^ tx_start (in)
                                                         tx_start (net)
                      0.000101    0.000050    2.000050 ^ input10/A (sky130_fd_sc_hd__clkdlybuf4s25_1)
     4    0.015103    0.160313    0.313143    2.313193 ^ input10/X (sky130_fd_sc_hd__clkdlybuf4s25_1)
                                                         net10 (net)
                      0.160313    0.000411    2.313604 ^ _169_/B (sky130_fd_sc_hd__and2_2)
     8    0.038262    0.200322    0.290201    2.603805 ^ _169_/X (sky130_fd_sc_hd__and2_2)
                                                         _088_ (net)
                      0.200354    0.002544    2.606349 ^ _148_/S (sky130_fd_sc_hd__mux2_1)
     1    0.003005    0.056233    0.342872    2.949221 v _148_/X (sky130_fd_sc_hd__mux2_1)
                                                         _073_ (net)
                      0.056233    0.000102    2.949324 v _149_/A0 (sky130_fd_sc_hd__mux2_1)
     1    0.001939    0.050690    0.272092    3.221416 v _149_/X (sky130_fd_sc_hd__mux2_1)
                                                         _074_ (net)
                      0.050690    0.000039    3.221455 v _150_/B (sky130_fd_sc_hd__or2_2)
     1    0.002014    0.050910    0.263176    3.484631 v _150_/X (sky130_fd_sc_hd__or2_2)
                                                         _025_ (net)
                      0.050910    0.000042    3.484673 v _239_/D (sky130_fd_sc_hd__dfxtp_2)
                                              3.484673   data arrival time

                                 20.000000   20.000000   clock clk (rise edge)
                                  0.000000   20.000000   clock source latency
     1    0.012723    0.000000    0.000000   20.000000 ^ clk (in)
                                                         clk (net)
                      0.000922    0.000460   20.000460 ^ clkbuf_0_clk/A (sky130_fd_sc_hd__clkbuf_16)
     4    0.038347    0.058201    0.124910   20.125370 ^ clkbuf_0_clk/X (sky130_fd_sc_hd__clkbuf_16)
                                                         clknet_0_clk (net)
                      0.058236    0.001229   20.126600 ^ clkbuf_2_0__f_clk/A (sky130_fd_sc_hd__clkbuf_16)
     8    0.024693    0.046018    0.134541   20.261141 ^ clkbuf_2_0__f_clk/X (sky130_fd_sc_hd__clkbuf_16)
                                                         clknet_2_0__leaf_clk (net)
                      0.046034    0.000771   20.261911 ^ _239_/CLK (sky130_fd_sc_hd__dfxtp_2)
                                  0.000000   20.261911   clock reconvergence pessimism
                                 -0.115223   20.146688   library setup time
                                             20.146688   data required time
---------------------------------------------------------------------------------------------
                                             20.146688   data required time
                                             -3.484673   data arrival time
---------------------------------------------------------------------------------------------
                                             16.662014   slack (MET)


Startpoint: tx_start (input port clocked by clk)
Endpoint: _242_ (rising edge-triggered flip-flop clocked by clk)
Path Group: clk
Path Type: max

Fanout         Cap        Slew       Delay        Time   Description
---------------------------------------------------------------------------------------------
                                  0.000000    0.000000   clock clk (rise edge)
                                  0.000000    0.000000   clock network delay (propagated)
                                  2.000000    2.000000 ^ input external delay
     1    0.004156    0.000000    0.000000    2.000000 ^ tx_start (in)
                                                         tx_start (net)
                      0.000101    0.000050    2.000050 ^ input10/A (sky130_fd_sc_hd__clkdlybuf4s25_1)
     4    0.015103    0.160313    0.313143    2.313193 ^ input10/X (sky130_fd_sc_hd__clkdlybuf4s25_1)
                                                         net10 (net)
                      0.160313    0.000411    2.313604 ^ _169_/B (sky130_fd_sc_hd__and2_2)
     8    0.038262    0.200322    0.290201    2.603805 ^ _169_/X (sky130_fd_sc_hd__and2_2)
                                                         _088_ (net)
                      0.200327    0.001358    2.605163 ^ _157_/S (sky130_fd_sc_hd__mux2_1)
     1    0.001979    0.050882    0.333215    2.938377 v _157_/X (sky130_fd_sc_hd__mux2_1)
                                                         _079_ (net)
                      0.050882    0.000042    2.938419 v _158_/A0 (sky130_fd_sc_hd__mux2_1)
     1    0.002310    0.052169    0.273698    3.212117 v _158_/X (sky130_fd_sc_hd__mux2_1)
                                                         _080_ (net)
                      0.052445    0.000072    3.212189 v _159_/B (sky130_fd_sc_hd__or2_2)
     1    0.002303    0.051938    0.265567    3.477756 v _159_/X (sky130_fd_sc_hd__or2_2)
                                                         _028_ (net)
                      0.051938    0.000049    3.477805 v _242_/D (sky130_fd_sc_hd__dfxtp_2)
                                              3.477805   data arrival time

                                 20.000000   20.000000   clock clk (rise edge)
                                  0.000000   20.000000   clock source latency
     1    0.012723    0.000000    0.000000   20.000000 ^ clk (in)
                                                         clk (net)
                      0.000922    0.000460   20.000460 ^ clkbuf_0_clk/A (sky130_fd_sc_hd__clkbuf_16)
     4    0.038347    0.058201    0.124910   20.125370 ^ clkbuf_0_clk/X (sky130_fd_sc_hd__clkbuf_16)
                                                         clknet_0_clk (net)
                      0.058236    0.001229   20.126600 ^ clkbuf_2_0__f_clk/A (sky130_fd_sc_hd__clkbuf_16)
     8    0.024693    0.046018    0.134541   20.261141 ^ clkbuf_2_0__f_clk/X (sky130_fd_sc_hd__clkbuf_16)
                                                         clknet_2_0__leaf_clk (net)
                      0.046024    0.000556   20.261698 ^ _242_/CLK (sky130_fd_sc_hd__dfxtp_2)
                                  0.000000   20.261698   clock reconvergence pessimism
                                 -0.115673   20.146025   library setup time
                                             20.146025   data required time
---------------------------------------------------------------------------------------------
                                             20.146025   data required time
                                             -3.477805   data arrival time
---------------------------------------------------------------------------------------------
                                             16.668219   slack (MET)


Startpoint: tx_start (input port clocked by clk)
Endpoint: _230_ (rising edge-triggered flip-flop clocked by clk)
Path Group: clk
Path Type: max

Fanout         Cap        Slew       Delay        Time   Description
---------------------------------------------------------------------------------------------
                                  0.000000    0.000000   clock clk (rise edge)
                                  0.000000    0.000000   clock network delay (propagated)
                                  2.000000    2.000000 v input external delay
     1    0.003931    0.000000    0.000000    2.000000 v tx_start (in)
                                                         tx_start (net)
                      0.000092    0.000046    2.000046 v input10/A (sky130_fd_sc_hd__clkdlybuf4s25_1)
     4    0.014040    0.114433    0.288054    2.288100 v input10/X (sky130_fd_sc_hd__clkdlybuf4s25_1)
                                                         net10 (net)
                      0.114433    0.000382    2.288482 v _169_/B (sky130_fd_sc_hd__and2_2)
     8    0.036013    0.103730    0.296131    2.584613 v _169_/X (sky130_fd_sc_hd__and2_2)
                                                         _088_ (net)
                      0.103774    0.002010    2.586623 v _187_/B (sky130_fd_sc_hd__nor2_2)
    11    0.038414    0.420230    0.357932    2.944555 ^ _187_/Y (sky130_fd_sc_hd__nor2_2)
                                                         _104_ (net)
                      0.420242    0.001932    2.946487 ^ _122_/A (sky130_fd_sc_hd__and3_2)
     1    0.003502    0.051100    0.261072    3.207560 ^ _122_/X (sky130_fd_sc_hd__and3_2)
                                                         _016_ (net)
                      0.051100    0.000118    3.207678 ^ _230_/D (sky130_fd_sc_hd__dfxtp_2)
                                              3.207678   data arrival time

                                 20.000000   20.000000   clock clk (rise edge)
                                  0.000000   20.000000   clock source latency
     1    0.012723    0.000000    0.000000   20.000000 ^ clk (in)
                                                         clk (net)
                      0.000922    0.000460   20.000460 ^ clkbuf_0_clk/A (sky130_fd_sc_hd__clkbuf_16)
     4    0.038347    0.058201    0.124910   20.125370 ^ clkbuf_0_clk/X (sky130_fd_sc_hd__clkbuf_16)
                                                         clknet_0_clk (net)
                      0.058235    0.001217   20.126587 ^ clkbuf_2_1__f_clk/A (sky130_fd_sc_hd__clkbuf_16)
     9    0.024993    0.046294    0.134817   20.261404 ^ clkbuf_2_1__f_clk/X (sky130_fd_sc_hd__clkbuf_16)
                                                         clknet_2_1__leaf_clk (net)
                      0.046309    0.000762   20.262165 ^ _230_/CLK (sky130_fd_sc_hd__dfxtp_2)
                                  0.000000   20.262165   clock reconvergence pessimism
                                 -0.060106   20.202059   library setup time
                                             20.202059   data required time
---------------------------------------------------------------------------------------------
                                             20.202059   data required time
                                             -3.207678   data arrival time
---------------------------------------------------------------------------------------------
                                             16.994381   slack (MET)


Startpoint: tx_start (input port clocked by clk)
Endpoint: _233_ (rising edge-triggered flip-flop clocked by clk)
Path Group: clk
Path Type: max

Fanout         Cap        Slew       Delay        Time   Description
---------------------------------------------------------------------------------------------
                                  0.000000    0.000000   clock clk (rise edge)
                                  0.000000    0.000000   clock network delay (propagated)
                                  2.000000    2.000000 v input external delay
     1    0.003931    0.000000    0.000000    2.000000 v tx_start (in)
                                                         tx_start (net)
                      0.000092    0.000046    2.000046 v input10/A (sky130_fd_sc_hd__clkdlybuf4s25_1)
     4    0.014040    0.114433    0.288054    2.288100 v input10/X (sky130_fd_sc_hd__clkdlybuf4s25_1)
                                                         net10 (net)
                      0.114433    0.000382    2.288482 v _169_/B (sky130_fd_sc_hd__and2_2)
     8    0.036013    0.103730    0.296131    2.584613 v _169_/X (sky130_fd_sc_hd__and2_2)
                                                         _088_ (net)
                      0.103774    0.002010    2.586623 v _187_/B (sky130_fd_sc_hd__nor2_2)
    11    0.038414    0.420230    0.357932    2.944555 ^ _187_/Y (sky130_fd_sc_hd__nor2_2)
                                                         _104_ (net)
                      0.420235    0.001301    2.945856 ^ _131_/B (sky130_fd_sc_hd__and3b_2)
     1    0.003068    0.047717    0.253494    3.199351 ^ _131_/X (sky130_fd_sc_hd__and3b_2)
                                                         _019_ (net)
                      0.047717    0.000098    3.199448 ^ _233_/D (sky130_fd_sc_hd__dfxtp_2)
                                              3.199448   data arrival time

                                 20.000000   20.000000   clock clk (rise edge)
                                  0.000000   20.000000   clock source latency
     1    0.012723    0.000000    0.000000   20.000000 ^ clk (in)
                                                         clk (net)
                      0.000922    0.000460   20.000460 ^ clkbuf_0_clk/A (sky130_fd_sc_hd__clkbuf_16)
     4    0.038347    0.058201    0.124910   20.125370 ^ clkbuf_0_clk/X (sky130_fd_sc_hd__clkbuf_16)
                                                         clknet_0_clk (net)
                      0.058235    0.001217   20.126587 ^ clkbuf_2_1__f_clk/A (sky130_fd_sc_hd__clkbuf_16)
     9    0.024993    0.046294    0.134817   20.261404 ^ clkbuf_2_1__f_clk/X (sky130_fd_sc_hd__clkbuf_16)
                                                         clknet_2_1__leaf_clk (net)
                      0.046305    0.000666   20.262070 ^ _233_/CLK (sky130_fd_sc_hd__dfxtp_2)
                                  0.000000   20.262070   clock reconvergence pessimism
                                 -0.059310   20.202761   library setup time
                                             20.202761   data required time
---------------------------------------------------------------------------------------------
                                             20.202761   data required time
                                             -3.199448   data arrival time
---------------------------------------------------------------------------------------------
                                             17.003313   slack (MET)


Startpoint: tx_start (input port clocked by clk)
Endpoint: _226_ (rising edge-triggered flip-flop clocked by clk)
Path Group: clk
Path Type: max

Fanout         Cap        Slew       Delay        Time   Description
---------------------------------------------------------------------------------------------
                                  0.000000    0.000000   clock clk (rise edge)
                                  0.000000    0.000000   clock network delay (propagated)
                                  2.000000    2.000000 v input external delay
     1    0.003931    0.000000    0.000000    2.000000 v tx_start (in)
                                                         tx_start (net)
                      0.000092    0.000046    2.000046 v input10/A (sky130_fd_sc_hd__clkdlybuf4s25_1)
     4    0.014040    0.114433    0.288054    2.288100 v input10/X (sky130_fd_sc_hd__clkdlybuf4s25_1)
                                                         net10 (net)
                      0.114433    0.000382    2.288482 v _169_/B (sky130_fd_sc_hd__and2_2)
     8    0.036013    0.103730    0.296131    2.584613 v _169_/X (sky130_fd_sc_hd__and2_2)
                                                         _088_ (net)
                      0.103774    0.002010    2.586623 v _187_/B (sky130_fd_sc_hd__nor2_2)
    11    0.038414    0.420230    0.357932    2.944555 ^ _187_/Y (sky130_fd_sc_hd__nor2_2)
                                                         _104_ (net)
                      0.420238    0.001614    2.946169 ^ _111_/B (sky130_fd_sc_hd__and3b_2)
     1    0.002592    0.045670    0.250305    3.196474 ^ _111_/X (sky130_fd_sc_hd__and3b_2)
                                                         _012_ (net)
                      0.045670    0.000080    3.196554 ^ _226_/D (sky130_fd_sc_hd__dfxtp_2)
                                              3.196554   data arrival time

                                 20.000000   20.000000   clock clk (rise edge)
                                  0.000000   20.000000   clock source latency
     1    0.012723    0.000000    0.000000   20.000000 ^ clk (in)
                                                         clk (net)
                      0.000922    0.000460   20.000460 ^ clkbuf_0_clk/A (sky130_fd_sc_hd__clkbuf_16)
     4    0.038347    0.058201    0.124910   20.125370 ^ clkbuf_0_clk/X (sky130_fd_sc_hd__clkbuf_16)
                                                         clknet_0_clk (net)
                      0.058235    0.001217   20.126587 ^ clkbuf_2_1__f_clk/A (sky130_fd_sc_hd__clkbuf_16)
     9    0.024993    0.046294    0.134817   20.261404 ^ clkbuf_2_1__f_clk/X (sky130_fd_sc_hd__clkbuf_16)
                                                         clknet_2_1__leaf_clk (net)
                      0.046307    0.000709   20.262112 ^ _226_/CLK (sky130_fd_sc_hd__dfxtp_2)
                                  0.000000   20.262112   clock reconvergence pessimism
                                 -0.058827   20.203285   library setup time
                                             20.203285   data required time
---------------------------------------------------------------------------------------------
                                             20.203285   data required time
                                             -3.196554   data arrival time
---------------------------------------------------------------------------------------------
                                             17.006731   slack (MET)


Startpoint: tx_start (input port clocked by clk)
Endpoint: _218_ (rising edge-triggered flip-flop clocked by clk)
Path Group: clk
Path Type: max

Fanout         Cap        Slew       Delay        Time   Description
---------------------------------------------------------------------------------------------
                                  0.000000    0.000000   clock clk (rise edge)
                                  0.000000    0.000000   clock network delay (propagated)
                                  2.000000    2.000000 v input external delay
     1    0.003931    0.000000    0.000000    2.000000 v tx_start (in)
                                                         tx_start (net)
                      0.000092    0.000046    2.000046 v input10/A (sky130_fd_sc_hd__clkdlybuf4s25_1)
     4    0.014040    0.114433    0.288054    2.288100 v input10/X (sky130_fd_sc_hd__clkdlybuf4s25_1)
                                                         net10 (net)
                      0.114433    0.000382    2.288482 v _169_/B (sky130_fd_sc_hd__and2_2)
     8    0.036013    0.103730    0.296131    2.584613 v _169_/X (sky130_fd_sc_hd__and2_2)
                                                         _088_ (net)
                      0.103774    0.002010    2.586623 v _187_/B (sky130_fd_sc_hd__nor2_2)
    11    0.038414    0.420230    0.357932    2.944555 ^ _187_/Y (sky130_fd_sc_hd__nor2_2)
                                                         _104_ (net)
                      0.420234    0.001164    2.945719 ^ _197_/B (sky130_fd_sc_hd__and3b_2)
     1    0.002650    0.045919    0.250693    3.196411 ^ _197_/X (sky130_fd_sc_hd__and3b_2)
                                                         _004_ (net)
                      0.045919    0.000082    3.196494 ^ _218_/D (sky130_fd_sc_hd__dfxtp_2)
                                              3.196494   data arrival time

                                 20.000000   20.000000   clock clk (rise edge)
                                  0.000000   20.000000   clock source latency
     1    0.012723    0.000000    0.000000   20.000000 ^ clk (in)
                                                         clk (net)
                      0.000922    0.000460   20.000460 ^ clkbuf_0_clk/A (sky130_fd_sc_hd__clkbuf_16)
     4    0.038347    0.058201    0.124910   20.125370 ^ clkbuf_0_clk/X (sky130_fd_sc_hd__clkbuf_16)
                                                         clknet_0_clk (net)
                      0.058231    0.001162   20.126532 ^ clkbuf_2_2__f_clk/A (sky130_fd_sc_hd__clkbuf_16)
     9    0.025471    0.046726    0.135325   20.261856 ^ clkbuf_2_2__f_clk/X (sky130_fd_sc_hd__clkbuf_16)
                                                         clknet_2_2__leaf_clk (net)
                      0.046732    0.000551   20.262407 ^ _218_/CLK (sky130_fd_sc_hd__dfxtp_2)
                                  0.000000   20.262407   clock reconvergence pessimism
                                 -0.058823   20.203585   library setup time
                                             20.203585   data required time
---------------------------------------------------------------------------------------------
                                             20.203585   data required time
                                             -3.196494   data arrival time
---------------------------------------------------------------------------------------------
                                             17.007092   slack (MET)


Startpoint: tx_start (input port clocked by clk)
Endpoint: _222_ (rising edge-triggered flip-flop clocked by clk)
Path Group: clk
Path Type: max

Fanout         Cap        Slew       Delay        Time   Description
---------------------------------------------------------------------------------------------
                                  0.000000    0.000000   clock clk (rise edge)
                                  0.000000    0.000000   clock network delay (propagated)
                                  2.000000    2.000000 v input external delay
     1    0.003931    0.000000    0.000000    2.000000 v tx_start (in)
                                                         tx_start (net)
                      0.000092    0.000046    2.000046 v input10/A (sky130_fd_sc_hd__clkdlybuf4s25_1)
     4    0.014040    0.114433    0.288054    2.288100 v input10/X (sky130_fd_sc_hd__clkdlybuf4s25_1)
                                                         net10 (net)
                      0.114433    0.000382    2.288482 v _169_/B (sky130_fd_sc_hd__and2_2)
     8    0.036013    0.103730    0.296131    2.584613 v _169_/X (sky130_fd_sc_hd__and2_2)
                                                         _088_ (net)
                      0.103774    0.002010    2.586623 v _187_/B (sky130_fd_sc_hd__nor2_2)
    11    0.038414    0.420230    0.357932    2.944555 ^ _187_/Y (sky130_fd_sc_hd__nor2_2)
                                                         _104_ (net)
                      0.420240    0.001748    2.946303 ^ _207_/B (sky130_fd_sc_hd__and3b_2)
     1    0.002358    0.044664    0.248747    3.195050 ^ _207_/X (sky130_fd_sc_hd__and3b_2)
                                                         _008_ (net)
                      0.044664    0.000051    3.195101 ^ _222_/D (sky130_fd_sc_hd__dfxtp_2)
                                              3.195101   data arrival time

                                 20.000000   20.000000   clock clk (rise edge)
                                  0.000000   20.000000   clock source latency
     1    0.012723    0.000000    0.000000   20.000000 ^ clk (in)
                                                         clk (net)
                      0.000922    0.000460   20.000460 ^ clkbuf_0_clk/A (sky130_fd_sc_hd__clkbuf_16)
     4    0.038347    0.058201    0.124910   20.125370 ^ clkbuf_0_clk/X (sky130_fd_sc_hd__clkbuf_16)
                                                         clknet_0_clk (net)
                      0.058232    0.001165   20.126535 ^ clkbuf_2_3__f_clk/A (sky130_fd_sc_hd__clkbuf_16)
     8    0.024981    0.046269    0.134900   20.261436 ^ clkbuf_2_3__f_clk/X (sky130_fd_sc_hd__clkbuf_16)
                                                         clknet_2_3__leaf_clk (net)
                      0.046273    0.000439   20.261875 ^ _222_/CLK (sky130_fd_sc_hd__dfxtp_2)
                                  0.000000   20.261875   clock reconvergence pessimism
                                 -0.058595   20.203279   library setup time
                                             20.203279   data required time
---------------------------------------------------------------------------------------------
                                             20.203279   data required time
                                             -3.195101   data arrival time
---------------------------------------------------------------------------------------------
                                             17.008179   slack (MET)


Startpoint: tx_start (input port clocked by clk)
Endpoint: _225_ (rising edge-triggered flip-flop clocked by clk)
Path Group: clk
Path Type: max

Fanout         Cap        Slew       Delay        Time   Description
---------------------------------------------------------------------------------------------
                                  0.000000    0.000000   clock clk (rise edge)
                                  0.000000    0.000000   clock network delay (propagated)
                                  2.000000    2.000000 v input external delay
     1    0.003931    0.000000    0.000000    2.000000 v tx_start (in)
                                                         tx_start (net)
                      0.000092    0.000046    2.000046 v input10/A (sky130_fd_sc_hd__clkdlybuf4s25_1)
     4    0.014040    0.114433    0.288054    2.288100 v input10/X (sky130_fd_sc_hd__clkdlybuf4s25_1)
                                                         net10 (net)
                      0.114433    0.000382    2.288482 v _169_/B (sky130_fd_sc_hd__and2_2)
     8    0.036013    0.103730    0.296131    2.584613 v _169_/X (sky130_fd_sc_hd__and2_2)
                                                         _088_ (net)
                      0.103774    0.002010    2.586623 v _187_/B (sky130_fd_sc_hd__nor2_2)
    11    0.038414    0.420230    0.357932    2.944555 ^ _187_/Y (sky130_fd_sc_hd__nor2_2)
                                                         _104_ (net)
                      0.420239    0.001712    2.946267 ^ _108_/B (sky130_fd_sc_hd__and3b_2)
     1    0.002179    0.043896    0.247552    3.193819 ^ _108_/X (sky130_fd_sc_hd__and3b_2)
                                                         _011_ (net)
                      0.043896    0.000047    3.193866 ^ _225_/D (sky130_fd_sc_hd__dfxtp_2)
                                              3.193866   data arrival time

                                 20.000000   20.000000   clock clk (rise edge)
                                  0.000000   20.000000   clock source latency
     1    0.012723    0.000000    0.000000   20.000000 ^ clk (in)
                                                         clk (net)
                      0.000922    0.000460   20.000460 ^ clkbuf_0_clk/A (sky130_fd_sc_hd__clkbuf_16)
     4    0.038347    0.058201    0.124910   20.125370 ^ clkbuf_0_clk/X (sky130_fd_sc_hd__clkbuf_16)
                                                         clknet_0_clk (net)
                      0.058232    0.001165   20.126535 ^ clkbuf_2_3__f_clk/A (sky130_fd_sc_hd__clkbuf_16)
     8    0.024981    0.046269    0.134900   20.261436 ^ clkbuf_2_3__f_clk/X (sky130_fd_sc_hd__clkbuf_16)
                                                         clknet_2_3__leaf_clk (net)
                      0.046275    0.000506   20.261942 ^ _225_/CLK (sky130_fd_sc_hd__dfxtp_2)
                                  0.000000   20.261942   clock reconvergence pessimism
                                 -0.058414   20.203527   library setup time
                                             20.203527   data required time
---------------------------------------------------------------------------------------------
                                             20.203527   data required time
                                             -3.193866   data arrival time
---------------------------------------------------------------------------------------------
                                             17.009663   slack (MET)


Startpoint: tx_start (input port clocked by clk)
Endpoint: _228_ (rising edge-triggered flip-flop clocked by clk)
Path Group: clk
Path Type: max

Fanout         Cap        Slew       Delay        Time   Description
---------------------------------------------------------------------------------------------
                                  0.000000    0.000000   clock clk (rise edge)
                                  0.000000    0.000000   clock network delay (propagated)
                                  2.000000    2.000000 v input external delay
     1    0.003931    0.000000    0.000000    2.000000 v tx_start (in)
                                                         tx_start (net)
                      0.000092    0.000046    2.000046 v input10/A (sky130_fd_sc_hd__clkdlybuf4s25_1)
     4    0.014040    0.114433    0.288054    2.288100 v input10/X (sky130_fd_sc_hd__clkdlybuf4s25_1)
                                                         net10 (net)
                      0.114433    0.000382    2.288482 v _169_/B (sky130_fd_sc_hd__and2_2)
     8    0.036013    0.103730    0.296131    2.584613 v _169_/X (sky130_fd_sc_hd__and2_2)
                                                         _088_ (net)
                      0.103774    0.002010    2.586623 v _187_/B (sky130_fd_sc_hd__nor2_2)
    11    0.038414    0.420230    0.357932    2.944555 ^ _187_/Y (sky130_fd_sc_hd__nor2_2)
                                                         _104_ (net)
                      0.420242    0.001915    2.946470 ^ _116_/B (sky130_fd_sc_hd__and3b_2)
     1    0.002152    0.043777    0.247367    3.193837 ^ _116_/X (sky130_fd_sc_hd__and3b_2)
                                                         _014_ (net)
                      0.043777    0.000047    3.193884 ^ _228_/D (sky130_fd_sc_hd__dfxtp_2)
                                              3.193884   data arrival time

                                 20.000000   20.000000   clock clk (rise edge)
                                  0.000000   20.000000   clock source latency
     1    0.012723    0.000000    0.000000   20.000000 ^ clk (in)
                                                         clk (net)
                      0.000922    0.000460   20.000460 ^ clkbuf_0_clk/A (sky130_fd_sc_hd__clkbuf_16)
     4    0.038347    0.058201    0.124910   20.125370 ^ clkbuf_0_clk/X (sky130_fd_sc_hd__clkbuf_16)
                                                         clknet_0_clk (net)
                      0.058235    0.001217   20.126587 ^ clkbuf_2_1__f_clk/A (sky130_fd_sc_hd__clkbuf_16)
     9    0.024993    0.046294    0.134817   20.261404 ^ clkbuf_2_1__f_clk/X (sky130_fd_sc_hd__clkbuf_16)
                                                         clknet_2_1__leaf_clk (net)
                      0.046307    0.000709   20.262112 ^ _228_/CLK (sky130_fd_sc_hd__dfxtp_2)
                                  0.000000   20.262112   clock reconvergence pessimism
                                 -0.058381   20.203732   library setup time
                                             20.203732   data required time
---------------------------------------------------------------------------------------------
                                             20.203732   data required time
                                             -3.193884   data arrival time
---------------------------------------------------------------------------------------------
                                             17.009846   slack (MET)


Startpoint: tx_start (input port clocked by clk)
Endpoint: _235_ (rising edge-triggered flip-flop clocked by clk)
Path Group: clk
Path Type: max

Fanout         Cap        Slew       Delay        Time   Description
---------------------------------------------------------------------------------------------
                                  0.000000    0.000000   clock clk (rise edge)
                                  0.000000    0.000000   clock network delay (propagated)
                                  2.000000    2.000000 v input external delay
     1    0.003931    0.000000    0.000000    2.000000 v tx_start (in)
                                                         tx_start (net)
                      0.000092    0.000046    2.000046 v input10/A (sky130_fd_sc_hd__clkdlybuf4s25_1)
     4    0.014040    0.114433    0.288054    2.288100 v input10/X (sky130_fd_sc_hd__clkdlybuf4s25_1)
                                                         net10 (net)
                      0.114433    0.000382    2.288482 v _169_/B (sky130_fd_sc_hd__and2_2)
     8    0.036013    0.103730    0.296131    2.584613 v _169_/X (sky130_fd_sc_hd__and2_2)
                                                         _088_ (net)
                      0.103774    0.002010    2.586623 v _187_/B (sky130_fd_sc_hd__nor2_2)
    11    0.038414    0.420230    0.357932    2.944555 ^ _187_/Y (sky130_fd_sc_hd__nor2_2)
                                                         _104_ (net)
                      0.420233    0.001079    2.945634 ^ _137_/B (sky130_fd_sc_hd__and3_2)
     1    0.002366    0.044598    0.248235    3.193869 ^ _137_/X (sky130_fd_sc_hd__and3_2)
                                                         _021_ (net)
                      0.044598    0.000051    3.193920 ^ _235_/D (sky130_fd_sc_hd__dfxtp_2)
                                              3.193920   data arrival time

                                 20.000000   20.000000   clock clk (rise edge)
                                  0.000000   20.000000   clock source latency
     1    0.012723    0.000000    0.000000   20.000000 ^ clk (in)
                                                         clk (net)
                      0.000922    0.000460   20.000460 ^ clkbuf_0_clk/A (sky130_fd_sc_hd__clkbuf_16)
     4    0.038347    0.058201    0.124910   20.125370 ^ clkbuf_0_clk/X (sky130_fd_sc_hd__clkbuf_16)
                                                         clknet_0_clk (net)
                      0.058231    0.001162   20.126532 ^ clkbuf_2_2__f_clk/A (sky130_fd_sc_hd__clkbuf_16)
     9    0.025471    0.046726    0.135325   20.261856 ^ clkbuf_2_2__f_clk/X (sky130_fd_sc_hd__clkbuf_16)
                                                         clknet_2_2__leaf_clk (net)
                      0.046731    0.000526   20.262383 ^ _235_/CLK (sky130_fd_sc_hd__dfxtp_2)
                                  0.000000   20.262383   clock reconvergence pessimism
                                 -0.058512   20.203871   library setup time
                                             20.203871   data required time
---------------------------------------------------------------------------------------------
                                             20.203871   data required time
                                             -3.193920   data arrival time
---------------------------------------------------------------------------------------------
                                             17.009951   slack (MET)


Startpoint: tx_start (input port clocked by clk)
Endpoint: _231_ (rising edge-triggered flip-flop clocked by clk)
Path Group: clk
Path Type: max

Fanout         Cap        Slew       Delay        Time   Description
---------------------------------------------------------------------------------------------
                                  0.000000    0.000000   clock clk (rise edge)
                                  0.000000    0.000000   clock network delay (propagated)
                                  2.000000    2.000000 v input external delay
     1    0.003931    0.000000    0.000000    2.000000 v tx_start (in)
                                                         tx_start (net)
                      0.000092    0.000046    2.000046 v input10/A (sky130_fd_sc_hd__clkdlybuf4s25_1)
     4    0.014040    0.114433    0.288054    2.288100 v input10/X (sky130_fd_sc_hd__clkdlybuf4s25_1)
                                                         net10 (net)
                      0.114433    0.000382    2.288482 v _169_/B (sky130_fd_sc_hd__and2_2)
     8    0.036013    0.103730    0.296131    2.584613 v _169_/X (sky130_fd_sc_hd__and2_2)
                                                         _088_ (net)
                      0.103774    0.002010    2.586623 v _187_/B (sky130_fd_sc_hd__nor2_2)
    11    0.038414    0.420230    0.357932    2.944555 ^ _187_/Y (sky130_fd_sc_hd__nor2_2)
                                                         _104_ (net)
                      0.420241    0.001886    2.946441 ^ _125_/C1 (sky130_fd_sc_hd__o211a_2)
     1    0.002053    0.041850    0.247258    3.193699 ^ _125_/X (sky130_fd_sc_hd__o211a_2)
                                                         _017_ (net)
                      0.041850    0.000041    3.193740 ^ _231_/D (sky130_fd_sc_hd__dfxtp_2)
                                              3.193740   data arrival time

                                 20.000000   20.000000   clock clk (rise edge)
                                  0.000000   20.000000   clock source latency
     1    0.012723    0.000000    0.000000   20.000000 ^ clk (in)
                                                         clk (net)
                      0.000922    0.000460   20.000460 ^ clkbuf_0_clk/A (sky130_fd_sc_hd__clkbuf_16)
     4    0.038347    0.058201    0.124910   20.125370 ^ clkbuf_0_clk/X (sky130_fd_sc_hd__clkbuf_16)
                                                         clknet_0_clk (net)
                      0.058235    0.001217   20.126587 ^ clkbuf_2_1__f_clk/A (sky130_fd_sc_hd__clkbuf_16)
     9    0.024993    0.046294    0.134817   20.261404 ^ clkbuf_2_1__f_clk/X (sky130_fd_sc_hd__clkbuf_16)
                                                         clknet_2_1__leaf_clk (net)
                      0.046309    0.000753   20.262157 ^ _231_/CLK (sky130_fd_sc_hd__dfxtp_2)
                                  0.000000   20.262157   clock reconvergence pessimism
                                 -0.057926   20.204229   library setup time
                                             20.204229   data required time
---------------------------------------------------------------------------------------------
                                             20.204229   data required time
                                             -3.193740   data arrival time
---------------------------------------------------------------------------------------------
                                             17.010490   slack (MET)


Startpoint: tx_start (input port clocked by clk)
Endpoint: _216_ (rising edge-triggered flip-flop clocked by clk)
Path Group: clk
Path Type: max

Fanout         Cap        Slew       Delay        Time   Description
---------------------------------------------------------------------------------------------
                                  0.000000    0.000000   clock clk (rise edge)
                                  0.000000    0.000000   clock network delay (propagated)
                                  2.000000    2.000000 v input external delay
     1    0.003931    0.000000    0.000000    2.000000 v tx_start (in)
                                                         tx_start (net)
                      0.000092    0.000046    2.000046 v input10/A (sky130_fd_sc_hd__clkdlybuf4s25_1)
     4    0.014040    0.114433    0.288054    2.288100 v input10/X (sky130_fd_sc_hd__clkdlybuf4s25_1)
                                                         net10 (net)
                      0.114433    0.000382    2.288482 v _169_/B (sky130_fd_sc_hd__and2_2)
     8    0.036013    0.103730    0.296131    2.584613 v _169_/X (sky130_fd_sc_hd__and2_2)
                                                         _088_ (net)
                      0.103774    0.002010    2.586623 v _187_/B (sky130_fd_sc_hd__nor2_2)
    11    0.038414    0.420230    0.357932    2.944555 ^ _187_/Y (sky130_fd_sc_hd__nor2_2)
                                                         _104_ (net)
                      0.420234    0.001184    2.945739 ^ _189_/B1 (sky130_fd_sc_hd__o21ai_2)
     1    0.005826    0.093097    0.111548    3.057287 v _189_/Y (sky130_fd_sc_hd__o21ai_2)
                                                         _106_ (net)
                      0.093097    0.000236    3.057524 v _190_/B1 (sky130_fd_sc_hd__a21oi_2)
     1    0.002846    0.081165    0.111064    3.168587 ^ _190_/Y (sky130_fd_sc_hd__a21oi_2)
                                                         _002_ (net)
                      0.081165    0.000089    3.168676 ^ _216_/D (sky130_fd_sc_hd__dfxtp_2)
                                              3.168676   data arrival time

                                 20.000000   20.000000   clock clk (rise edge)
                                  0.000000   20.000000   clock source latency
     1    0.012723    0.000000    0.000000   20.000000 ^ clk (in)
                                                         clk (net)
                      0.000922    0.000460   20.000460 ^ clkbuf_0_clk/A (sky130_fd_sc_hd__clkbuf_16)
     4    0.038347    0.058201    0.124910   20.125370 ^ clkbuf_0_clk/X (sky130_fd_sc_hd__clkbuf_16)
                                                         clknet_0_clk (net)
                      0.058231    0.001162   20.126532 ^ clkbuf_2_2__f_clk/A (sky130_fd_sc_hd__clkbuf_16)
     9    0.025471    0.046726    0.135325   20.261856 ^ clkbuf_2_2__f_clk/X (sky130_fd_sc_hd__clkbuf_16)
                                                         clknet_2_2__leaf_clk (net)
                      0.046736    0.000645   20.262501 ^ _216_/CLK (sky130_fd_sc_hd__dfxtp_2)
                                  0.000000   20.262501   clock reconvergence pessimism
                                 -0.067128   20.195374   library setup time
                                             20.195374   data required time
---------------------------------------------------------------------------------------------
                                             20.195374   data required time
                                             -3.168676   data arrival time
---------------------------------------------------------------------------------------------
                                             17.026697   slack (MET)


Startpoint: tx_start (input port clocked by clk)
Endpoint: _219_ (rising edge-triggered flip-flop clocked by clk)
Path Group: clk
Path Type: max

Fanout         Cap        Slew       Delay        Time   Description
---------------------------------------------------------------------------------------------
                                  0.000000    0.000000   clock clk (rise edge)
                                  0.000000    0.000000   clock network delay (propagated)
                                  2.000000    2.000000 v input external delay
     1    0.003931    0.000000    0.000000    2.000000 v tx_start (in)
                                                         tx_start (net)
                      0.000092    0.000046    2.000046 v input10/A (sky130_fd_sc_hd__clkdlybuf4s25_1)
     4    0.014040    0.114433    0.288054    2.288100 v input10/X (sky130_fd_sc_hd__clkdlybuf4s25_1)
                                                         net10 (net)
                      0.114433    0.000382    2.288482 v _169_/B (sky130_fd_sc_hd__and2_2)
     8    0.036013    0.103730    0.296131    2.584613 v _169_/X (sky130_fd_sc_hd__and2_2)
                                                         _088_ (net)
                      0.103774    0.002010    2.586623 v _187_/B (sky130_fd_sc_hd__nor2_2)
    11    0.038414    0.420230    0.357932    2.944555 ^ _187_/Y (sky130_fd_sc_hd__nor2_2)
                                                         _104_ (net)
                      0.420235    0.001225    2.945780 ^ _198_/B1 (sky130_fd_sc_hd__o21ai_2)
     1    0.005277    0.090788    0.108028    3.053808 v _198_/Y (sky130_fd_sc_hd__o21ai_2)
                                                         _036_ (net)
                      0.090788    0.000190    3.053998 v _199_/B1 (sky130_fd_sc_hd__a21oi_2)
     1    0.002722    0.079911    0.109146    3.163144 ^ _199_/Y (sky130_fd_sc_hd__a21oi_2)
                                                         _005_ (net)
                      0.079911    0.000085    3.163229 ^ _219_/D (sky130_fd_sc_hd__dfxtp_2)
                                              3.163229   data arrival time

                                 20.000000   20.000000   clock clk (rise edge)
                                  0.000000   20.000000   clock source latency
     1    0.012723    0.000000    0.000000   20.000000 ^ clk (in)
                                                         clk (net)
                      0.000922    0.000460   20.000460 ^ clkbuf_0_clk/A (sky130_fd_sc_hd__clkbuf_16)
     4    0.038347    0.058201    0.124910   20.125370 ^ clkbuf_0_clk/X (sky130_fd_sc_hd__clkbuf_16)
                                                         clknet_0_clk (net)
                      0.058231    0.001162   20.126532 ^ clkbuf_2_2__f_clk/A (sky130_fd_sc_hd__clkbuf_16)
     9    0.025471    0.046726    0.135325   20.261856 ^ clkbuf_2_2__f_clk/X (sky130_fd_sc_hd__clkbuf_16)
                                                         clknet_2_2__leaf_clk (net)
                      0.046733    0.000567   20.262423 ^ _219_/CLK (sky130_fd_sc_hd__dfxtp_2)
                                  0.000000   20.262423   clock reconvergence pessimism
                                 -0.066833   20.195589   library setup time
                                             20.195589   data required time
---------------------------------------------------------------------------------------------
                                             20.195589   data required time
                                             -3.163229   data arrival time
---------------------------------------------------------------------------------------------
                                             17.032360   slack (MET)


Startpoint: _215_ (rising edge-triggered flip-flop clocked by clk)
Endpoint: busy (output port clocked by clk)
Path Group: clk
Path Type: max

Fanout         Cap        Slew       Delay        Time   Description
---------------------------------------------------------------------------------------------
                                  0.000000    0.000000   clock clk (rise edge)
                                  0.000000    0.000000   clock source latency
     1    0.012723    0.000000    0.000000    0.000000 ^ clk (in)
                                                         clk (net)
                      0.000922    0.000461    0.000461 ^ clkbuf_0_clk/A (sky130_fd_sc_hd__clkbuf_16)
     4    0.038347    0.058201    0.124909    0.125370 ^ clkbuf_0_clk/X (sky130_fd_sc_hd__clkbuf_16)
                                                         clknet_0_clk (net)
                      0.058231    0.001162    0.126532 ^ clkbuf_2_2__f_clk/A (sky130_fd_sc_hd__clkbuf_16)
     9    0.025471    0.046726    0.135325    0.261857 ^ clkbuf_2_2__f_clk/X (sky130_fd_sc_hd__clkbuf_16)
                                                         clknet_2_2__leaf_clk (net)
                      0.046731    0.000525    0.262382 ^ _215_/CLK (sky130_fd_sc_hd__dfxtp_2)
     9    0.037125    0.190409    0.426376    0.688758 ^ _215_/Q (sky130_fd_sc_hd__dfxtp_2)
                                                         net11 (net)
                      0.190410    0.000893    0.689651 ^ output11/A (sky130_fd_sc_hd__clkdlybuf4s25_1)
     1    0.001616    0.033788    0.277057    0.966708 ^ output11/X (sky130_fd_sc_hd__clkdlybuf4s25_1)
                                                         busy (net)
                      0.033788    0.000029    0.966737 ^ busy (out)
                                              0.966737   data arrival time

                                 20.000000   20.000000   clock clk (rise edge)
                                  0.000000   20.000000   clock network delay (propagated)
                                  0.000000   20.000000   clock reconvergence pessimism
                                 -2.000000   18.000000   output external delay
                                             18.000000   data required time
---------------------------------------------------------------------------------------------
                                             18.000000   data required time
                                             -0.966737   data arrival time
---------------------------------------------------------------------------------------------
                                             17.033262   slack (MET)


Startpoint: tx_start (input port clocked by clk)
Endpoint: _243_ (rising edge-triggered flip-flop clocked by clk)
Path Group: clk
Path Type: max

Fanout         Cap        Slew       Delay        Time   Description
---------------------------------------------------------------------------------------------
                                  0.000000    0.000000   clock clk (rise edge)
                                  0.000000    0.000000   clock network delay (propagated)
                                  2.000000    2.000000 ^ input external delay
     1    0.004156    0.000000    0.000000    2.000000 ^ tx_start (in)
                                                         tx_start (net)
                      0.000101    0.000050    2.000050 ^ input10/A (sky130_fd_sc_hd__clkdlybuf4s25_1)
     4    0.015103    0.160313    0.313143    2.313193 ^ input10/X (sky130_fd_sc_hd__clkdlybuf4s25_1)
                                                         net10 (net)
                      0.160313    0.000477    2.313670 ^ _170_/B (sky130_fd_sc_hd__nand2_2)
     3    0.010951    0.065946    0.095365    2.409034 v _170_/Y (sky130_fd_sc_hd__nand2_2)
                                                         _089_ (net)
                      0.065946    0.000197    2.409232 v _138_/B1 (sky130_fd_sc_hd__o31a_2)
     8    0.034971    0.119899    0.189148    2.598379 v _138_/X (sky130_fd_sc_hd__o31a_2)
                                                         _066_ (net)
                      0.119900    0.000596    2.598975 v _161_/B1 (sky130_fd_sc_hd__a32o_2)
     1    0.002471    0.038397    0.239098    2.838073 v _161_/X (sky130_fd_sc_hd__a32o_2)
                                                         _082_ (net)
                      0.038397    0.000059    2.838132 v _162_/B (sky130_fd_sc_hd__or2_2)
     1    0.002450    0.052540    0.262128    3.100260 v _162_/X (sky130_fd_sc_hd__or2_2)
                                                         _029_ (net)
                      0.052540    0.000056    3.100315 v _243_/D (sky130_fd_sc_hd__dfxtp_2)
                                              3.100315   data arrival time

                                 20.000000   20.000000   clock clk (rise edge)
                                  0.000000   20.000000   clock source latency
     1    0.012723    0.000000    0.000000   20.000000 ^ clk (in)
                                                         clk (net)
                      0.000922    0.000460   20.000460 ^ clkbuf_0_clk/A (sky130_fd_sc_hd__clkbuf_16)
     4    0.038347    0.058201    0.124910   20.125370 ^ clkbuf_0_clk/X (sky130_fd_sc_hd__clkbuf_16)
                                                         clknet_0_clk (net)
                      0.058231    0.001162   20.126532 ^ clkbuf_2_2__f_clk/A (sky130_fd_sc_hd__clkbuf_16)
     9    0.025471    0.046726    0.135325   20.261856 ^ clkbuf_2_2__f_clk/X (sky130_fd_sc_hd__clkbuf_16)
                                                         clknet_2_2__leaf_clk (net)
                      0.046732    0.000554   20.262411 ^ _243_/CLK (sky130_fd_sc_hd__dfxtp_2)
                                  0.000000   20.262411   clock reconvergence pessimism
                                 -0.115771   20.146641   library setup time
                                             20.146641   data required time
---------------------------------------------------------------------------------------------
                                             20.146641   data required time
                                             -3.100315   data arrival time
---------------------------------------------------------------------------------------------
                                             17.046326   slack (MET)


Startpoint: tx_start (input port clocked by clk)
Endpoint: _221_ (rising edge-triggered flip-flop clocked by clk)
Path Group: clk
Path Type: max

Fanout         Cap        Slew       Delay        Time   Description
---------------------------------------------------------------------------------------------
                                  0.000000    0.000000   clock clk (rise edge)
                                  0.000000    0.000000   clock network delay (propagated)
                                  2.000000    2.000000 v input external delay
     1    0.003931    0.000000    0.000000    2.000000 v tx_start (in)
                                                         tx_start (net)
                      0.000092    0.000046    2.000046 v input10/A (sky130_fd_sc_hd__clkdlybuf4s25_1)
     4    0.014040    0.114433    0.288054    2.288100 v input10/X (sky130_fd_sc_hd__clkdlybuf4s25_1)
                                                         net10 (net)
                      0.114433    0.000442    2.288543 v _170_/B (sky130_fd_sc_hd__nand2_2)
     3    0.011671    0.079441    0.119708    2.408250 ^ _170_/Y (sky130_fd_sc_hd__nand2_2)
                                                         _089_ (net)
                      0.079441    0.000179    2.408430 ^ _188_/B (sky130_fd_sc_hd__nand2_2)
     8    0.032610    0.133534    0.136387    2.544816 v _188_/Y (sky130_fd_sc_hd__nand2_2)
                                                         _105_ (net)
                      0.133546    0.001051    2.545868 v _203_/B1 (sky130_fd_sc_hd__a211o_2)
     1    0.002221    0.044434    0.324418    2.870286 v _203_/X (sky130_fd_sc_hd__a211o_2)
                                                         _039_ (net)
                      0.044434    0.000066    2.870351 v _204_/B1_N (sky130_fd_sc_hd__o21ba_2)
     1    0.001877    0.030201    0.214386    3.084737 ^ _204_/X (sky130_fd_sc_hd__o21ba_2)
                                                         _007_ (net)
                      0.030201    0.000038    3.084774 ^ _221_/D (sky130_fd_sc_hd__dfxtp_2)
                                              3.084774   data arrival time

                                 20.000000   20.000000   clock clk (rise edge)
                                  0.000000   20.000000   clock source latency
     1    0.012723    0.000000    0.000000   20.000000 ^ clk (in)
                                                         clk (net)
                      0.000922    0.000460   20.000460 ^ clkbuf_0_clk/A (sky130_fd_sc_hd__clkbuf_16)
     4    0.038347    0.058201    0.124910   20.125370 ^ clkbuf_0_clk/X (sky130_fd_sc_hd__clkbuf_16)
                                                         clknet_0_clk (net)
                      0.058232    0.001165   20.126535 ^ clkbuf_2_3__f_clk/A (sky130_fd_sc_hd__clkbuf_16)
     8    0.024981    0.046269    0.134900   20.261436 ^ clkbuf_2_3__f_clk/X (sky130_fd_sc_hd__clkbuf_16)
                                                         clknet_2_3__leaf_clk (net)
                      0.046276    0.000524   20.261959 ^ _221_/CLK (sky130_fd_sc_hd__dfxtp_2)
                                  0.000000   20.261959   clock reconvergence pessimism
                                 -0.055186   20.206774   library setup time
                                             20.206774   data required time
---------------------------------------------------------------------------------------------
                                             20.206774   data required time
                                             -3.084774   data arrival time
---------------------------------------------------------------------------------------------
                                             17.121998   slack (MET)


Startpoint: _214_ (rising edge-triggered flip-flop clocked by clk)
Endpoint: tx (output port clocked by clk)
Path Group: clk
Path Type: max

Fanout         Cap        Slew       Delay        Time   Description
---------------------------------------------------------------------------------------------
                                  0.000000    0.000000   clock clk (rise edge)
                                  0.000000    0.000000   clock source latency
     1    0.012723    0.000000    0.000000    0.000000 ^ clk (in)
                                                         clk (net)
                      0.000922    0.000461    0.000461 ^ clkbuf_0_clk/A (sky130_fd_sc_hd__clkbuf_16)
     4    0.038347    0.058201    0.124909    0.125370 ^ clkbuf_0_clk/X (sky130_fd_sc_hd__clkbuf_16)
                                                         clknet_0_clk (net)
                      0.058236    0.001230    0.126600 ^ clkbuf_2_0__f_clk/A (sky130_fd_sc_hd__clkbuf_16)
     8    0.024693    0.046018    0.134540    0.261140 ^ clkbuf_2_0__f_clk/X (sky130_fd_sc_hd__clkbuf_16)
                                                         clknet_2_0__leaf_clk (net)
                      0.046026    0.000591    0.261730 ^ _214_/CLK (sky130_fd_sc_hd__dfxtp_2)
     2    0.007071    0.048263    0.321244    0.582974 ^ _214_/Q (sky130_fd_sc_hd__dfxtp_2)
                                                         net12 (net)
                      0.048263    0.000165    0.583139 ^ output12/A (sky130_fd_sc_hd__clkdlybuf4s25_1)
     1    0.001223    0.030485    0.232034    0.815173 ^ output12/X (sky130_fd_sc_hd__clkdlybuf4s25_1)
                                                         tx (net)
                      0.030485    0.000020    0.815193 ^ tx (out)
                                              0.815193   data arrival time

                                 20.000000   20.000000   clock clk (rise edge)
                                  0.000000   20.000000   clock network delay (propagated)
                                  0.000000   20.000000   clock reconvergence pessimism
                                 -2.000000   18.000000   output external delay
                                             18.000000   data required time
---------------------------------------------------------------------------------------------
                                             18.000000   data required time
                                             -0.815193   data arrival time
---------------------------------------------------------------------------------------------
                                             17.184807   slack (MET)


Startpoint: tx_start (input port clocked by clk)
Endpoint: _229_ (rising edge-triggered flip-flop clocked by clk)
Path Group: clk
Path Type: max

Fanout         Cap        Slew       Delay        Time   Description
---------------------------------------------------------------------------------------------
                                  0.000000    0.000000   clock clk (rise edge)
                                  0.000000    0.000000   clock network delay (propagated)
                                  2.000000    2.000000 v input external delay
     1    0.003931    0.000000    0.000000    2.000000 v tx_start (in)
                                                         tx_start (net)
                      0.000092    0.000046    2.000046 v input10/A (sky130_fd_sc_hd__clkdlybuf4s25_1)
     4    0.014040    0.114433    0.288054    2.288100 v input10/X (sky130_fd_sc_hd__clkdlybuf4s25_1)
                                                         net10 (net)
                      0.114433    0.000442    2.288543 v _170_/B (sky130_fd_sc_hd__nand2_2)
     3    0.011671    0.079441    0.119708    2.408250 ^ _170_/Y (sky130_fd_sc_hd__nand2_2)
                                                         _089_ (net)
                      0.079441    0.000179    2.408430 ^ _188_/B (sky130_fd_sc_hd__nand2_2)
     8    0.032610    0.133534    0.136387    2.544816 v _188_/Y (sky130_fd_sc_hd__nand2_2)
                                                         _105_ (net)
                      0.133549    0.001173    2.545990 v _118_/B1 (sky130_fd_sc_hd__a31o_2)
     1    0.002475    0.035589    0.239063    2.785053 v _118_/X (sky130_fd_sc_hd__a31o_2)
                                                         _053_ (net)
                      0.035589    0.000057    2.785110 v _119_/B1_N (sky130_fd_sc_hd__o21ba_2)
     1    0.002909    0.035267    0.216185    3.001295 ^ _119_/X (sky130_fd_sc_hd__o21ba_2)
                                                         _015_ (net)
                      0.035267    0.000096    3.001391 ^ _229_/D (sky130_fd_sc_hd__dfxtp_2)
                                              3.001391   data arrival time

                                 20.000000   20.000000   clock clk (rise edge)
                                  0.000000   20.000000   clock source latency
     1    0.012723    0.000000    0.000000   20.000000 ^ clk (in)
                                                         clk (net)
                      0.000922    0.000460   20.000460 ^ clkbuf_0_clk/A (sky130_fd_sc_hd__clkbuf_16)
     4    0.038347    0.058201    0.124910   20.125370 ^ clkbuf_0_clk/X (sky130_fd_sc_hd__clkbuf_16)
                                                         clknet_0_clk (net)
                      0.058235    0.001217   20.126587 ^ clkbuf_2_1__f_clk/A (sky130_fd_sc_hd__clkbuf_16)
     9    0.024993    0.046294    0.134817   20.261404 ^ clkbuf_2_1__f_clk/X (sky130_fd_sc_hd__clkbuf_16)
                                                         clknet_2_1__leaf_clk (net)
                      0.046308    0.000725   20.262129 ^ _229_/CLK (sky130_fd_sc_hd__dfxtp_2)
                                  0.000000   20.262129   clock reconvergence pessimism
                                 -0.056375   20.205753   library setup time
                                             20.205753   data required time
---------------------------------------------------------------------------------------------
                                             20.205753   data required time
                                             -3.001391   data arrival time
---------------------------------------------------------------------------------------------
                                             17.204363   slack (MET)


Startpoint: tx_start (input port clocked by clk)
Endpoint: _227_ (rising edge-triggered flip-flop clocked by clk)
Path Group: clk
Path Type: max

Fanout         Cap        Slew       Delay        Time   Description
---------------------------------------------------------------------------------------------
                                  0.000000    0.000000   clock clk (rise edge)
                                  0.000000    0.000000   clock network delay (propagated)
                                  2.000000    2.000000 v input external delay
     1    0.003931    0.000000    0.000000    2.000000 v tx_start (in)
                                                         tx_start (net)
                      0.000092    0.000046    2.000046 v input10/A (sky130_fd_sc_hd__clkdlybuf4s25_1)
     4    0.014040    0.114433    0.288054    2.288100 v input10/X (sky130_fd_sc_hd__clkdlybuf4s25_1)
                                                         net10 (net)
                      0.114433    0.000442    2.288543 v _170_/B (sky130_fd_sc_hd__nand2_2)
     3    0.011671    0.079441    0.119708    2.408250 ^ _170_/Y (sky130_fd_sc_hd__nand2_2)
                                                         _089_ (net)
                      0.079441    0.000179    2.408430 ^ _188_/B (sky130_fd_sc_hd__nand2_2)
     8    0.032610    0.133534    0.136387    2.544816 v _188_/Y (sky130_fd_sc_hd__nand2_2)
                                                         _105_ (net)
                      0.133548    0.001136    2.545952 v _112_/B1 (sky130_fd_sc_hd__a31o_2)
     1    0.001834    0.033903    0.235762    2.781714 v _112_/X (sky130_fd_sc_hd__a31o_2)
                                                         _049_ (net)
                      0.033903    0.000037    2.781752 v _113_/B1_N (sky130_fd_sc_hd__o21ba_2)
     1    0.003009    0.036070    0.216012    2.997764 ^ _113_/X (sky130_fd_sc_hd__o21ba_2)
                                                         _013_ (net)
                      0.036070    0.000077    2.997841 ^ _227_/D (sky130_fd_sc_hd__dfxtp_2)
                                              2.997841   data arrival time

                                 20.000000   20.000000   clock clk (rise edge)
                                  0.000000   20.000000   clock source latency
     1    0.012723    0.000000    0.000000   20.000000 ^ clk (in)
                                                         clk (net)
                      0.000922    0.000460   20.000460 ^ clkbuf_0_clk/A (sky130_fd_sc_hd__clkbuf_16)
     4    0.038347    0.058201    0.124910   20.125370 ^ clkbuf_0_clk/X (sky130_fd_sc_hd__clkbuf_16)
                                                         clknet_0_clk (net)
                      0.058235    0.001217   20.126587 ^ clkbuf_2_1__f_clk/A (sky130_fd_sc_hd__clkbuf_16)
     9    0.024993    0.046294    0.134817   20.261404 ^ clkbuf_2_1__f_clk/X (sky130_fd_sc_hd__clkbuf_16)
                                                         clknet_2_1__leaf_clk (net)
                      0.046307    0.000705   20.262110 ^ _227_/CLK (sky130_fd_sc_hd__dfxtp_2)
                                  0.000000   20.262110   clock reconvergence pessimism
                                 -0.056565   20.205545   library setup time
                                             20.205545   data required time
---------------------------------------------------------------------------------------------
                                             20.205545   data required time
                                             -2.997841   data arrival time
---------------------------------------------------------------------------------------------
                                             17.207705   slack (MET)


Startpoint: tx_start (input port clocked by clk)
Endpoint: _217_ (rising edge-triggered flip-flop clocked by clk)
Path Group: clk
Path Type: max

Fanout         Cap        Slew       Delay        Time   Description
---------------------------------------------------------------------------------------------
                                  0.000000    0.000000   clock clk (rise edge)
                                  0.000000    0.000000   clock network delay (propagated)
                                  2.000000    2.000000 v input external delay
     1    0.003931    0.000000    0.000000    2.000000 v tx_start (in)
                                                         tx_start (net)
                      0.000092    0.000046    2.000046 v input10/A (sky130_fd_sc_hd__clkdlybuf4s25_1)
     4    0.014040    0.114433    0.288054    2.288100 v input10/X (sky130_fd_sc_hd__clkdlybuf4s25_1)
                                                         net10 (net)
                      0.114433    0.000442    2.288543 v _170_/B (sky130_fd_sc_hd__nand2_2)
     3    0.011671    0.079441    0.119708    2.408250 ^ _170_/Y (sky130_fd_sc_hd__nand2_2)
                                                         _089_ (net)
                      0.079441    0.000179    2.408430 ^ _188_/B (sky130_fd_sc_hd__nand2_2)
     8    0.032610    0.133534    0.136387    2.544816 v _188_/Y (sky130_fd_sc_hd__nand2_2)
                                                         _105_ (net)
                      0.133537    0.000522    2.545338 v _193_/C1 (sky130_fd_sc_hd__a311o_2)
     1    0.005434    0.060600    0.343545    2.888883 v _193_/X (sky130_fd_sc_hd__a311o_2)
                                                         _033_ (net)
                      0.060600    0.000200    2.889082 v _194_/B (sky130_fd_sc_hd__nor2_2)
     1    0.002096    0.054527    0.069646    2.958728 ^ _194_/Y (sky130_fd_sc_hd__nor2_2)
                                                         _003_ (net)
                      0.054527    0.000042    2.958771 ^ _217_/D (sky130_fd_sc_hd__dfxtp_2)
                                              2.958771   data arrival time

                                 20.000000   20.000000   clock clk (rise edge)
                                  0.000000   20.000000   clock source latency
     1    0.012723    0.000000    0.000000   20.000000 ^ clk (in)
                                                         clk (net)
                      0.000922    0.000460   20.000460 ^ clkbuf_0_clk/A (sky130_fd_sc_hd__clkbuf_16)
     4    0.038347    0.058201    0.124910   20.125370 ^ clkbuf_0_clk/X (sky130_fd_sc_hd__clkbuf_16)
                                                         clknet_0_clk (net)
                      0.058231    0.001162   20.126532 ^ clkbuf_2_2__f_clk/A (sky130_fd_sc_hd__clkbuf_16)
     9    0.025471    0.046726    0.135325   20.261856 ^ clkbuf_2_2__f_clk/X (sky130_fd_sc_hd__clkbuf_16)
                                                         clknet_2_2__leaf_clk (net)
                      0.046735    0.000641   20.262499 ^ _217_/CLK (sky130_fd_sc_hd__dfxtp_2)
                                  0.000000   20.262499   clock reconvergence pessimism
                                 -0.060851   20.201647   library setup time
                                             20.201647   data required time
---------------------------------------------------------------------------------------------
                                             20.201647   data required time
                                             -2.958771   data arrival time
---------------------------------------------------------------------------------------------
                                             17.242876   slack (MET)


Startpoint: tx_start (input port clocked by clk)
Endpoint: _220_ (rising edge-triggered flip-flop clocked by clk)
Path Group: clk
Path Type: max

Fanout         Cap        Slew       Delay        Time   Description
---------------------------------------------------------------------------------------------
                                  0.000000    0.000000   clock clk (rise edge)
                                  0.000000    0.000000   clock network delay (propagated)
                                  2.000000    2.000000 ^ input external delay
     1    0.004156    0.000000    0.000000    2.000000 ^ tx_start (in)
                                                         tx_start (net)
                      0.000101    0.000050    2.000050 ^ input10/A (sky130_fd_sc_hd__clkdlybuf4s25_1)
     4    0.015103    0.160313    0.313143    2.313193 ^ input10/X (sky130_fd_sc_hd__clkdlybuf4s25_1)
                                                         net10 (net)
                      0.160313    0.000477    2.313670 ^ _170_/B (sky130_fd_sc_hd__nand2_2)
     3    0.010951    0.065946    0.095365    2.409034 v _170_/Y (sky130_fd_sc_hd__nand2_2)
                                                         _089_ (net)
                      0.065946    0.000167    2.409201 v _188_/B (sky130_fd_sc_hd__nand2_2)
     8    0.035856    0.193075    0.180069    2.589270 ^ _188_/Y (sky130_fd_sc_hd__nand2_2)
                                                         _105_ (net)
                      0.193085    0.001180    2.590450 ^ _191_/B (sky130_fd_sc_hd__nor2_2)
     3    0.008549    0.100616    0.069533    2.659983 v _191_/Y (sky130_fd_sc_hd__nor2_2)
                                                         _031_ (net)
                      0.100616    0.000180    2.660163 v _202_/C (sky130_fd_sc_hd__and3b_2)
     1    0.001940    0.035315    0.221861    2.882025 v _202_/X (sky130_fd_sc_hd__and3b_2)
                                                         _006_ (net)
                      0.035315    0.000039    2.882063 v _220_/D (sky130_fd_sc_hd__dfxtp_2)
                                              2.882063   data arrival time

                                 20.000000   20.000000   clock clk (rise edge)
                                  0.000000   20.000000   clock source latency
     1    0.012723    0.000000    0.000000   20.000000 ^ clk (in)
                                                         clk (net)
                      0.000922    0.000460   20.000460 ^ clkbuf_0_clk/A (sky130_fd_sc_hd__clkbuf_16)
     4    0.038347    0.058201    0.124910   20.125370 ^ clkbuf_0_clk/X (sky130_fd_sc_hd__clkbuf_16)
                                                         clknet_0_clk (net)
                      0.058232    0.001165   20.126535 ^ clkbuf_2_3__f_clk/A (sky130_fd_sc_hd__clkbuf_16)
     8    0.024981    0.046269    0.134900   20.261436 ^ clkbuf_2_3__f_clk/X (sky130_fd_sc_hd__clkbuf_16)
                                                         clknet_2_3__leaf_clk (net)
                      0.046275    0.000503   20.261938 ^ _220_/CLK (sky130_fd_sc_hd__dfxtp_2)
                                  0.000000   20.261938   clock reconvergence pessimism
                                 -0.108360   20.153580   library setup time
                                             20.153580   data required time
---------------------------------------------------------------------------------------------
                                             20.153580   data required time
                                             -2.882063   data arrival time
---------------------------------------------------------------------------------------------
                                             17.271517   slack (MET)


Startpoint: tx_start (input port clocked by clk)
Endpoint: _223_ (rising edge-triggered flip-flop clocked by clk)
Path Group: clk
Path Type: max

Fanout         Cap        Slew       Delay        Time   Description
---------------------------------------------------------------------------------------------
                                  0.000000    0.000000   clock clk (rise edge)
                                  0.000000    0.000000   clock network delay (propagated)
                                  2.000000    2.000000 ^ input external delay
     1    0.004156    0.000000    0.000000    2.000000 ^ tx_start (in)
                                                         tx_start (net)
                      0.000101    0.000050    2.000050 ^ input10/A (sky130_fd_sc_hd__clkdlybuf4s25_1)
     4    0.015103    0.160313    0.313143    2.313193 ^ input10/X (sky130_fd_sc_hd__clkdlybuf4s25_1)
                                                         net10 (net)
                      0.160313    0.000477    2.313670 ^ _170_/B (sky130_fd_sc_hd__nand2_2)
     3    0.010951    0.065946    0.095365    2.409034 v _170_/Y (sky130_fd_sc_hd__nand2_2)
                                                         _089_ (net)
                      0.065946    0.000167    2.409201 v _188_/B (sky130_fd_sc_hd__nand2_2)
     8    0.035856    0.193075    0.180069    2.589270 ^ _188_/Y (sky130_fd_sc_hd__nand2_2)
                                                         _105_ (net)
                      0.193085    0.001180    2.590450 ^ _191_/B (sky130_fd_sc_hd__nor2_2)
     3    0.008549    0.100616    0.069533    2.659983 v _191_/Y (sky130_fd_sc_hd__nor2_2)
                                                         _031_ (net)
                      0.100616    0.000196    2.660179 v _210_/A (sky130_fd_sc_hd__and3_2)
     1    0.002189    0.035510    0.188205    2.848383 v _210_/X (sky130_fd_sc_hd__and3_2)
                                                         _009_ (net)
                      0.035510    0.000046    2.848429 v _223_/D (sky130_fd_sc_hd__dfxtp_2)
                                              2.848429   data arrival time

                                 20.000000   20.000000   clock clk (rise edge)
                                  0.000000   20.000000   clock source latency
     1    0.012723    0.000000    0.000000   20.000000 ^ clk (in)
                                                         clk (net)
                      0.000922    0.000460   20.000460 ^ clkbuf_0_clk/A (sky130_fd_sc_hd__clkbuf_16)
     4    0.038347    0.058201    0.124910   20.125370 ^ clkbuf_0_clk/X (sky130_fd_sc_hd__clkbuf_16)
                                                         clknet_0_clk (net)
                      0.058232    0.001165   20.126535 ^ clkbuf_2_3__f_clk/A (sky130_fd_sc_hd__clkbuf_16)
     8    0.024981    0.046269    0.134900   20.261436 ^ clkbuf_2_3__f_clk/X (sky130_fd_sc_hd__clkbuf_16)
                                                         clknet_2_3__leaf_clk (net)
                      0.046275    0.000503   20.261938 ^ _223_/CLK (sky130_fd_sc_hd__dfxtp_2)
                                  0.000000   20.261938   clock reconvergence pessimism
                                 -0.108445   20.153494   library setup time
                                             20.153494   data required time
---------------------------------------------------------------------------------------------
                                             20.153494   data required time
                                             -2.848429   data arrival time
---------------------------------------------------------------------------------------------
                                             17.305065   slack (MET)


Startpoint: tx_start (input port clocked by clk)
Endpoint: _214_ (rising edge-triggered flip-flop clocked by clk)
Path Group: clk
Path Type: max

Fanout         Cap        Slew       Delay        Time   Description
---------------------------------------------------------------------------------------------
                                  0.000000    0.000000   clock clk (rise edge)
                                  0.000000    0.000000   clock network delay (propagated)
                                  2.000000    2.000000 ^ input external delay
     1    0.004156    0.000000    0.000000    2.000000 ^ tx_start (in)
                                                         tx_start (net)
                      0.000101    0.000050    2.000050 ^ input10/A (sky130_fd_sc_hd__clkdlybuf4s25_1)
     4    0.015103    0.160313    0.313143    2.313193 ^ input10/X (sky130_fd_sc_hd__clkdlybuf4s25_1)
                                                         net10 (net)
                      0.160313    0.000477    2.313670 ^ _170_/B (sky130_fd_sc_hd__nand2_2)
     3    0.010951    0.065946    0.095365    2.409034 v _170_/Y (sky130_fd_sc_hd__nand2_2)
                                                         _089_ (net)
                      0.065946    0.000236    2.409271 v _182_/B1 (sky130_fd_sc_hd__o211a_2)
     1    0.003303    0.041780    0.138660    2.547930 v _182_/X (sky130_fd_sc_hd__o211a_2)
                                                         _101_ (net)
                      0.041780    0.000111    2.548041 v _184_/B1 (sky130_fd_sc_hd__a211o_2)
     1    0.002576    0.045627    0.293784    2.841825 v _184_/X (sky130_fd_sc_hd__a211o_2)
                                                         _000_ (net)
                      0.045627    0.000079    2.841904 v _214_/D (sky130_fd_sc_hd__dfxtp_2)
                                              2.841904   data arrival time

                                 20.000000   20.000000   clock clk (rise edge)
                                  0.000000   20.000000   clock source latency
     1    0.012723    0.000000    0.000000   20.000000 ^ clk (in)
                                                         clk (net)
                      0.000922    0.000460   20.000460 ^ clkbuf_0_clk/A (sky130_fd_sc_hd__clkbuf_16)
     4    0.038347    0.058201    0.124910   20.125370 ^ clkbuf_0_clk/X (sky130_fd_sc_hd__clkbuf_16)
                                                         clknet_0_clk (net)
                      0.058236    0.001229   20.126600 ^ clkbuf_2_0__f_clk/A (sky130_fd_sc_hd__clkbuf_16)
     8    0.024693    0.046018    0.134541   20.261141 ^ clkbuf_2_0__f_clk/X (sky130_fd_sc_hd__clkbuf_16)
                                                         clknet_2_0__leaf_clk (net)
                      0.046026    0.000590   20.261730 ^ _214_/CLK (sky130_fd_sc_hd__dfxtp_2)
                                  0.000000   20.261730   clock reconvergence pessimism
                                 -0.112919   20.148811   library setup time
                                             20.148811   data required time
---------------------------------------------------------------------------------------------
                                             20.148811   data required time
                                             -2.841904   data arrival time
---------------------------------------------------------------------------------------------
                                             17.306906   slack (MET)


Startpoint: tx_start (input port clocked by clk)
Endpoint: _224_ (rising edge-triggered flip-flop clocked by clk)
Path Group: clk
Path Type: max

Fanout         Cap        Slew       Delay        Time   Description
---------------------------------------------------------------------------------------------
                                  0.000000    0.000000   clock clk (rise edge)
                                  0.000000    0.000000   clock network delay (propagated)
                                  2.000000    2.000000 v input external delay
     1    0.003931    0.000000    0.000000    2.000000 v tx_start (in)
                                                         tx_start (net)
                      0.000092    0.000046    2.000046 v input10/A (sky130_fd_sc_hd__clkdlybuf4s25_1)
     4    0.014040    0.114433    0.288054    2.288100 v input10/X (sky130_fd_sc_hd__clkdlybuf4s25_1)
                                                         net10 (net)
                      0.114433    0.000442    2.288543 v _170_/B (sky130_fd_sc_hd__nand2_2)
     3    0.011671    0.079441    0.119708    2.408250 ^ _170_/Y (sky130_fd_sc_hd__nand2_2)
                                                         _089_ (net)
                      0.079441    0.000179    2.408430 ^ _188_/B (sky130_fd_sc_hd__nand2_2)
     8    0.032610    0.133534    0.136387    2.544816 v _188_/Y (sky130_fd_sc_hd__nand2_2)
                                                         _105_ (net)
                      0.133546    0.001067    2.545884 v _191_/B (sky130_fd_sc_hd__nor2_2)
     3    0.008832    0.121204    0.149178    2.695061 ^ _191_/Y (sky130_fd_sc_hd__nor2_2)
                                                         _031_ (net)
                      0.121204    0.000175    2.695236 ^ _212_/C1 (sky130_fd_sc_hd__o211a_2)
     1    0.002523    0.039846    0.175036    2.870272 ^ _212_/X (sky130_fd_sc_hd__o211a_2)
                                                         _010_ (net)
                      0.039846    0.000077    2.870348 ^ _224_/D (sky130_fd_sc_hd__dfxtp_2)
                                              2.870348   data arrival time

                                 20.000000   20.000000   clock clk (rise edge)
                                  0.000000   20.000000   clock source latency
     1    0.012723    0.000000    0.000000   20.000000 ^ clk (in)
                                                         clk (net)
                      0.000922    0.000460   20.000460 ^ clkbuf_0_clk/A (sky130_fd_sc_hd__clkbuf_16)
     4    0.038347    0.058201    0.124910   20.125370 ^ clkbuf_0_clk/X (sky130_fd_sc_hd__clkbuf_16)
                                                         clknet_0_clk (net)
                      0.058232    0.001165   20.126535 ^ clkbuf_2_3__f_clk/A (sky130_fd_sc_hd__clkbuf_16)
     8    0.024981    0.046269    0.134900   20.261436 ^ clkbuf_2_3__f_clk/X (sky130_fd_sc_hd__clkbuf_16)
                                                         clknet_2_3__leaf_clk (net)
                      0.046275    0.000501   20.261936 ^ _224_/CLK (sky130_fd_sc_hd__dfxtp_2)
                                  0.000000   20.261936   clock reconvergence pessimism
                                 -0.057459   20.204477   library setup time
                                             20.204477   data required time
---------------------------------------------------------------------------------------------
                                             20.204477   data required time
                                             -2.870348   data arrival time
---------------------------------------------------------------------------------------------
                                             17.334127   slack (MET)


Startpoint: _227_ (rising edge-triggered flip-flop clocked by clk)
Endpoint: _234_ (rising edge-triggered flip-flop clocked by clk)
Path Group: clk
Path Type: max

Fanout         Cap        Slew       Delay        Time   Description
---------------------------------------------------------------------------------------------
                                  0.000000    0.000000   clock clk (rise edge)
                                  0.000000    0.000000   clock source latency
     1    0.012723    0.000000    0.000000    0.000000 ^ clk (in)
                                                         clk (net)
                      0.000922    0.000461    0.000461 ^ clkbuf_0_clk/A (sky130_fd_sc_hd__clkbuf_16)
     4    0.038347    0.058201    0.124909    0.125370 ^ clkbuf_0_clk/X (sky130_fd_sc_hd__clkbuf_16)
                                                         clknet_0_clk (net)
                      0.058235    0.001216    0.126586 ^ clkbuf_2_1__f_clk/A (sky130_fd_sc_hd__clkbuf_16)
     9    0.024993    0.046294    0.134817    0.261403 ^ clkbuf_2_1__f_clk/X (sky130_fd_sc_hd__clkbuf_16)
                                                         clknet_2_1__leaf_clk (net)
                      0.046307    0.000706    0.262109 ^ _227_/CLK (sky130_fd_sc_hd__dfxtp_2)
    10    0.031335    0.083209    0.363579    0.625688 v _227_/Q (sky130_fd_sc_hd__dfxtp_2)
                                                         baud_counter[11] (net)
                      0.083215    0.000744    0.626431 v _176_/A (sky130_fd_sc_hd__or4_2)
     1    0.001850    0.093163    0.652898    1.279329 v _176_/X (sky130_fd_sc_hd__or4_2)
                                                         _095_ (net)
                      0.093163    0.000038    1.279367 v _180_/A (sky130_fd_sc_hd__or4b_2)
     4    0.016507    0.148991    0.756429    2.035796 v _180_/X (sky130_fd_sc_hd__or4b_2)
                                                         _099_ (net)
                      0.148991    0.000528    2.036325 v _181_/B (sky130_fd_sc_hd__nor2_2)
    10    0.046452    0.501793    0.435690    2.472015 ^ _181_/Y (sky130_fd_sc_hd__nor2_2)
                                                         _100_ (net)
                      0.501796    0.001108    2.473122 ^ _130_/C (sky130_fd_sc_hd__and3_2)
     2    0.004800    0.056921    0.262509    2.735631 ^ _130_/X (sky130_fd_sc_hd__and3_2)
                                                         _061_ (net)
                      0.056921    0.000085    2.735716 ^ _135_/A2 (sky130_fd_sc_hd__o21a_2)
     1    0.002807    0.031502    0.107009    2.842725 ^ _135_/X (sky130_fd_sc_hd__o21a_2)
                                                         _020_ (net)
                      0.031502    0.000092    2.842817 ^ _234_/D (sky130_fd_sc_hd__dfxtp_2)
                                              2.842817   data arrival time

                                 20.000000   20.000000   clock clk (rise edge)
                                  0.000000   20.000000   clock source latency
     1    0.012723    0.000000    0.000000   20.000000 ^ clk (in)
                                                         clk (net)
                      0.000922    0.000460   20.000460 ^ clkbuf_0_clk/A (sky130_fd_sc_hd__clkbuf_16)
     4    0.038347    0.058201    0.124910   20.125370 ^ clkbuf_0_clk/X (sky130_fd_sc_hd__clkbuf_16)
                                                         clknet_0_clk (net)
                      0.058232    0.001165   20.126535 ^ clkbuf_2_3__f_clk/A (sky130_fd_sc_hd__clkbuf_16)
     8    0.024981    0.046269    0.134900   20.261436 ^ clkbuf_2_3__f_clk/X (sky130_fd_sc_hd__clkbuf_16)
                                                         clknet_2_3__leaf_clk (net)
                      0.046276    0.000528   20.261963 ^ _234_/CLK (sky130_fd_sc_hd__dfxtp_2)
                                  0.000000   20.261963   clock reconvergence pessimism
                                 -0.055492   20.206472   library setup time
                                             20.206472   data required time
---------------------------------------------------------------------------------------------
                                             20.206472   data required time
                                             -2.842817   data arrival time
---------------------------------------------------------------------------------------------
                                             17.363653   slack (MET)


Startpoint: _227_ (rising edge-triggered flip-flop clocked by clk)
Endpoint: _244_ (rising edge-triggered flip-flop clocked by clk)
Path Group: clk
Path Type: max

Fanout         Cap        Slew       Delay        Time   Description
---------------------------------------------------------------------------------------------
                                  0.000000    0.000000   clock clk (rise edge)
                                  0.000000    0.000000   clock source latency
     1    0.012723    0.000000    0.000000    0.000000 ^ clk (in)
                                                         clk (net)
                      0.000922    0.000461    0.000461 ^ clkbuf_0_clk/A (sky130_fd_sc_hd__clkbuf_16)
     4    0.038347    0.058201    0.124909    0.125370 ^ clkbuf_0_clk/X (sky130_fd_sc_hd__clkbuf_16)
                                                         clknet_0_clk (net)
                      0.058235    0.001216    0.126586 ^ clkbuf_2_1__f_clk/A (sky130_fd_sc_hd__clkbuf_16)
     9    0.024993    0.046294    0.134817    0.261403 ^ clkbuf_2_1__f_clk/X (sky130_fd_sc_hd__clkbuf_16)
                                                         clknet_2_1__leaf_clk (net)
                      0.046307    0.000706    0.262109 ^ _227_/CLK (sky130_fd_sc_hd__dfxtp_2)
    10    0.031335    0.083209    0.363579    0.625688 v _227_/Q (sky130_fd_sc_hd__dfxtp_2)
                                                         baud_counter[11] (net)
                      0.083215    0.000744    0.626431 v _176_/A (sky130_fd_sc_hd__or4_2)
     1    0.001850    0.093163    0.652898    1.279329 v _176_/X (sky130_fd_sc_hd__or4_2)
                                                         _095_ (net)
                      0.093163    0.000038    1.279367 v _180_/A (sky130_fd_sc_hd__or4b_2)
     4    0.016507    0.148991    0.756429    2.035796 v _180_/X (sky130_fd_sc_hd__or4b_2)
                                                         _099_ (net)
                      0.148991    0.000528    2.036325 v _181_/B (sky130_fd_sc_hd__nor2_2)
    10    0.046452    0.501793    0.435690    2.472015 ^ _181_/Y (sky130_fd_sc_hd__nor2_2)
                                                         _100_ (net)
                      0.501795    0.000908    2.472923 ^ _128_/B (sky130_fd_sc_hd__nand2_2)
     1    0.003405    0.076649    0.086257    2.559180 v _128_/Y (sky130_fd_sc_hd__nand2_2)
                                                         _059_ (net)
                      0.076649    0.000115    2.559295 v _163_/A2 (sky130_fd_sc_hd__a21o_2)
     1    0.002920    0.033644    0.215471    2.774766 v _163_/X (sky130_fd_sc_hd__a21o_2)
                                                         _030_ (net)
                      0.033644    0.000071    2.774837 v _244_/D (sky130_fd_sc_hd__dfxtp_2)
                                              2.774837   data arrival time

                                 20.000000   20.000000   clock clk (rise edge)
                                  0.000000   20.000000   clock source latency
     1    0.012723    0.000000    0.000000   20.000000 ^ clk (in)
                                                         clk (net)
                      0.000922    0.000460   20.000460 ^ clkbuf_0_clk/A (sky130_fd_sc_hd__clkbuf_16)
     4    0.038347    0.058201    0.124910   20.125370 ^ clkbuf_0_clk/X (sky130_fd_sc_hd__clkbuf_16)
                                                         clknet_0_clk (net)
                      0.058231    0.001162   20.126532 ^ clkbuf_2_2__f_clk/A (sky130_fd_sc_hd__clkbuf_16)
     9    0.025471    0.046726    0.135325   20.261856 ^ clkbuf_2_2__f_clk/X (sky130_fd_sc_hd__clkbuf_16)
                                                         clknet_2_2__leaf_clk (net)
                      0.046738    0.000696   20.262552 ^ _244_/CLK (sky130_fd_sc_hd__dfxtp_2)
                                  0.000000   20.262552   clock reconvergence pessimism
                                 -0.107523   20.155029   library setup time
                                             20.155029   data required time
---------------------------------------------------------------------------------------------
                                             20.155029   data required time
                                             -2.774837   data arrival time
---------------------------------------------------------------------------------------------
                                             17.380192   slack (MET)


Startpoint: _227_ (rising edge-triggered flip-flop clocked by clk)
Endpoint: _215_ (rising edge-triggered flip-flop clocked by clk)
Path Group: clk
Path Type: max

Fanout         Cap        Slew       Delay        Time   Description
---------------------------------------------------------------------------------------------
                                  0.000000    0.000000   clock clk (rise edge)
                                  0.000000    0.000000   clock source latency
     1    0.012723    0.000000    0.000000    0.000000 ^ clk (in)
                                                         clk (net)
                      0.000922    0.000461    0.000461 ^ clkbuf_0_clk/A (sky130_fd_sc_hd__clkbuf_16)
     4    0.038347    0.058201    0.124909    0.125370 ^ clkbuf_0_clk/X (sky130_fd_sc_hd__clkbuf_16)
                                                         clknet_0_clk (net)
                      0.058235    0.001216    0.126586 ^ clkbuf_2_1__f_clk/A (sky130_fd_sc_hd__clkbuf_16)
     9    0.024993    0.046294    0.134817    0.261403 ^ clkbuf_2_1__f_clk/X (sky130_fd_sc_hd__clkbuf_16)
                                                         clknet_2_1__leaf_clk (net)
                      0.046307    0.000706    0.262109 ^ _227_/CLK (sky130_fd_sc_hd__dfxtp_2)
    10    0.031335    0.083209    0.363579    0.625688 v _227_/Q (sky130_fd_sc_hd__dfxtp_2)
                                                         baud_counter[11] (net)
                      0.083215    0.000744    0.626431 v _176_/A (sky130_fd_sc_hd__or4_2)
     1    0.001850    0.093163    0.652898    1.279329 v _176_/X (sky130_fd_sc_hd__or4_2)
                                                         _095_ (net)
                      0.093163    0.000038    1.279367 v _180_/A (sky130_fd_sc_hd__or4b_2)
     4    0.016507    0.148991    0.756429    2.035796 v _180_/X (sky130_fd_sc_hd__or4b_2)
                                                         _099_ (net)
                      0.148991    0.000528    2.036325 v _181_/B (sky130_fd_sc_hd__nor2_2)
    10    0.046452    0.501793    0.435690    2.472015 ^ _181_/Y (sky130_fd_sc_hd__nor2_2)
                                                         _100_ (net)
                      0.501795    0.000745    2.472759 ^ _185_/B (sky130_fd_sc_hd__nand2_2)
     2    0.005249    0.084891    0.100644    2.573404 v _185_/Y (sky130_fd_sc_hd__nand2_2)
                                                         _103_ (net)
                      0.084892    0.000166    2.573570 v _186_/C1 (sky130_fd_sc_hd__o211a_2)
     1    0.002410    0.039197    0.127261    2.700831 v _186_/X (sky130_fd_sc_hd__o211a_2)
                                                         _001_ (net)
                      0.039197    0.000054    2.700885 v _215_/D (sky130_fd_sc_hd__dfxtp_2)
                                              2.700885   data arrival time

                                 20.000000   20.000000   clock clk (rise edge)
                                  0.000000   20.000000   clock source latency
     1    0.012723    0.000000    0.000000   20.000000 ^ clk (in)
                                                         clk (net)
                      0.000922    0.000460   20.000460 ^ clkbuf_0_clk/A (sky130_fd_sc_hd__clkbuf_16)
     4    0.038347    0.058201    0.124910   20.125370 ^ clkbuf_0_clk/X (sky130_fd_sc_hd__clkbuf_16)
                                                         clknet_0_clk (net)
                      0.058231    0.001162   20.126532 ^ clkbuf_2_2__f_clk/A (sky130_fd_sc_hd__clkbuf_16)
     9    0.025471    0.046726    0.135325   20.261856 ^ clkbuf_2_2__f_clk/X (sky130_fd_sc_hd__clkbuf_16)
                                                         clknet_2_2__leaf_clk (net)
                      0.046731    0.000526   20.262383 ^ _215_/CLK (sky130_fd_sc_hd__dfxtp_2)
                                  0.000000   20.262383   clock reconvergence pessimism
                                 -0.109947   20.152435   library setup time
                                             20.152435   data required time
---------------------------------------------------------------------------------------------
                                             20.152435   data required time
                                             -2.700885   data arrival time
---------------------------------------------------------------------------------------------
                                             17.451550   slack (MET)


Startpoint: _227_ (rising edge-triggered flip-flop clocked by clk)
Endpoint: _232_ (rising edge-triggered flip-flop clocked by clk)
Path Group: clk
Path Type: max

Fanout         Cap        Slew       Delay        Time   Description
---------------------------------------------------------------------------------------------
                                  0.000000    0.000000   clock clk (rise edge)
                                  0.000000    0.000000   clock source latency
     1    0.012723    0.000000    0.000000    0.000000 ^ clk (in)
                                                         clk (net)
                      0.000922    0.000461    0.000461 ^ clkbuf_0_clk/A (sky130_fd_sc_hd__clkbuf_16)
     4    0.038347    0.058201    0.124909    0.125370 ^ clkbuf_0_clk/X (sky130_fd_sc_hd__clkbuf_16)
                                                         clknet_0_clk (net)
                      0.058235    0.001216    0.126586 ^ clkbuf_2_1__f_clk/A (sky130_fd_sc_hd__clkbuf_16)
     9    0.024993    0.046294    0.134817    0.261403 ^ clkbuf_2_1__f_clk/X (sky130_fd_sc_hd__clkbuf_16)
                                                         clknet_2_1__leaf_clk (net)
                      0.046307    0.000706    0.262109 ^ _227_/CLK (sky130_fd_sc_hd__dfxtp_2)
    10    0.031335    0.083209    0.363579    0.625688 v _227_/Q (sky130_fd_sc_hd__dfxtp_2)
                                                         baud_counter[11] (net)
                      0.083215    0.000744    0.626431 v _176_/A (sky130_fd_sc_hd__or4_2)
     1    0.001850    0.093163    0.652898    1.279329 v _176_/X (sky130_fd_sc_hd__or4_2)
                                                         _095_ (net)
                      0.093163    0.000038    1.279367 v _180_/A (sky130_fd_sc_hd__or4b_2)
     4    0.016507    0.148991    0.756429    2.035796 v _180_/X (sky130_fd_sc_hd__or4b_2)
                                                         _099_ (net)
                      0.148991    0.000528    2.036325 v _181_/B (sky130_fd_sc_hd__nor2_2)
    10    0.046452    0.501793    0.435690    2.472015 ^ _181_/Y (sky130_fd_sc_hd__nor2_2)
                                                         _100_ (net)
                      0.501797    0.001178    2.473193 ^ _126_/B (sky130_fd_sc_hd__xnor2_2)
     1    0.005522    0.128961    0.168743    2.641936 ^ _126_/Y (sky130_fd_sc_hd__xnor2_2)
                                                         _058_ (net)
                      0.128961    0.000138    2.642074 ^ _127_/B (sky130_fd_sc_hd__nor2_2)
     1    0.002898    0.043551    0.042045    2.684119 v _127_/Y (sky130_fd_sc_hd__nor2_2)
                                                         _018_ (net)
                      0.043551    0.000091    2.684210 v _232_/D (sky130_fd_sc_hd__dfxtp_2)
                                              2.684210   data arrival time

                                 20.000000   20.000000   clock clk (rise edge)
                                  0.000000   20.000000   clock source latency
     1    0.012723    0.000000    0.000000   20.000000 ^ clk (in)
                                                         clk (net)
                      0.000922    0.000460   20.000460 ^ clkbuf_0_clk/A (sky130_fd_sc_hd__clkbuf_16)
     4    0.038347    0.058201    0.124910   20.125370 ^ clkbuf_0_clk/X (sky130_fd_sc_hd__clkbuf_16)
                                                         clknet_0_clk (net)
                      0.058235    0.001217   20.126587 ^ clkbuf_2_1__f_clk/A (sky130_fd_sc_hd__clkbuf_16)
     9    0.024993    0.046294    0.134817   20.261404 ^ clkbuf_2_1__f_clk/X (sky130_fd_sc_hd__clkbuf_16)
                                                         clknet_2_1__leaf_clk (net)
                      0.046299    0.000497   20.261902 ^ _232_/CLK (sky130_fd_sc_hd__dfxtp_2)
                                  0.000000   20.261902   clock reconvergence pessimism
                                 -0.111949   20.149952   library setup time
                                             20.149952   data required time
---------------------------------------------------------------------------------------------
                                             20.149952   data required time
                                             -2.684210   data arrival time
---------------------------------------------------------------------------------------------
                                             17.465742   slack (MET)



%OL_END_REPORT
%OL_CREATE_REPORT checks.rpt

===========================================================================
report_checks -unconstrained
===========================================================================
======================= nom_tt_025C_1v80 Corner ===================================

Startpoint: tx_start (input port clocked by clk)
Endpoint: _236_ (rising edge-triggered flip-flop clocked by clk)
Path Group: clk
Path Type: max

Fanout         Cap        Slew       Delay        Time   Description
---------------------------------------------------------------------------------------------
                                  0.000000    0.000000   clock clk (rise edge)
                                  0.000000    0.000000   clock network delay (propagated)
                                  2.000000    2.000000 ^ input external delay
     1    0.004156    0.000000    0.000000    2.000000 ^ tx_start (in)
                                                         tx_start (net)
                      0.000101    0.000050    2.000050 ^ input10/A (sky130_fd_sc_hd__clkdlybuf4s25_1)
     4    0.015103    0.160313    0.313143    2.313193 ^ input10/X (sky130_fd_sc_hd__clkdlybuf4s25_1)
                                                         net10 (net)
                      0.160313    0.000411    2.313604 ^ _169_/B (sky130_fd_sc_hd__and2_2)
     8    0.038262    0.200322    0.290201    2.603805 ^ _169_/X (sky130_fd_sc_hd__and2_2)
                                                         _088_ (net)
                      0.200355    0.002570    2.606375 ^ _139_/S (sky130_fd_sc_hd__mux2_1)
     1    0.004096    0.061924    0.351548    2.957923 v _139_/X (sky130_fd_sc_hd__mux2_1)
                                                         _067_ (net)
                      0.061924    0.000151    2.958074 v _140_/A0 (sky130_fd_sc_hd__mux2_1)
     1    0.002638    0.054109    0.280737    3.238811 v _140_/X (sky130_fd_sc_hd__mux2_1)
                                                         _068_ (net)
                      0.054109    0.000083    3.238894 v _141_/B (sky130_fd_sc_hd__or2_2)
     1    0.002601    0.052988    0.268056    3.506950 v _141_/X (sky130_fd_sc_hd__or2_2)
                                                         _022_ (net)
                      0.052988    0.000079    3.507029 v _236_/D (sky130_fd_sc_hd__dfxtp_2)
                                              3.507029   data arrival time

                                 20.000000   20.000000   clock clk (rise edge)
                                  0.000000   20.000000   clock source latency
     1    0.012723    0.000000    0.000000   20.000000 ^ clk (in)
                                                         clk (net)
                      0.000922    0.000460   20.000460 ^ clkbuf_0_clk/A (sky130_fd_sc_hd__clkbuf_16)
     4    0.038347    0.058201    0.124910   20.125370 ^ clkbuf_0_clk/X (sky130_fd_sc_hd__clkbuf_16)
                                                         clknet_0_clk (net)
                      0.058236    0.001229   20.126600 ^ clkbuf_2_0__f_clk/A (sky130_fd_sc_hd__clkbuf_16)
     8    0.024693    0.046018    0.134541   20.261141 ^ clkbuf_2_0__f_clk/X (sky130_fd_sc_hd__clkbuf_16)
                                                         clknet_2_0__leaf_clk (net)
                      0.046022    0.000487   20.261627 ^ _236_/CLK (sky130_fd_sc_hd__dfxtp_2)
                                  0.000000   20.261627   clock reconvergence pessimism
                                 -0.116133   20.145494   library setup time
                                             20.145494   data required time
---------------------------------------------------------------------------------------------
                                             20.145494   data required time
                                             -3.507029   data arrival time
---------------------------------------------------------------------------------------------
                                             16.638466   slack (MET)




===========================================================================
report_checks --slack_max -0.01
============================================================================
======================= nom_tt_025C_1v80 Corner ===================================

No paths found.


===========================================================================
 report_check_types -max_slew -max_cap -max_fanout -violators
============================================================================
======================= nom_tt_025C_1v80 Corner ===================================



===========================================================================
report_parasitic_annotation -report_unannotated
============================================================================
Found 3 unannotated drivers.
 clkload0/X
 clkload1/X
 clkload2/X
Found 0 partially unannotated drivers.

===========================================================================
max slew violation count 0
Writing metric design__max_slew_violation__count__corner:nom_tt_025C_1v80: 0
max fanout violation count 0
Writing metric design__max_fanout_violation__count__corner:nom_tt_025C_1v80: 0
max cap violation count 0
Writing metric design__max_cap_violation__count__corner:nom_tt_025C_1v80: 0
============================================================================

===========================================================================
check_setup -verbose -unconstrained_endpoints -multiple_clock -no_clock -no_input_delay -loops -generated_clocks
===========================================================================
%OL_END_REPORT
%OL_CREATE_REPORT power.rpt

===========================================================================
 report_power
============================================================================
======================= nom_tt_025C_1v80 Corner ===================================

Group                    Internal    Switching      Leakage        Total
                            Power        Power        Power        Power (Watts)
------------------------------------------------------------------------
Sequential           6.343314e-05 1.162495e-06 2.576924e-10 6.459589e-05  42.7%
Combinational        6.029310e-06 4.061145e-06 4.087778e-10 1.009086e-05   6.7%
Clock                5.404513e-05 2.243433e-05 2.296378e-10 7.647969e-05  50.6%
Macro                0.000000e+00 0.000000e+00 0.000000e+00 0.000000e+00   0.0%
Pad                  0.000000e+00 0.000000e+00 0.000000e+00 0.000000e+00   0.0%
------------------------------------------------------------------------
Total                1.235076e-04 2.765796e-05 8.961075e-10 1.511665e-04 100.0%
                            81.7%        18.3%         0.0%
Writing metric power__internal__total: 0.00012350759061519057
Writing metric power__switching__total: 2.7657963073579594e-5
Writing metric power__leakage__total: 8.961075215196956e-10
Writing metric power__total: 0.00015116645954549313

%OL_END_REPORT
%OL_CREATE_REPORT skew.min.rpt

===========================================================================
Clock Skew (Hold)
============================================================================
Writing metric clock__skew__worst_hold__corner:nom_tt_025C_1v80: 0.0008736345227856074
======================= nom_tt_025C_1v80 Corner ===================================

Clock clk
0.262501 source latency _216_/CLK ^
-0.261628 target latency _236_/CLK ^
0.000000 CRPR
--------------
0.000874 hold skew

%OL_END_REPORT
%OL_CREATE_REPORT skew.max.rpt

===========================================================================
Clock Skew (Setup)
============================================================================
Writing metric clock__skew__worst_setup__corner:nom_tt_025C_1v80: 0.0008736345227856074
======================= nom_tt_025C_1v80 Corner ===================================

Clock clk
0.262501 source latency _216_/CLK ^
-0.261628 target latency _236_/CLK ^
0.000000 CRPR
--------------
0.000874 setup skew

%OL_END_REPORT
%OL_CREATE_REPORT ws.min.rpt

===========================================================================
Worst Slack (Hold)
============================================================================
Writing metric timing__hold__ws__corner:nom_tt_025C_1v80: 0.45515925650138295
nom_tt_025C_1v80: 0.45515925650138295
%OL_END_REPORT
%OL_CREATE_REPORT ws.max.rpt

===========================================================================
Worst Slack (Setup)
============================================================================
Writing metric timing__setup__ws__corner:nom_tt_025C_1v80: 16.63846529870163
nom_tt_025C_1v80: 16.63846529870163
%OL_END_REPORT
%OL_CREATE_REPORT tns.min.rpt

===========================================================================
Total Negative Slack (Hold)
============================================================================
Writing metric timing__hold__tns__corner:nom_tt_025C_1v80: 0.0
nom_tt_025C_1v80: 0.0
%OL_END_REPORT
%OL_CREATE_REPORT tns.max.rpt

===========================================================================
Total Negative Slack (Setup)
============================================================================
Writing metric timing__setup__tns__corner:nom_tt_025C_1v80: 0.0
nom_tt_025C_1v80: 0.0
%OL_END_REPORT
%OL_CREATE_REPORT wns.min.rpt

===========================================================================
Worst Negative Slack (Hold)
============================================================================
Writing metric timing__hold__wns__corner:nom_tt_025C_1v80: 0
nom_tt_025C_1v80: 0
%OL_END_REPORT
%OL_CREATE_REPORT wns.max.rpt

===========================================================================
Worst Negative Slack (Setup)
============================================================================
Writing metric timing__setup__wns__corner:nom_tt_025C_1v80: 0.0
nom_tt_025C_1v80: 0.0
%OL_END_REPORT
%OL_CREATE_REPORT violator_list.rpt

===========================================================================
Violator List
============================================================================
Writing metric timing__hold_vio__count__corner:nom_tt_025C_1v80: 0
Writing metric timing__hold_r2r__ws__corner:nom_tt_025C_1v80: 0.455159
Writing metric timing__hold_r2r_vio__count__corner:nom_tt_025C_1v80: 0
Writing metric timing__setup_vio__count__corner:nom_tt_025C_1v80: 0
Writing metric timing__setup_r2r__ws__corner:nom_tt_025C_1v80: 17.363653
Writing metric timing__setup_r2r_vio__count__corner:nom_tt_025C_1v80: 0
%OL_END_REPORT
%OL_CREATE_REPORT unpropagated.rpt
%OL_END_REPORT
%OL_CREATE_REPORT clock.rpt
Clock: clk
Sources: clk 
Generated: no
Virtual: yes
Propagated: no
Period: 20.000000

===========================================================================
report_clock_properties
============================================================================
Clock                   Period          Waveform
----------------------------------------------------
clk                  20.000000    0.000000 10.000000

===========================================================================
report_clock_latency
============================================================================
Clock clk
rise -> rise
    min     max
0.000000 0.000000 source latency
0.261628         network latency _236_/CLK
        0.262553 network latency _244_/CLK
---------------
0.261628 0.262553 latency
        0.000925 skew

fall -> fall
    min     max
0.000000 0.000000 source latency
0.287988         network latency _236_/CLK
        0.288830 network latency _244_/CLK
---------------
0.287988 0.288830 latency
        0.000842 skew



===========================================================================
report_clock_min_period
============================================================================
clk period_min = 2.91 fmax = 343.35
%OL_END_REPORT
