+ define_corners max_ss_100C_1v60
Reading timing models for corner max_ss_100C_1v60…
Reading cell library for the 'max_ss_100C_1v60' corner at '/home/gp7871/.ciel/ciel/sky130/versions/8afc8346a57fe1ab7934ba5a6056ea8b43078e71/ciel/sky130/versions/8afc8346a57fe1ab7934ba5a6056ea8b43078e71/sky130A/libs.ref/sky130_fd_sc_hd/lib/sky130_fd_sc_hd__ss_100C_1v60.lib'…
Reading top-level netlist at '/home/gp7871/VLSI_Freelancing/projects/uart_tx_rtl_to_gds/runs/RUN_2026-09-16_17-29-04/52-openroad-fillinsertion/uart_tx.nl.v'…
Linking design 'uart_tx' from netlist…
Warning: /home/gp7871/VLSI_Freelancing/projects/uart_tx_rtl_to_gds/runs/RUN_2026-09-16_17-29-04/52-openroad-fillinsertion/uart_tx.nl.v line 181, module sky130_fd_sc_hd__fill_1 not found. Creating black box for FILLER_0_27.
Warning: /home/gp7871/VLSI_Freelancing/projects/uart_tx_rtl_to_gds/runs/RUN_2026-09-16_17-29-04/52-openroad-fillinsertion/uart_tx.nl.v line 202, module sky130_fd_sc_hd__fill_2 not found. Creating black box for FILLER_10_11.
Warning: /home/gp7871/VLSI_Freelancing/projects/uart_tx_rtl_to_gds/runs/RUN_2026-09-16_17-29-04/52-openroad-fillinsertion/uart_tx.nl.v line 752, module sky130_fd_sc_hd__tapvpwrvgnd_1 not found. Creating black box for TAP_TAPCELL_ROW_0_46.
Reading design constraints file at '/home/gp7871/VLSI_Freelancing/projects/uart_tx_rtl_to_gds/constraints/uart_tx.sdc'…
[INFO] No information on clock propagation in input SDC file-- propagating all clocks.
Reading top-level design parasitics for the 'max_ss_100C_1v60' corner at '/home/gp7871/VLSI_Freelancing/projects/uart_tx_rtl_to_gds/runs/RUN_2026-09-16_17-29-04/54-openroad-rcx/max/uart_tx.max.spef'…
%OL_CREATE_REPORT min.rpt

===========================================================================
report_checks -path_delay min (Hold)
============================================================================
======================= max_ss_100C_1v60 Corner ===================================

Startpoint: _244_ (rising edge-triggered flip-flop clocked by clk)
Endpoint: _244_ (rising edge-triggered flip-flop clocked by clk)
Path Group: clk
Path Type: min

Fanout         Cap        Slew       Delay        Time   Description
---------------------------------------------------------------------------------------------
                                  0.000000    0.000000   clock clk (rise edge)
                                  0.000000    0.000000   clock source latency
     1    0.015844    0.000000    0.000000    0.000000 ^ clk (in)
                                                         clk (net)
                      0.002072    0.001036    0.001036 ^ clkbuf_0_clk/A (sky130_fd_sc_hd__clkbuf_16)
     4    0.041074    0.095022    0.220717    0.221754 ^ clkbuf_0_clk/X (sky130_fd_sc_hd__clkbuf_16)
                                                         clknet_0_clk (net)
                      0.095104    0.002462    0.224216 ^ clkbuf_2_2__f_clk/A (sky130_fd_sc_hd__clkbuf_16)
     9    0.026023    0.075109    0.241090    0.465306 ^ clkbuf_2_2__f_clk/X (sky130_fd_sc_hd__clkbuf_16)
                                                         clknet_2_2__leaf_clk (net)
                      0.075151    0.001553    0.466860 ^ _244_/CLK (sky130_fd_sc_hd__dfxtp_2)
     2    0.007152    0.082104    0.666502    1.133362 ^ _244_/Q (sky130_fd_sc_hd__dfxtp_2)
                                                         tx_shift[9] (net)
                      0.082104    0.000394    1.133756 ^ _163_/A1 (sky130_fd_sc_hd__a21o_2)
     1    0.002440    0.048784    0.222023    1.355778 ^ _163_/X (sky130_fd_sc_hd__a21o_2)
                                                         _030_ (net)
                      0.048784    0.000176    1.355954 ^ _244_/D (sky130_fd_sc_hd__dfxtp_2)
                                              1.355954   data arrival time

                                  0.000000    0.000000   clock clk (rise edge)
                                  0.000000    0.000000   clock source latency
     1    0.015844    0.000000    0.000000    0.000000 ^ clk (in)
                                                         clk (net)
                      0.002072    0.001036    0.001036 ^ clkbuf_0_clk/A (sky130_fd_sc_hd__clkbuf_16)
     4    0.041074    0.095022    0.220717    0.221754 ^ clkbuf_0_clk/X (sky130_fd_sc_hd__clkbuf_16)
                                                         clknet_0_clk (net)
                      0.095104    0.002462    0.224216 ^ clkbuf_2_2__f_clk/A (sky130_fd_sc_hd__clkbuf_16)
     9    0.026023    0.075109    0.241090    0.465306 ^ clkbuf_2_2__f_clk/X (sky130_fd_sc_hd__clkbuf_16)
                                                         clknet_2_2__leaf_clk (net)
                      0.075151    0.001553    0.466860 ^ _244_/CLK (sky130_fd_sc_hd__dfxtp_2)
                                  0.000000    0.466860   clock reconvergence pessimism
                                 -0.066209    0.400650   library hold time
                                              0.400650   data required time
---------------------------------------------------------------------------------------------
                                              0.400650   data required time
                                             -1.355954   data arrival time
---------------------------------------------------------------------------------------------
                                              0.955304   slack (MET)


Startpoint: _219_ (rising edge-triggered flip-flop clocked by clk)
Endpoint: _219_ (rising edge-triggered flip-flop clocked by clk)
Path Group: clk
Path Type: min

Fanout         Cap        Slew       Delay        Time   Description
---------------------------------------------------------------------------------------------
                                  0.000000    0.000000   clock clk (rise edge)
                                  0.000000    0.000000   clock source latency
     1    0.015844    0.000000    0.000000    0.000000 ^ clk (in)
                                                         clk (net)
                      0.002072    0.001036    0.001036 ^ clkbuf_0_clk/A (sky130_fd_sc_hd__clkbuf_16)
     4    0.041074    0.095022    0.220717    0.221754 ^ clkbuf_0_clk/X (sky130_fd_sc_hd__clkbuf_16)
                                                         clknet_0_clk (net)
                      0.095104    0.002462    0.224216 ^ clkbuf_2_2__f_clk/A (sky130_fd_sc_hd__clkbuf_16)
     9    0.026023    0.075109    0.241090    0.465306 ^ clkbuf_2_2__f_clk/X (sky130_fd_sc_hd__clkbuf_16)
                                                         clknet_2_2__leaf_clk (net)
                      0.075128    0.001148    0.466454 ^ _219_/CLK (sky130_fd_sc_hd__dfxtp_2)
     7    0.026405    0.130992    0.689013    1.155468 v _219_/Q (sky130_fd_sc_hd__dfxtp_2)
                                                         baud_counter[3] (net)
                      0.131008    0.001512    1.156980 v _199_/A1 (sky130_fd_sc_hd__a21oi_2)
     1    0.002023    0.098916    0.193144    1.350123 ^ _199_/Y (sky130_fd_sc_hd__a21oi_2)
                                                         _005_ (net)
                      0.098916    0.000136    1.350259 ^ _219_/D (sky130_fd_sc_hd__dfxtp_2)
                                              1.350259   data arrival time

                                  0.000000    0.000000   clock clk (rise edge)
                                  0.000000    0.000000   clock source latency
     1    0.015844    0.000000    0.000000    0.000000 ^ clk (in)
                                                         clk (net)
                      0.002072    0.001036    0.001036 ^ clkbuf_0_clk/A (sky130_fd_sc_hd__clkbuf_16)
     4    0.041074    0.095022    0.220717    0.221754 ^ clkbuf_0_clk/X (sky130_fd_sc_hd__clkbuf_16)
                                                         clknet_0_clk (net)
                      0.095104    0.002462    0.224216 ^ clkbuf_2_2__f_clk/A (sky130_fd_sc_hd__clkbuf_16)
     9    0.026023    0.075109    0.241090    0.465306 ^ clkbuf_2_2__f_clk/X (sky130_fd_sc_hd__clkbuf_16)
                                                         clknet_2_2__leaf_clk (net)
                      0.075128    0.001148    0.466454 ^ _219_/CLK (sky130_fd_sc_hd__dfxtp_2)
                                  0.000000    0.466454   clock reconvergence pessimism
                                 -0.077804    0.388650   library hold time
                                              0.388650   data required time
---------------------------------------------------------------------------------------------
                                              0.388650   data required time
                                             -1.350259   data arrival time
---------------------------------------------------------------------------------------------
                                              0.961609   slack (MET)


Startpoint: _216_ (rising edge-triggered flip-flop clocked by clk)
Endpoint: _216_ (rising edge-triggered flip-flop clocked by clk)
Path Group: clk
Path Type: min

Fanout         Cap        Slew       Delay        Time   Description
---------------------------------------------------------------------------------------------
                                  0.000000    0.000000   clock clk (rise edge)
                                  0.000000    0.000000   clock source latency
     1    0.015844    0.000000    0.000000    0.000000 ^ clk (in)
                                                         clk (net)
                      0.002072    0.001036    0.001036 ^ clkbuf_0_clk/A (sky130_fd_sc_hd__clkbuf_16)
     4    0.041074    0.095022    0.220717    0.221754 ^ clkbuf_0_clk/X (sky130_fd_sc_hd__clkbuf_16)
                                                         clknet_0_clk (net)
                      0.095104    0.002462    0.224216 ^ clkbuf_2_2__f_clk/A (sky130_fd_sc_hd__clkbuf_16)
     9    0.026023    0.075109    0.241090    0.465306 ^ clkbuf_2_2__f_clk/X (sky130_fd_sc_hd__clkbuf_16)
                                                         clknet_2_2__leaf_clk (net)
                      0.075166    0.001762    0.467069 ^ _216_/CLK (sky130_fd_sc_hd__dfxtp_2)
     7    0.028937    0.140852    0.697347    1.164416 v _216_/Q (sky130_fd_sc_hd__dfxtp_2)
                                                         baud_counter[0] (net)
                      0.140862    0.001268    1.165684 v _190_/A2 (sky130_fd_sc_hd__a21oi_2)
     1    0.002484    0.107101    0.231104    1.396788 ^ _190_/Y (sky130_fd_sc_hd__a21oi_2)
                                                         _002_ (net)
                      0.107101    0.000163    1.396950 ^ _216_/D (sky130_fd_sc_hd__dfxtp_2)
                                              1.396950   data arrival time

                                  0.000000    0.000000   clock clk (rise edge)
                                  0.000000    0.000000   clock source latency
     1    0.015844    0.000000    0.000000    0.000000 ^ clk (in)
                                                         clk (net)
                      0.002072    0.001036    0.001036 ^ clkbuf_0_clk/A (sky130_fd_sc_hd__clkbuf_16)
     4    0.041074    0.095022    0.220717    0.221754 ^ clkbuf_0_clk/X (sky130_fd_sc_hd__clkbuf_16)
                                                         clknet_0_clk (net)
                      0.095104    0.002462    0.224216 ^ clkbuf_2_2__f_clk/A (sky130_fd_sc_hd__clkbuf_16)
     9    0.026023    0.075109    0.241090    0.465306 ^ clkbuf_2_2__f_clk/X (sky130_fd_sc_hd__clkbuf_16)
                                                         clknet_2_2__leaf_clk (net)
                      0.075166    0.001762    0.467069 ^ _216_/CLK (sky130_fd_sc_hd__dfxtp_2)
                                  0.000000    0.467069   clock reconvergence pessimism
                                 -0.079690    0.387379   library hold time
                                              0.387379   data required time
---------------------------------------------------------------------------------------------
                                              0.387379   data required time
                                             -1.396950   data arrival time
---------------------------------------------------------------------------------------------
                                              1.009571   slack (MET)


Startpoint: _229_ (rising edge-triggered flip-flop clocked by clk)
Endpoint: _229_ (rising edge-triggered flip-flop clocked by clk)
Path Group: clk
Path Type: min

Fanout         Cap        Slew       Delay        Time   Description
---------------------------------------------------------------------------------------------
                                  0.000000    0.000000   clock clk (rise edge)
                                  0.000000    0.000000   clock source latency
     1    0.015844    0.000000    0.000000    0.000000 ^ clk (in)
                                                         clk (net)
                      0.002072    0.001036    0.001036 ^ clkbuf_0_clk/A (sky130_fd_sc_hd__clkbuf_16)
     4    0.041074    0.095022    0.220717    0.221754 ^ clkbuf_0_clk/X (sky130_fd_sc_hd__clkbuf_16)
                                                         clknet_0_clk (net)
                      0.095116    0.002608    0.224362 ^ clkbuf_2_1__f_clk/A (sky130_fd_sc_hd__clkbuf_16)
     9    0.026069    0.075139    0.241512    0.465874 ^ clkbuf_2_1__f_clk/X (sky130_fd_sc_hd__clkbuf_16)
                                                         clknet_2_1__leaf_clk (net)
                      0.075144    0.000653    0.466526 ^ _229_/CLK (sky130_fd_sc_hd__dfxtp_2)
     3    0.007526    0.084692    0.668754    1.135280 ^ _229_/Q (sky130_fd_sc_hd__dfxtp_2)
                                                         baud_counter[13] (net)
                      0.084692    0.000399    1.135679 ^ _119_/A1 (sky130_fd_sc_hd__o21ba_2)
     1    0.002411    0.056396    0.273746    1.409425 ^ _119_/X (sky130_fd_sc_hd__o21ba_2)
                                                         _015_ (net)
                      0.056396    0.000148    1.409573 ^ _229_/D (sky130_fd_sc_hd__dfxtp_2)
                                              1.409573   data arrival time

                                  0.000000    0.000000   clock clk (rise edge)
                                  0.000000    0.000000   clock source latency
     1    0.015844    0.000000    0.000000    0.000000 ^ clk (in)
                                                         clk (net)
                      0.002072    0.001036    0.001036 ^ clkbuf_0_clk/A (sky130_fd_sc_hd__clkbuf_16)
     4    0.041074    0.095022    0.220717    0.221754 ^ clkbuf_0_clk/X (sky130_fd_sc_hd__clkbuf_16)
                                                         clknet_0_clk (net)
                      0.095116    0.002608    0.224362 ^ clkbuf_2_1__f_clk/A (sky130_fd_sc_hd__clkbuf_16)
     9    0.026069    0.075139    0.241512    0.465874 ^ clkbuf_2_1__f_clk/X (sky130_fd_sc_hd__clkbuf_16)
                                                         clknet_2_1__leaf_clk (net)
                      0.075144    0.000653    0.466526 ^ _229_/CLK (sky130_fd_sc_hd__dfxtp_2)
                                  0.000000    0.466526   clock reconvergence pessimism
                                 -0.067971    0.398556   library hold time
                                              0.398556   data required time
---------------------------------------------------------------------------------------------
                                              0.398556   data required time
                                             -1.409573   data arrival time
---------------------------------------------------------------------------------------------
                                              1.011017   slack (MET)


Startpoint: _217_ (rising edge-triggered flip-flop clocked by clk)
Endpoint: _217_ (rising edge-triggered flip-flop clocked by clk)
Path Group: clk
Path Type: min

Fanout         Cap        Slew       Delay        Time   Description
---------------------------------------------------------------------------------------------
                                  0.000000    0.000000   clock clk (rise edge)
                                  0.000000    0.000000   clock source latency
     1    0.015844    0.000000    0.000000    0.000000 ^ clk (in)
                                                         clk (net)
                      0.002072    0.001036    0.001036 ^ clkbuf_0_clk/A (sky130_fd_sc_hd__clkbuf_16)
     4    0.041074    0.095022    0.220717    0.221754 ^ clkbuf_0_clk/X (sky130_fd_sc_hd__clkbuf_16)
                                                         clknet_0_clk (net)
                      0.095104    0.002462    0.224216 ^ clkbuf_2_2__f_clk/A (sky130_fd_sc_hd__clkbuf_16)
     9    0.026023    0.075109    0.241090    0.465306 ^ clkbuf_2_2__f_clk/X (sky130_fd_sc_hd__clkbuf_16)
                                                         clknet_2_2__leaf_clk (net)
                      0.075166    0.001773    0.467080 ^ _217_/CLK (sky130_fd_sc_hd__dfxtp_2)
     5    0.016558    0.096157    0.656526    1.123606 v _217_/Q (sky130_fd_sc_hd__dfxtp_2)
                                                         baud_counter[1] (net)
                      0.096337    0.001504    1.125109 v _192_/B1 (sky130_fd_sc_hd__a21oi_2)
     1    0.005434    0.156648    0.200183    1.325292 ^ _192_/Y (sky130_fd_sc_hd__a21oi_2)
                                                         _032_ (net)
                      0.156648    0.000401    1.325693 ^ _194_/A (sky130_fd_sc_hd__nor2_2)
     1    0.002168    0.026008    0.096885    1.422579 v _194_/Y (sky130_fd_sc_hd__nor2_2)
                                                         _003_ (net)
                      0.026008    0.000155    1.422734 v _217_/D (sky130_fd_sc_hd__dfxtp_2)
                                              1.422734   data arrival time

                                  0.000000    0.000000   clock clk (rise edge)
                                  0.000000    0.000000   clock source latency
     1    0.015844    0.000000    0.000000    0.000000 ^ clk (in)
                                                         clk (net)
                      0.002072    0.001036    0.001036 ^ clkbuf_0_clk/A (sky130_fd_sc_hd__clkbuf_16)
     4    0.041074    0.095022    0.220717    0.221754 ^ clkbuf_0_clk/X (sky130_fd_sc_hd__clkbuf_16)
                                                         clknet_0_clk (net)
                      0.095104    0.002462    0.224216 ^ clkbuf_2_2__f_clk/A (sky130_fd_sc_hd__clkbuf_16)
     9    0.026023    0.075109    0.241090    0.465306 ^ clkbuf_2_2__f_clk/X (sky130_fd_sc_hd__clkbuf_16)
                                                         clknet_2_2__leaf_clk (net)
                      0.075166    0.001773    0.467080 ^ _217_/CLK (sky130_fd_sc_hd__dfxtp_2)
                                  0.000000    0.467080   clock reconvergence pessimism
                                 -0.072720    0.394360   library hold time
                                              0.394360   data required time
---------------------------------------------------------------------------------------------
                                              0.394360   data required time
                                             -1.422734   data arrival time
---------------------------------------------------------------------------------------------
                                              1.028374   slack (MET)


Startpoint: _221_ (rising edge-triggered flip-flop clocked by clk)
Endpoint: _221_ (rising edge-triggered flip-flop clocked by clk)
Path Group: clk
Path Type: min

Fanout         Cap        Slew       Delay        Time   Description
---------------------------------------------------------------------------------------------
                                  0.000000    0.000000   clock clk (rise edge)
                                  0.000000    0.000000   clock source latency
     1    0.015844    0.000000    0.000000    0.000000 ^ clk (in)
                                                         clk (net)
                      0.002072    0.001036    0.001036 ^ clkbuf_0_clk/A (sky130_fd_sc_hd__clkbuf_16)
     4    0.041074    0.095022    0.220717    0.221754 ^ clkbuf_0_clk/X (sky130_fd_sc_hd__clkbuf_16)
                                                         clknet_0_clk (net)
                      0.095100    0.002409    0.224162 ^ clkbuf_2_3__f_clk/A (sky130_fd_sc_hd__clkbuf_16)
     8    0.028334    0.078160    0.244677    0.468840 ^ clkbuf_2_3__f_clk/X (sky130_fd_sc_hd__clkbuf_16)
                                                         clknet_2_3__leaf_clk (net)
                      0.078168    0.000813    0.469653 ^ _221_/CLK (sky130_fd_sc_hd__dfxtp_2)
     4    0.012412    0.119922    0.699304    1.168957 ^ _221_/Q (sky130_fd_sc_hd__dfxtp_2)
                                                         baud_counter[5] (net)
                      0.119927    0.000906    1.169863 ^ _204_/A1 (sky130_fd_sc_hd__o21ba_2)
     1    0.001883    0.052466    0.281877    1.451739 ^ _204_/X (sky130_fd_sc_hd__o21ba_2)
                                                         _007_ (net)
                      0.052466    0.000132    1.451871 ^ _221_/D (sky130_fd_sc_hd__dfxtp_2)
                                              1.451871   data arrival time

                                  0.000000    0.000000   clock clk (rise edge)
                                  0.000000    0.000000   clock source latency
     1    0.015844    0.000000    0.000000    0.000000 ^ clk (in)
                                                         clk (net)
                      0.002072    0.001036    0.001036 ^ clkbuf_0_clk/A (sky130_fd_sc_hd__clkbuf_16)
     4    0.041074    0.095022    0.220717    0.221754 ^ clkbuf_0_clk/X (sky130_fd_sc_hd__clkbuf_16)
                                                         clknet_0_clk (net)
                      0.095100    0.002409    0.224162 ^ clkbuf_2_3__f_clk/A (sky130_fd_sc_hd__clkbuf_16)
     8    0.028334    0.078160    0.244677    0.468840 ^ clkbuf_2_3__f_clk/X (sky130_fd_sc_hd__clkbuf_16)
                                                         clknet_2_3__leaf_clk (net)
                      0.078168    0.000813    0.469653 ^ _221_/CLK (sky130_fd_sc_hd__dfxtp_2)
                                  0.000000    0.469653   clock reconvergence pessimism
                                 -0.066582    0.403071   library hold time
                                              0.403071   data required time
---------------------------------------------------------------------------------------------
                                              0.403071   data required time
                                             -1.451871   data arrival time
---------------------------------------------------------------------------------------------
                                              1.048800   slack (MET)


Startpoint: _234_ (rising edge-triggered flip-flop clocked by clk)
Endpoint: _234_ (rising edge-triggered flip-flop clocked by clk)
Path Group: clk
Path Type: min

Fanout         Cap        Slew       Delay        Time   Description
---------------------------------------------------------------------------------------------
                                  0.000000    0.000000   clock clk (rise edge)
                                  0.000000    0.000000   clock source latency
     1    0.015844    0.000000    0.000000    0.000000 ^ clk (in)
                                                         clk (net)
                      0.002072    0.001036    0.001036 ^ clkbuf_0_clk/A (sky130_fd_sc_hd__clkbuf_16)
     4    0.041074    0.095022    0.220717    0.221754 ^ clkbuf_0_clk/X (sky130_fd_sc_hd__clkbuf_16)
                                                         clknet_0_clk (net)
                      0.095100    0.002409    0.224162 ^ clkbuf_2_3__f_clk/A (sky130_fd_sc_hd__clkbuf_16)
     8    0.028334    0.078160    0.244677    0.468840 ^ clkbuf_2_3__f_clk/X (sky130_fd_sc_hd__clkbuf_16)
                                                         clknet_2_3__leaf_clk (net)
                      0.078171    0.000910    0.469749 ^ _234_/CLK (sky130_fd_sc_hd__dfxtp_2)
     4    0.014811    0.137485    0.713820    1.183570 ^ _234_/Q (sky130_fd_sc_hd__dfxtp_2)
                                                         bit_index[2] (net)
                      0.137486    0.000713    1.184282 ^ _135_/A1 (sky130_fd_sc_hd__o21a_2)
     1    0.003001    0.055332    0.276100    1.460383 ^ _135_/X (sky130_fd_sc_hd__o21a_2)
                                                         _020_ (net)
                      0.055332    0.000193    1.460576 ^ _234_/D (sky130_fd_sc_hd__dfxtp_2)
                                              1.460576   data arrival time

                                  0.000000    0.000000   clock clk (rise edge)
                                  0.000000    0.000000   clock source latency
     1    0.015844    0.000000    0.000000    0.000000 ^ clk (in)
                                                         clk (net)
                      0.002072    0.001036    0.001036 ^ clkbuf_0_clk/A (sky130_fd_sc_hd__clkbuf_16)
     4    0.041074    0.095022    0.220717    0.221754 ^ clkbuf_0_clk/X (sky130_fd_sc_hd__clkbuf_16)
                                                         clknet_0_clk (net)
                      0.095100    0.002409    0.224162 ^ clkbuf_2_3__f_clk/A (sky130_fd_sc_hd__clkbuf_16)
     8    0.028334    0.078160    0.244677    0.468840 ^ clkbuf_2_3__f_clk/X (sky130_fd_sc_hd__clkbuf_16)
                                                         clknet_2_3__leaf_clk (net)
                      0.078171    0.000910    0.469749 ^ _234_/CLK (sky130_fd_sc_hd__dfxtp_2)
                                  0.000000    0.469749   clock reconvergence pessimism
                                 -0.067244    0.402506   library hold time
                                              0.402506   data required time
---------------------------------------------------------------------------------------------
                                              0.402506   data required time
                                             -1.460576   data arrival time
---------------------------------------------------------------------------------------------
                                              1.058070   slack (MET)


Startpoint: _232_ (rising edge-triggered flip-flop clocked by clk)
Endpoint: _232_ (rising edge-triggered flip-flop clocked by clk)
Path Group: clk
Path Type: min

Fanout         Cap        Slew       Delay        Time   Description
---------------------------------------------------------------------------------------------
                                  0.000000    0.000000   clock clk (rise edge)
                                  0.000000    0.000000   clock source latency
     1    0.015844    0.000000    0.000000    0.000000 ^ clk (in)
                                                         clk (net)
                      0.002072    0.001036    0.001036 ^ clkbuf_0_clk/A (sky130_fd_sc_hd__clkbuf_16)
     4    0.041074    0.095022    0.220717    0.221754 ^ clkbuf_0_clk/X (sky130_fd_sc_hd__clkbuf_16)
                                                         clknet_0_clk (net)
                      0.095116    0.002608    0.224362 ^ clkbuf_2_1__f_clk/A (sky130_fd_sc_hd__clkbuf_16)
     9    0.026069    0.075139    0.241512    0.465874 ^ clkbuf_2_1__f_clk/X (sky130_fd_sc_hd__clkbuf_16)
                                                         clknet_2_1__leaf_clk (net)
                      0.075139    0.000355    0.466229 ^ _232_/CLK (sky130_fd_sc_hd__dfxtp_2)
     5    0.024677    0.124182    0.683637    1.149866 v _232_/Q (sky130_fd_sc_hd__dfxtp_2)
                                                         bit_index[0] (net)
                      0.124198    0.001458    1.151324 v _126_/A (sky130_fd_sc_hd__xnor2_2)
     1    0.005715    0.077108    0.280959    1.432284 ^ _126_/Y (sky130_fd_sc_hd__xnor2_2)
                                                         _058_ (net)
                      0.077108    0.000418    1.432702 ^ _127_/B (sky130_fd_sc_hd__nor2_2)
     1    0.002013    0.024780    0.057916    1.490618 v _127_/Y (sky130_fd_sc_hd__nor2_2)
                                                         _018_ (net)
                      0.024780    0.000136    1.490754 v _232_/D (sky130_fd_sc_hd__dfxtp_2)
                                              1.490754   data arrival time

                                  0.000000    0.000000   clock clk (rise edge)
                                  0.000000    0.000000   clock source latency
     1    0.015844    0.000000    0.000000    0.000000 ^ clk (in)
                                                         clk (net)
                      0.002072    0.001036    0.001036 ^ clkbuf_0_clk/A (sky130_fd_sc_hd__clkbuf_16)
     4    0.041074    0.095022    0.220717    0.221754 ^ clkbuf_0_clk/X (sky130_fd_sc_hd__clkbuf_16)
                                                         clknet_0_clk (net)
                      0.095116    0.002608    0.224362 ^ clkbuf_2_1__f_clk/A (sky130_fd_sc_hd__clkbuf_16)
     9    0.026069    0.075139    0.241512    0.465874 ^ clkbuf_2_1__f_clk/X (sky130_fd_sc_hd__clkbuf_16)
                                                         clknet_2_1__leaf_clk (net)
                      0.075139    0.000355    0.466229 ^ _232_/CLK (sky130_fd_sc_hd__dfxtp_2)
                                  0.000000    0.466229   clock reconvergence pessimism
                                 -0.072273    0.393956   library hold time
                                              0.393956   data required time
---------------------------------------------------------------------------------------------
                                              0.393956   data required time
                                             -1.490754   data arrival time
---------------------------------------------------------------------------------------------
                                              1.096798   slack (MET)


Startpoint: _239_ (rising edge-triggered flip-flop clocked by clk)
Endpoint: _239_ (rising edge-triggered flip-flop clocked by clk)
Path Group: clk
Path Type: min

Fanout         Cap        Slew       Delay        Time   Description
---------------------------------------------------------------------------------------------
                                  0.000000    0.000000   clock clk (rise edge)
                                  0.000000    0.000000   clock source latency
     1    0.015844    0.000000    0.000000    0.000000 ^ clk (in)
                                                         clk (net)
                      0.002072    0.001036    0.001036 ^ clkbuf_0_clk/A (sky130_fd_sc_hd__clkbuf_16)
     4    0.041074    0.095022    0.220717    0.221754 ^ clkbuf_0_clk/X (sky130_fd_sc_hd__clkbuf_16)
                                                         clknet_0_clk (net)
                      0.095095    0.002339    0.224092 ^ clkbuf_2_0__f_clk/A (sky130_fd_sc_hd__clkbuf_16)
     8    0.028800    0.078872    0.244784    0.468876 ^ clkbuf_2_0__f_clk/X (sky130_fd_sc_hd__clkbuf_16)
                                                         clknet_2_0__leaf_clk (net)
                      0.078977    0.002467    0.471343 ^ _239_/CLK (sky130_fd_sc_hd__dfxtp_2)
     2    0.005251    0.069113    0.656534    1.127877 ^ _239_/Q (sky130_fd_sc_hd__dfxtp_2)
                                                         tx_shift[4] (net)
                      0.069113    0.000309    1.128186 ^ _149_/A1 (sky130_fd_sc_hd__mux2_1)
     1    0.001860    0.061658    0.216618    1.344803 ^ _149_/X (sky130_fd_sc_hd__mux2_1)
                                                         _074_ (net)
                      0.061658    0.000124    1.344927 ^ _150_/B (sky130_fd_sc_hd__or2_2)
     1    0.002005    0.043547    0.161354    1.506281 ^ _150_/X (sky130_fd_sc_hd__or2_2)
                                                         _025_ (net)
                      0.043547    0.000140    1.506421 ^ _239_/D (sky130_fd_sc_hd__dfxtp_2)
                                              1.506421   data arrival time

                                  0.000000    0.000000   clock clk (rise edge)
                                  0.000000    0.000000   clock source latency
     1    0.015844    0.000000    0.000000    0.000000 ^ clk (in)
                                                         clk (net)
                      0.002072    0.001036    0.001036 ^ clkbuf_0_clk/A (sky130_fd_sc_hd__clkbuf_16)
     4    0.041074    0.095022    0.220717    0.221754 ^ clkbuf_0_clk/X (sky130_fd_sc_hd__clkbuf_16)
                                                         clknet_0_clk (net)
                      0.095095    0.002339    0.224092 ^ clkbuf_2_0__f_clk/A (sky130_fd_sc_hd__clkbuf_16)
     8    0.028800    0.078872    0.244784    0.468876 ^ clkbuf_2_0__f_clk/X (sky130_fd_sc_hd__clkbuf_16)
                                                         clknet_2_0__leaf_clk (net)
                      0.078977    0.002467    0.471343 ^ _239_/CLK (sky130_fd_sc_hd__dfxtp_2)
                                  0.000000    0.471343   clock reconvergence pessimism
                                 -0.064391    0.406952   library hold time
                                              0.406952   data required time
---------------------------------------------------------------------------------------------
                                              0.406952   data required time
                                             -1.506421   data arrival time
---------------------------------------------------------------------------------------------
                                              1.099470   slack (MET)


Startpoint: _242_ (rising edge-triggered flip-flop clocked by clk)
Endpoint: _242_ (rising edge-triggered flip-flop clocked by clk)
Path Group: clk
Path Type: min

Fanout         Cap        Slew       Delay        Time   Description
---------------------------------------------------------------------------------------------
                                  0.000000    0.000000   clock clk (rise edge)
                                  0.000000    0.000000   clock source latency
     1    0.015844    0.000000    0.000000    0.000000 ^ clk (in)
                                                         clk (net)
                      0.002072    0.001036    0.001036 ^ clkbuf_0_clk/A (sky130_fd_sc_hd__clkbuf_16)
     4    0.041074    0.095022    0.220717    0.221754 ^ clkbuf_0_clk/X (sky130_fd_sc_hd__clkbuf_16)
                                                         clknet_0_clk (net)
                      0.095095    0.002339    0.224092 ^ clkbuf_2_0__f_clk/A (sky130_fd_sc_hd__clkbuf_16)
     8    0.028800    0.078872    0.244784    0.468876 ^ clkbuf_2_0__f_clk/X (sky130_fd_sc_hd__clkbuf_16)
                                                         clknet_2_0__leaf_clk (net)
                      0.078949    0.002149    0.471025 ^ _242_/CLK (sky130_fd_sc_hd__dfxtp_2)
     2    0.004635    0.064859    0.651770    1.122794 ^ _242_/Q (sky130_fd_sc_hd__dfxtp_2)
                                                         tx_shift[7] (net)
                      0.064859    0.000276    1.123070 ^ _158_/A1 (sky130_fd_sc_hd__mux2_1)
     1    0.002175    0.064808    0.219076    1.342146 ^ _158_/X (sky130_fd_sc_hd__mux2_1)
                                                         _080_ (net)
                      0.065192    0.000133    1.342278 ^ _159_/B (sky130_fd_sc_hd__or2_2)
     1    0.002099    0.044171    0.163728    1.506006 ^ _159_/X (sky130_fd_sc_hd__or2_2)
                                                         _028_ (net)
                      0.044171    0.000087    1.506093 ^ _242_/D (sky130_fd_sc_hd__dfxtp_2)
                                              1.506093   data arrival time

                                  0.000000    0.000000   clock clk (rise edge)
                                  0.000000    0.000000   clock source latency
     1    0.015844    0.000000    0.000000    0.000000 ^ clk (in)
                                                         clk (net)
                      0.002072    0.001036    0.001036 ^ clkbuf_0_clk/A (sky130_fd_sc_hd__clkbuf_16)
     4    0.041074    0.095022    0.220717    0.221754 ^ clkbuf_0_clk/X (sky130_fd_sc_hd__clkbuf_16)
                                                         clknet_0_clk (net)
                      0.095095    0.002339    0.224092 ^ clkbuf_2_0__f_clk/A (sky130_fd_sc_hd__clkbuf_16)
     8    0.028800    0.078872    0.244784    0.468876 ^ clkbuf_2_0__f_clk/X (sky130_fd_sc_hd__clkbuf_16)
                                                         clknet_2_0__leaf_clk (net)
                      0.078949    0.002149    0.471025 ^ _242_/CLK (sky130_fd_sc_hd__dfxtp_2)
                                  0.000000    0.471025   clock reconvergence pessimism
                                 -0.064540    0.406485   library hold time
                                              0.406485   data required time
---------------------------------------------------------------------------------------------
                                              0.406485   data required time
                                             -1.506093   data arrival time
---------------------------------------------------------------------------------------------
                                              1.099608   slack (MET)


Startpoint: _240_ (rising edge-triggered flip-flop clocked by clk)
Endpoint: _240_ (rising edge-triggered flip-flop clocked by clk)
Path Group: clk
Path Type: min

Fanout         Cap        Slew       Delay        Time   Description
---------------------------------------------------------------------------------------------
                                  0.000000    0.000000   clock clk (rise edge)
                                  0.000000    0.000000   clock source latency
     1    0.015844    0.000000    0.000000    0.000000 ^ clk (in)
                                                         clk (net)
                      0.002072    0.001036    0.001036 ^ clkbuf_0_clk/A (sky130_fd_sc_hd__clkbuf_16)
     4    0.041074    0.095022    0.220717    0.221754 ^ clkbuf_0_clk/X (sky130_fd_sc_hd__clkbuf_16)
                                                         clknet_0_clk (net)
                      0.095095    0.002339    0.224092 ^ clkbuf_2_0__f_clk/A (sky130_fd_sc_hd__clkbuf_16)
     8    0.028800    0.078872    0.244784    0.468876 ^ clkbuf_2_0__f_clk/X (sky130_fd_sc_hd__clkbuf_16)
                                                         clknet_2_0__leaf_clk (net)
                      0.078967    0.002351    0.471227 ^ _240_/CLK (sky130_fd_sc_hd__dfxtp_2)
     2    0.004761    0.065678    0.652744    1.123971 ^ _240_/Q (sky130_fd_sc_hd__dfxtp_2)
                                                         tx_shift[5] (net)
                      0.065678    0.000267    1.124238 ^ _152_/A1 (sky130_fd_sc_hd__mux2_1)
     1    0.002222    0.065718    0.220050    1.344288 ^ _152_/X (sky130_fd_sc_hd__mux2_1)
                                                         _076_ (net)
                      0.065718    0.000140    1.344428 ^ _153_/B (sky130_fd_sc_hd__or2_2)
     1    0.002050    0.043847    0.163604    1.508032 ^ _153_/X (sky130_fd_sc_hd__or2_2)
                                                         _026_ (net)
                      0.043847    0.000144    1.508177 ^ _240_/D (sky130_fd_sc_hd__dfxtp_2)
                                              1.508177   data arrival time

                                  0.000000    0.000000   clock clk (rise edge)
                                  0.000000    0.000000   clock source latency
     1    0.015844    0.000000    0.000000    0.000000 ^ clk (in)
                                                         clk (net)
                      0.002072    0.001036    0.001036 ^ clkbuf_0_clk/A (sky130_fd_sc_hd__clkbuf_16)
     4    0.041074    0.095022    0.220717    0.221754 ^ clkbuf_0_clk/X (sky130_fd_sc_hd__clkbuf_16)
                                                         clknet_0_clk (net)
                      0.095095    0.002339    0.224092 ^ clkbuf_2_0__f_clk/A (sky130_fd_sc_hd__clkbuf_16)
     8    0.028800    0.078872    0.244784    0.468876 ^ clkbuf_2_0__f_clk/X (sky130_fd_sc_hd__clkbuf_16)
                                                         clknet_2_0__leaf_clk (net)
                      0.078967    0.002351    0.471227 ^ _240_/CLK (sky130_fd_sc_hd__dfxtp_2)
                                  0.000000    0.471227   clock reconvergence pessimism
                                 -0.064462    0.406765   library hold time
                                              0.406765   data required time
---------------------------------------------------------------------------------------------
                                              0.406765   data required time
                                             -1.508177   data arrival time
---------------------------------------------------------------------------------------------
                                              1.101412   slack (MET)


Startpoint: _241_ (rising edge-triggered flip-flop clocked by clk)
Endpoint: _241_ (rising edge-triggered flip-flop clocked by clk)
Path Group: clk
Path Type: min

Fanout         Cap        Slew       Delay        Time   Description
---------------------------------------------------------------------------------------------
                                  0.000000    0.000000   clock clk (rise edge)
                                  0.000000    0.000000   clock source latency
     1    0.015844    0.000000    0.000000    0.000000 ^ clk (in)
                                                         clk (net)
                      0.002072    0.001036    0.001036 ^ clkbuf_0_clk/A (sky130_fd_sc_hd__clkbuf_16)
     4    0.041074    0.095022    0.220717    0.221754 ^ clkbuf_0_clk/X (sky130_fd_sc_hd__clkbuf_16)
                                                         clknet_0_clk (net)
                      0.095095    0.002339    0.224092 ^ clkbuf_2_0__f_clk/A (sky130_fd_sc_hd__clkbuf_16)
     8    0.028800    0.078872    0.244784    0.468876 ^ clkbuf_2_0__f_clk/X (sky130_fd_sc_hd__clkbuf_16)
                                                         clknet_2_0__leaf_clk (net)
                      0.078927    0.001857    0.470732 ^ _241_/CLK (sky130_fd_sc_hd__dfxtp_2)
     2    0.004901    0.066641    0.653804    1.124537 ^ _241_/Q (sky130_fd_sc_hd__dfxtp_2)
                                                         tx_shift[6] (net)
                      0.066641    0.000278    1.124815 ^ _155_/A1 (sky130_fd_sc_hd__mux2_1)
     1    0.002150    0.064565    0.219495    1.344310 ^ _155_/X (sky130_fd_sc_hd__mux2_1)
                                                         _078_ (net)
                      0.064565    0.000132    1.344442 ^ _156_/B (sky130_fd_sc_hd__or2_2)
     1    0.002304    0.045517    0.164910    1.509352 ^ _156_/X (sky130_fd_sc_hd__or2_2)
                                                         _027_ (net)
                      0.045517    0.000091    1.509444 ^ _241_/D (sky130_fd_sc_hd__dfxtp_2)
                                              1.509444   data arrival time

                                  0.000000    0.000000   clock clk (rise edge)
                                  0.000000    0.000000   clock source latency
     1    0.015844    0.000000    0.000000    0.000000 ^ clk (in)
                                                         clk (net)
                      0.002072    0.001036    0.001036 ^ clkbuf_0_clk/A (sky130_fd_sc_hd__clkbuf_16)
     4    0.041074    0.095022    0.220717    0.221754 ^ clkbuf_0_clk/X (sky130_fd_sc_hd__clkbuf_16)
                                                         clknet_0_clk (net)
                      0.095095    0.002339    0.224092 ^ clkbuf_2_0__f_clk/A (sky130_fd_sc_hd__clkbuf_16)
     8    0.028800    0.078872    0.244784    0.468876 ^ clkbuf_2_0__f_clk/X (sky130_fd_sc_hd__clkbuf_16)
                                                         clknet_2_0__leaf_clk (net)
                      0.078927    0.001857    0.470732 ^ _241_/CLK (sky130_fd_sc_hd__dfxtp_2)
                                  0.000000    0.470732   clock reconvergence pessimism
                                 -0.064854    0.405878   library hold time
                                              0.405878   data required time
---------------------------------------------------------------------------------------------
                                              0.405878   data required time
                                             -1.509444   data arrival time
---------------------------------------------------------------------------------------------
                                              1.103566   slack (MET)


Startpoint: _238_ (rising edge-triggered flip-flop clocked by clk)
Endpoint: _238_ (rising edge-triggered flip-flop clocked by clk)
Path Group: clk
Path Type: min

Fanout         Cap        Slew       Delay        Time   Description
---------------------------------------------------------------------------------------------
                                  0.000000    0.000000   clock clk (rise edge)
                                  0.000000    0.000000   clock source latency
     1    0.015844    0.000000    0.000000    0.000000 ^ clk (in)
                                                         clk (net)
                      0.002072    0.001036    0.001036 ^ clkbuf_0_clk/A (sky130_fd_sc_hd__clkbuf_16)
     4    0.041074    0.095022    0.220717    0.221754 ^ clkbuf_0_clk/X (sky130_fd_sc_hd__clkbuf_16)
                                                         clknet_0_clk (net)
                      0.095116    0.002608    0.224362 ^ clkbuf_2_1__f_clk/A (sky130_fd_sc_hd__clkbuf_16)
     9    0.026069    0.075139    0.241512    0.465874 ^ clkbuf_2_1__f_clk/X (sky130_fd_sc_hd__clkbuf_16)
                                                         clknet_2_1__leaf_clk (net)
                      0.075148    0.000793    0.466666 ^ _238_/CLK (sky130_fd_sc_hd__dfxtp_2)
     2    0.005108    0.068095    0.653679    1.120345 ^ _238_/Q (sky130_fd_sc_hd__dfxtp_2)
                                                         tx_shift[3] (net)
                      0.068095    0.000306    1.120652 ^ _146_/A1 (sky130_fd_sc_hd__mux2_1)
     1    0.001568    0.058378    0.212258    1.332909 ^ _146_/X (sky130_fd_sc_hd__mux2_1)
                                                         _072_ (net)
                      0.058378    0.000071    1.332980 ^ _147_/B (sky130_fd_sc_hd__or2_2)
     1    0.004181    0.058111    0.175482    1.508462 ^ _147_/X (sky130_fd_sc_hd__or2_2)
                                                         _024_ (net)
                      0.058112    0.000288    1.508751 ^ _238_/D (sky130_fd_sc_hd__dfxtp_2)
                                              1.508751   data arrival time

                                  0.000000    0.000000   clock clk (rise edge)
                                  0.000000    0.000000   clock source latency
     1    0.015844    0.000000    0.000000    0.000000 ^ clk (in)
                                                         clk (net)
                      0.002072    0.001036    0.001036 ^ clkbuf_0_clk/A (sky130_fd_sc_hd__clkbuf_16)
     4    0.041074    0.095022    0.220717    0.221754 ^ clkbuf_0_clk/X (sky130_fd_sc_hd__clkbuf_16)
                                                         clknet_0_clk (net)
                      0.095116    0.002608    0.224362 ^ clkbuf_2_1__f_clk/A (sky130_fd_sc_hd__clkbuf_16)
     9    0.026069    0.075139    0.241512    0.465874 ^ clkbuf_2_1__f_clk/X (sky130_fd_sc_hd__clkbuf_16)
                                                         clknet_2_1__leaf_clk (net)
                      0.075148    0.000793    0.466666 ^ _238_/CLK (sky130_fd_sc_hd__dfxtp_2)
                                  0.000000    0.466666   clock reconvergence pessimism
                                 -0.068367    0.398300   library hold time
                                              0.398300   data required time
---------------------------------------------------------------------------------------------
                                              0.398300   data required time
                                             -1.508751   data arrival time
---------------------------------------------------------------------------------------------
                                              1.110451   slack (MET)


Startpoint: _243_ (rising edge-triggered flip-flop clocked by clk)
Endpoint: _243_ (rising edge-triggered flip-flop clocked by clk)
Path Group: clk
Path Type: min

Fanout         Cap        Slew       Delay        Time   Description
---------------------------------------------------------------------------------------------
                                  0.000000    0.000000   clock clk (rise edge)
                                  0.000000    0.000000   clock source latency
     1    0.015844    0.000000    0.000000    0.000000 ^ clk (in)
                                                         clk (net)
                      0.002072    0.001036    0.001036 ^ clkbuf_0_clk/A (sky130_fd_sc_hd__clkbuf_16)
     4    0.041074    0.095022    0.220717    0.221754 ^ clkbuf_0_clk/X (sky130_fd_sc_hd__clkbuf_16)
                                                         clknet_0_clk (net)
                      0.095104    0.002462    0.224216 ^ clkbuf_2_2__f_clk/A (sky130_fd_sc_hd__clkbuf_16)
     9    0.026023    0.075109    0.241090    0.465306 ^ clkbuf_2_2__f_clk/X (sky130_fd_sc_hd__clkbuf_16)
                                                         clknet_2_2__leaf_clk (net)
                      0.075165    0.001755    0.467062 ^ _243_/CLK (sky130_fd_sc_hd__dfxtp_2)
     2    0.006092    0.074854    0.660135    1.127197 ^ _243_/Q (sky130_fd_sc_hd__dfxtp_2)
                                                         tx_shift[8] (net)
                      0.074854    0.000414    1.127611 ^ _161_/B2 (sky130_fd_sc_hd__a32o_2)
     1    0.002499    0.071012    0.223616    1.351227 ^ _161_/X (sky130_fd_sc_hd__a32o_2)
                                                         _082_ (net)
                      0.071012    0.000176    1.351403 ^ _162_/B (sky130_fd_sc_hd__or2_2)
     1    0.002221    0.044977    0.167365    1.518769 ^ _162_/X (sky130_fd_sc_hd__or2_2)
                                                         _029_ (net)
                      0.044977    0.000099    1.518867 ^ _243_/D (sky130_fd_sc_hd__dfxtp_2)
                                              1.518867   data arrival time

                                  0.000000    0.000000   clock clk (rise edge)
                                  0.000000    0.000000   clock source latency
     1    0.015844    0.000000    0.000000    0.000000 ^ clk (in)
                                                         clk (net)
                      0.002072    0.001036    0.001036 ^ clkbuf_0_clk/A (sky130_fd_sc_hd__clkbuf_16)
     4    0.041074    0.095022    0.220717    0.221754 ^ clkbuf_0_clk/X (sky130_fd_sc_hd__clkbuf_16)
                                                         clknet_0_clk (net)
                      0.095104    0.002462    0.224216 ^ clkbuf_2_2__f_clk/A (sky130_fd_sc_hd__clkbuf_16)
     9    0.026023    0.075109    0.241090    0.465306 ^ clkbuf_2_2__f_clk/X (sky130_fd_sc_hd__clkbuf_16)
                                                         clknet_2_2__leaf_clk (net)
                      0.075165    0.001755    0.467062 ^ _243_/CLK (sky130_fd_sc_hd__dfxtp_2)
                                  0.000000    0.467062   clock reconvergence pessimism
                                 -0.065327    0.401735   library hold time
                                              0.401735   data required time
---------------------------------------------------------------------------------------------
                                              0.401735   data required time
                                             -1.518867   data arrival time
---------------------------------------------------------------------------------------------
                                              1.117133   slack (MET)


Startpoint: _237_ (rising edge-triggered flip-flop clocked by clk)
Endpoint: _237_ (rising edge-triggered flip-flop clocked by clk)
Path Group: clk
Path Type: min

Fanout         Cap        Slew       Delay        Time   Description
---------------------------------------------------------------------------------------------
                                  0.000000    0.000000   clock clk (rise edge)
                                  0.000000    0.000000   clock source latency
     1    0.015844    0.000000    0.000000    0.000000 ^ clk (in)
                                                         clk (net)
                      0.002072    0.001036    0.001036 ^ clkbuf_0_clk/A (sky130_fd_sc_hd__clkbuf_16)
     4    0.041074    0.095022    0.220717    0.221754 ^ clkbuf_0_clk/X (sky130_fd_sc_hd__clkbuf_16)
                                                         clknet_0_clk (net)
                      0.095095    0.002339    0.224092 ^ clkbuf_2_0__f_clk/A (sky130_fd_sc_hd__clkbuf_16)
     8    0.028800    0.078872    0.244784    0.468876 ^ clkbuf_2_0__f_clk/X (sky130_fd_sc_hd__clkbuf_16)
                                                         clknet_2_0__leaf_clk (net)
                      0.078980    0.002495    0.471371 ^ _237_/CLK (sky130_fd_sc_hd__dfxtp_2)
     2    0.005076    0.067863    0.655170    1.126540 ^ _237_/Q (sky130_fd_sc_hd__dfxtp_2)
                                                         tx_shift[2] (net)
                      0.067863    0.000314    1.126854 ^ _143_/A1 (sky130_fd_sc_hd__mux2_1)
     1    0.002549    0.069393    0.225405    1.352259 ^ _143_/X (sky130_fd_sc_hd__mux2_1)
                                                         _070_ (net)
                      0.069393    0.000095    1.352354 ^ _144_/B (sky130_fd_sc_hd__or2_2)
     1    0.002920    0.049572    0.171641    1.523995 ^ _144_/X (sky130_fd_sc_hd__or2_2)
                                                         _023_ (net)
                      0.049585    0.000170    1.524165 ^ _237_/D (sky130_fd_sc_hd__dfxtp_2)
                                              1.524165   data arrival time

                                  0.000000    0.000000   clock clk (rise edge)
                                  0.000000    0.000000   clock source latency
     1    0.015844    0.000000    0.000000    0.000000 ^ clk (in)
                                                         clk (net)
                      0.002072    0.001036    0.001036 ^ clkbuf_0_clk/A (sky130_fd_sc_hd__clkbuf_16)
     4    0.041074    0.095022    0.220717    0.221754 ^ clkbuf_0_clk/X (sky130_fd_sc_hd__clkbuf_16)
                                                         clknet_0_clk (net)
                      0.095095    0.002339    0.224092 ^ clkbuf_2_0__f_clk/A (sky130_fd_sc_hd__clkbuf_16)
     8    0.028800    0.078872    0.244784    0.468876 ^ clkbuf_2_0__f_clk/X (sky130_fd_sc_hd__clkbuf_16)
                                                         clknet_2_0__leaf_clk (net)
                      0.078980    0.002495    0.471371 ^ _237_/CLK (sky130_fd_sc_hd__dfxtp_2)
                                  0.000000    0.471371   clock reconvergence pessimism
                                 -0.065786    0.405584   library hold time
                                              0.405584   data required time
---------------------------------------------------------------------------------------------
                                              0.405584   data required time
                                             -1.524165   data arrival time
---------------------------------------------------------------------------------------------
                                              1.118580   slack (MET)


Startpoint: _236_ (rising edge-triggered flip-flop clocked by clk)
Endpoint: _214_ (rising edge-triggered flip-flop clocked by clk)
Path Group: clk
Path Type: min

Fanout         Cap        Slew       Delay        Time   Description
---------------------------------------------------------------------------------------------
                                  0.000000    0.000000   clock clk (rise edge)
                                  0.000000    0.000000   clock source latency
     1    0.015844    0.000000    0.000000    0.000000 ^ clk (in)
                                                         clk (net)
                      0.002072    0.001036    0.001036 ^ clkbuf_0_clk/A (sky130_fd_sc_hd__clkbuf_16)
     4    0.041074    0.095022    0.220717    0.221754 ^ clkbuf_0_clk/X (sky130_fd_sc_hd__clkbuf_16)
                                                         clknet_0_clk (net)
                      0.095095    0.002339    0.224092 ^ clkbuf_2_0__f_clk/A (sky130_fd_sc_hd__clkbuf_16)
     8    0.028800    0.078872    0.244784    0.468876 ^ clkbuf_2_0__f_clk/X (sky130_fd_sc_hd__clkbuf_16)
                                                         clknet_2_0__leaf_clk (net)
                      0.078896    0.001342    0.470218 ^ _236_/CLK (sky130_fd_sc_hd__dfxtp_2)
     2    0.004244    0.062171    0.648724    1.118942 ^ _236_/Q (sky130_fd_sc_hd__dfxtp_2)
                                                         tx_shift[1] (net)
                      0.062171    0.000267    1.119209 ^ _183_/A (sky130_fd_sc_hd__or2_2)
     1    0.003677    0.054558    0.175951    1.295160 ^ _183_/X (sky130_fd_sc_hd__or2_2)
                                                         _102_ (net)
                      0.054558    0.000157    1.295317 ^ _184_/A2 (sky130_fd_sc_hd__a211o_2)
     1    0.002032    0.040563    0.230743    1.526060 ^ _184_/X (sky130_fd_sc_hd__a211o_2)
                                                         _000_ (net)
                      0.040563    0.000137    1.526196 ^ _214_/D (sky130_fd_sc_hd__dfxtp_2)
                                              1.526196   data arrival time

                                  0.000000    0.000000   clock clk (rise edge)
                                  0.000000    0.000000   clock source latency
     1    0.015844    0.000000    0.000000    0.000000 ^ clk (in)
                                                         clk (net)
                      0.002072    0.001036    0.001036 ^ clkbuf_0_clk/A (sky130_fd_sc_hd__clkbuf_16)
     4    0.041074    0.095022    0.220717    0.221754 ^ clkbuf_0_clk/X (sky130_fd_sc_hd__clkbuf_16)
                                                         clknet_0_clk (net)
                      0.095095    0.002339    0.224092 ^ clkbuf_2_0__f_clk/A (sky130_fd_sc_hd__clkbuf_16)
     8    0.028800    0.078872    0.244784    0.468876 ^ clkbuf_2_0__f_clk/X (sky130_fd_sc_hd__clkbuf_16)
                                                         clknet_2_0__leaf_clk (net)
                      0.078898    0.001383    0.470259 ^ _214_/CLK (sky130_fd_sc_hd__dfxtp_2)
                                  0.000000    0.470259   clock reconvergence pessimism
                                 -0.063714    0.406545   library hold time
                                              0.406545   data required time
---------------------------------------------------------------------------------------------
                                              0.406545   data required time
                                             -1.526196   data arrival time
---------------------------------------------------------------------------------------------
                                              1.119651   slack (MET)


Startpoint: _236_ (rising edge-triggered flip-flop clocked by clk)
Endpoint: _236_ (rising edge-triggered flip-flop clocked by clk)
Path Group: clk
Path Type: min

Fanout         Cap        Slew       Delay        Time   Description
---------------------------------------------------------------------------------------------
                                  0.000000    0.000000   clock clk (rise edge)
                                  0.000000    0.000000   clock source latency
     1    0.015844    0.000000    0.000000    0.000000 ^ clk (in)
                                                         clk (net)
                      0.002072    0.001036    0.001036 ^ clkbuf_0_clk/A (sky130_fd_sc_hd__clkbuf_16)
     4    0.041074    0.095022    0.220717    0.221754 ^ clkbuf_0_clk/X (sky130_fd_sc_hd__clkbuf_16)
                                                         clknet_0_clk (net)
                      0.095095    0.002339    0.224092 ^ clkbuf_2_0__f_clk/A (sky130_fd_sc_hd__clkbuf_16)
     8    0.028800    0.078872    0.244784    0.468876 ^ clkbuf_2_0__f_clk/X (sky130_fd_sc_hd__clkbuf_16)
                                                         clknet_2_0__leaf_clk (net)
                      0.078896    0.001342    0.470218 ^ _236_/CLK (sky130_fd_sc_hd__dfxtp_2)
     2    0.004244    0.062171    0.648724    1.118942 ^ _236_/Q (sky130_fd_sc_hd__dfxtp_2)
                                                         tx_shift[1] (net)
                      0.062171    0.000279    1.119221 ^ _140_/A1 (sky130_fd_sc_hd__mux2_1)
     1    0.003213    0.077132    0.231938    1.351159 ^ _140_/X (sky130_fd_sc_hd__mux2_1)
                                                         _068_ (net)
                      0.077132    0.000192    1.351350 ^ _141_/B (sky130_fd_sc_hd__or2_2)
     1    0.003112    0.050856    0.176699    1.528049 ^ _141_/X (sky130_fd_sc_hd__or2_2)
                                                         _022_ (net)
                      0.050857    0.000189    1.528238 ^ _236_/D (sky130_fd_sc_hd__dfxtp_2)
                                              1.528238   data arrival time

                                  0.000000    0.000000   clock clk (rise edge)
                                  0.000000    0.000000   clock source latency
     1    0.015844    0.000000    0.000000    0.000000 ^ clk (in)
                                                         clk (net)
                      0.002072    0.001036    0.001036 ^ clkbuf_0_clk/A (sky130_fd_sc_hd__clkbuf_16)
     4    0.041074    0.095022    0.220717    0.221754 ^ clkbuf_0_clk/X (sky130_fd_sc_hd__clkbuf_16)
                                                         clknet_0_clk (net)
                      0.095095    0.002339    0.224092 ^ clkbuf_2_0__f_clk/A (sky130_fd_sc_hd__clkbuf_16)
     8    0.028800    0.078872    0.244784    0.468876 ^ clkbuf_2_0__f_clk/X (sky130_fd_sc_hd__clkbuf_16)
                                                         clknet_2_0__leaf_clk (net)
                      0.078896    0.001342    0.470218 ^ _236_/CLK (sky130_fd_sc_hd__dfxtp_2)
                                  0.000000    0.470218   clock reconvergence pessimism
                                 -0.066094    0.404124   library hold time
                                              0.404124   data required time
---------------------------------------------------------------------------------------------
                                              0.404124   data required time
                                             -1.528238   data arrival time
---------------------------------------------------------------------------------------------
                                              1.124114   slack (MET)


Startpoint: _231_ (rising edge-triggered flip-flop clocked by clk)
Endpoint: _231_ (rising edge-triggered flip-flop clocked by clk)
Path Group: clk
Path Type: min

Fanout         Cap        Slew       Delay        Time   Description
---------------------------------------------------------------------------------------------
                                  0.000000    0.000000   clock clk (rise edge)
                                  0.000000    0.000000   clock source latency
     1    0.015844    0.000000    0.000000    0.000000 ^ clk (in)
                                                         clk (net)
                      0.002072    0.001036    0.001036 ^ clkbuf_0_clk/A (sky130_fd_sc_hd__clkbuf_16)
     4    0.041074    0.095022    0.220717    0.221754 ^ clkbuf_0_clk/X (sky130_fd_sc_hd__clkbuf_16)
                                                         clknet_0_clk (net)
                      0.095116    0.002608    0.224362 ^ clkbuf_2_1__f_clk/A (sky130_fd_sc_hd__clkbuf_16)
     9    0.026069    0.075139    0.241512    0.465874 ^ clkbuf_2_1__f_clk/X (sky130_fd_sc_hd__clkbuf_16)
                                                         clknet_2_1__leaf_clk (net)
                      0.075147    0.000753    0.466626 ^ _231_/CLK (sky130_fd_sc_hd__dfxtp_2)
     3    0.010787    0.071470    0.633638    1.100264 v _231_/Q (sky130_fd_sc_hd__dfxtp_2)
                                                         baud_counter[15] (net)
                      0.071470    0.000582    1.100846 v _124_/A (sky130_fd_sc_hd__nand4_2)
     1    0.004123    0.072977    0.101443    1.202289 ^ _124_/Y (sky130_fd_sc_hd__nand4_2)
                                                         _057_ (net)
                      0.072978    0.000265    1.202554 ^ _125_/A2 (sky130_fd_sc_hd__o211a_2)
     1    0.002006    0.070470    0.337445    1.539999 ^ _125_/X (sky130_fd_sc_hd__o211a_2)
                                                         _017_ (net)
                      0.070470    0.000142    1.540141 ^ _231_/D (sky130_fd_sc_hd__dfxtp_2)
                                              1.540141   data arrival time

                                  0.000000    0.000000   clock clk (rise edge)
                                  0.000000    0.000000   clock source latency
     1    0.015844    0.000000    0.000000    0.000000 ^ clk (in)
                                                         clk (net)
                      0.002072    0.001036    0.001036 ^ clkbuf_0_clk/A (sky130_fd_sc_hd__clkbuf_16)
     4    0.041074    0.095022    0.220717    0.221754 ^ clkbuf_0_clk/X (sky130_fd_sc_hd__clkbuf_16)
                                                         clknet_0_clk (net)
                      0.095116    0.002608    0.224362 ^ clkbuf_2_1__f_clk/A (sky130_fd_sc_hd__clkbuf_16)
     9    0.026069    0.075139    0.241512    0.465874 ^ clkbuf_2_1__f_clk/X (sky130_fd_sc_hd__clkbuf_16)
                                                         clknet_2_1__leaf_clk (net)
                      0.075147    0.000753    0.466626 ^ _231_/CLK (sky130_fd_sc_hd__dfxtp_2)
                                  0.000000    0.466626   clock reconvergence pessimism
                                 -0.071224    0.395402   library hold time
                                              0.395402   data required time
---------------------------------------------------------------------------------------------
                                              0.395402   data required time
                                             -1.540141   data arrival time
---------------------------------------------------------------------------------------------
                                              1.144739   slack (MET)


Startpoint: _224_ (rising edge-triggered flip-flop clocked by clk)
Endpoint: _224_ (rising edge-triggered flip-flop clocked by clk)
Path Group: clk
Path Type: min

Fanout         Cap        Slew       Delay        Time   Description
---------------------------------------------------------------------------------------------
                                  0.000000    0.000000   clock clk (rise edge)
                                  0.000000    0.000000   clock source latency
     1    0.015844    0.000000    0.000000    0.000000 ^ clk (in)
                                                         clk (net)
                      0.002072    0.001036    0.001036 ^ clkbuf_0_clk/A (sky130_fd_sc_hd__clkbuf_16)
     4    0.041074    0.095022    0.220717    0.221754 ^ clkbuf_0_clk/X (sky130_fd_sc_hd__clkbuf_16)
                                                         clknet_0_clk (net)
                      0.095100    0.002409    0.224162 ^ clkbuf_2_3__f_clk/A (sky130_fd_sc_hd__clkbuf_16)
     8    0.028334    0.078160    0.244677    0.468840 ^ clkbuf_2_3__f_clk/X (sky130_fd_sc_hd__clkbuf_16)
                                                         clknet_2_3__leaf_clk (net)
                      0.078164    0.000670    0.469510 ^ _224_/CLK (sky130_fd_sc_hd__dfxtp_2)
     4    0.017664    0.097335    0.662232    1.131742 v _224_/Q (sky130_fd_sc_hd__dfxtp_2)
                                                         baud_counter[8] (net)
                      0.097335    0.001129    1.132871 v _167_/A (sky130_fd_sc_hd__inv_2)
     2    0.008888    0.077309    0.109636    1.242507 ^ _167_/Y (sky130_fd_sc_hd__inv_2)
                                                         _086_ (net)
                      0.077311    0.000482    1.242989 ^ _211_/A (sky130_fd_sc_hd__nand2_2)
     1    0.003346    0.050940    0.082672    1.325661 v _211_/Y (sky130_fd_sc_hd__nand2_2)
                                                         _044_ (net)
                      0.050940    0.000222    1.325883 v _212_/B1 (sky130_fd_sc_hd__o211a_2)
     1    0.002279    0.041431    0.222641    1.548524 v _212_/X (sky130_fd_sc_hd__o211a_2)
                                                         _010_ (net)
                      0.041431    0.000153    1.548677 v _224_/D (sky130_fd_sc_hd__dfxtp_2)
                                              1.548677   data arrival time

                                  0.000000    0.000000   clock clk (rise edge)
                                  0.000000    0.000000   clock source latency
     1    0.015844    0.000000    0.000000    0.000000 ^ clk (in)
                                                         clk (net)
                      0.002072    0.001036    0.001036 ^ clkbuf_0_clk/A (sky130_fd_sc_hd__clkbuf_16)
     4    0.041074    0.095022    0.220717    0.221754 ^ clkbuf_0_clk/X (sky130_fd_sc_hd__clkbuf_16)
                                                         clknet_0_clk (net)
                      0.095100    0.002409    0.224162 ^ clkbuf_2_3__f_clk/A (sky130_fd_sc_hd__clkbuf_16)
     8    0.028334    0.078160    0.244677    0.468840 ^ clkbuf_2_3__f_clk/X (sky130_fd_sc_hd__clkbuf_16)
                                                         clknet_2_3__leaf_clk (net)
                      0.078164    0.000670    0.469510 ^ _224_/CLK (sky130_fd_sc_hd__dfxtp_2)
                                  0.000000    0.469510   clock reconvergence pessimism
                                 -0.077707    0.391803   library hold time
                                              0.391803   data required time
---------------------------------------------------------------------------------------------
                                              0.391803   data required time
                                             -1.548677   data arrival time
---------------------------------------------------------------------------------------------
                                              1.156874   slack (MET)


Startpoint: _230_ (rising edge-triggered flip-flop clocked by clk)
Endpoint: _230_ (rising edge-triggered flip-flop clocked by clk)
Path Group: clk
Path Type: min

Fanout         Cap        Slew       Delay        Time   Description
---------------------------------------------------------------------------------------------
                                  0.000000    0.000000   clock clk (rise edge)
                                  0.000000    0.000000   clock source latency
     1    0.015844    0.000000    0.000000    0.000000 ^ clk (in)
                                                         clk (net)
                      0.002072    0.001036    0.001036 ^ clkbuf_0_clk/A (sky130_fd_sc_hd__clkbuf_16)
     4    0.041074    0.095022    0.220717    0.221754 ^ clkbuf_0_clk/X (sky130_fd_sc_hd__clkbuf_16)
                                                         clknet_0_clk (net)
                      0.095116    0.002608    0.224362 ^ clkbuf_2_1__f_clk/A (sky130_fd_sc_hd__clkbuf_16)
     9    0.026069    0.075139    0.241512    0.465874 ^ clkbuf_2_1__f_clk/X (sky130_fd_sc_hd__clkbuf_16)
                                                         clknet_2_1__leaf_clk (net)
                      0.075146    0.000713    0.466586 ^ _230_/CLK (sky130_fd_sc_hd__dfxtp_2)
     5    0.019565    0.103885    0.667781    1.134367 v _230_/Q (sky130_fd_sc_hd__dfxtp_2)
                                                         baud_counter[14] (net)
                      0.103885    0.001109    1.135476 v _121_/A (sky130_fd_sc_hd__nand4_2)
     1    0.002098    0.061541    0.103786    1.239263 ^ _121_/Y (sky130_fd_sc_hd__nand4_2)
                                                         _055_ (net)
                      0.061541    0.000097    1.239360 ^ _122_/C (sky130_fd_sc_hd__and3_2)
     1    0.002648    0.078153    0.349236    1.588596 ^ _122_/X (sky130_fd_sc_hd__and3_2)
                                                         _016_ (net)
                      0.078153    0.000164    1.588760 ^ _230_/D (sky130_fd_sc_hd__dfxtp_2)
                                              1.588760   data arrival time

                                  0.000000    0.000000   clock clk (rise edge)
                                  0.000000    0.000000   clock source latency
     1    0.015844    0.000000    0.000000    0.000000 ^ clk (in)
                                                         clk (net)
                      0.002072    0.001036    0.001036 ^ clkbuf_0_clk/A (sky130_fd_sc_hd__clkbuf_16)
     4    0.041074    0.095022    0.220717    0.221754 ^ clkbuf_0_clk/X (sky130_fd_sc_hd__clkbuf_16)
                                                         clknet_0_clk (net)
                      0.095116    0.002608    0.224362 ^ clkbuf_2_1__f_clk/A (sky130_fd_sc_hd__clkbuf_16)
     9    0.026069    0.075139    0.241512    0.465874 ^ clkbuf_2_1__f_clk/X (sky130_fd_sc_hd__clkbuf_16)
                                                         clknet_2_1__leaf_clk (net)
                      0.075146    0.000713    0.466586 ^ _230_/CLK (sky130_fd_sc_hd__dfxtp_2)
                                  0.000000    0.466586   clock reconvergence pessimism
                                 -0.073001    0.393586   library hold time
                                              0.393586   data required time
---------------------------------------------------------------------------------------------
                                              0.393586   data required time
                                             -1.588760   data arrival time
---------------------------------------------------------------------------------------------
                                              1.195174   slack (MET)


Startpoint: _227_ (rising edge-triggered flip-flop clocked by clk)
Endpoint: _227_ (rising edge-triggered flip-flop clocked by clk)
Path Group: clk
Path Type: min

Fanout         Cap        Slew       Delay        Time   Description
---------------------------------------------------------------------------------------------
                                  0.000000    0.000000   clock clk (rise edge)
                                  0.000000    0.000000   clock source latency
     1    0.015844    0.000000    0.000000    0.000000 ^ clk (in)
                                                         clk (net)
                      0.002072    0.001036    0.001036 ^ clkbuf_0_clk/A (sky130_fd_sc_hd__clkbuf_16)
     4    0.041074    0.095022    0.220717    0.221754 ^ clkbuf_0_clk/X (sky130_fd_sc_hd__clkbuf_16)
                                                         clknet_0_clk (net)
                      0.095116    0.002608    0.224362 ^ clkbuf_2_1__f_clk/A (sky130_fd_sc_hd__clkbuf_16)
     9    0.026069    0.075139    0.241512    0.465874 ^ clkbuf_2_1__f_clk/X (sky130_fd_sc_hd__clkbuf_16)
                                                         clknet_2_1__leaf_clk (net)
                      0.075146    0.000721    0.466595 ^ _227_/CLK (sky130_fd_sc_hd__dfxtp_2)
    10    0.035386    0.166689    0.716880    1.183475 v _227_/Q (sky130_fd_sc_hd__dfxtp_2)
                                                         baud_counter[11] (net)
                      0.166713    0.002017    1.185492 v _113_/A1 (sky130_fd_sc_hd__o21ba_2)
     1    0.002348    0.043054    0.418628    1.604120 v _113_/X (sky130_fd_sc_hd__o21ba_2)
                                                         _013_ (net)
                      0.043054    0.000157    1.604277 v _227_/D (sky130_fd_sc_hd__dfxtp_2)
                                              1.604277   data arrival time

                                  0.000000    0.000000   clock clk (rise edge)
                                  0.000000    0.000000   clock source latency
     1    0.015844    0.000000    0.000000    0.000000 ^ clk (in)
                                                         clk (net)
                      0.002072    0.001036    0.001036 ^ clkbuf_0_clk/A (sky130_fd_sc_hd__clkbuf_16)
     4    0.041074    0.095022    0.220717    0.221754 ^ clkbuf_0_clk/X (sky130_fd_sc_hd__clkbuf_16)
                                                         clknet_0_clk (net)
                      0.095116    0.002608    0.224362 ^ clkbuf_2_1__f_clk/A (sky130_fd_sc_hd__clkbuf_16)
     9    0.026069    0.075139    0.241512    0.465874 ^ clkbuf_2_1__f_clk/X (sky130_fd_sc_hd__clkbuf_16)
                                                         clknet_2_1__leaf_clk (net)
                      0.075146    0.000721    0.466595 ^ _227_/CLK (sky130_fd_sc_hd__dfxtp_2)
                                  0.000000    0.466595   clock reconvergence pessimism
                                 -0.079020    0.387575   library hold time
                                              0.387575   data required time
---------------------------------------------------------------------------------------------
                                              0.387575   data required time
                                             -1.604277   data arrival time
---------------------------------------------------------------------------------------------
                                              1.216702   slack (MET)


Startpoint: _223_ (rising edge-triggered flip-flop clocked by clk)
Endpoint: _223_ (rising edge-triggered flip-flop clocked by clk)
Path Group: clk
Path Type: min

Fanout         Cap        Slew       Delay        Time   Description
---------------------------------------------------------------------------------------------
                                  0.000000    0.000000   clock clk (rise edge)
                                  0.000000    0.000000   clock source latency
     1    0.015844    0.000000    0.000000    0.000000 ^ clk (in)
                                                         clk (net)
                      0.002072    0.001036    0.001036 ^ clkbuf_0_clk/A (sky130_fd_sc_hd__clkbuf_16)
     4    0.041074    0.095022    0.220717    0.221754 ^ clkbuf_0_clk/X (sky130_fd_sc_hd__clkbuf_16)
                                                         clknet_0_clk (net)
                      0.095100    0.002409    0.224162 ^ clkbuf_2_3__f_clk/A (sky130_fd_sc_hd__clkbuf_16)
     8    0.028334    0.078160    0.244677    0.468840 ^ clkbuf_2_3__f_clk/X (sky130_fd_sc_hd__clkbuf_16)
                                                         clknet_2_3__leaf_clk (net)
                      0.078164    0.000658    0.469498 ^ _223_/CLK (sky130_fd_sc_hd__dfxtp_2)
     5    0.018464    0.099665    0.665514    1.135011 v _223_/Q (sky130_fd_sc_hd__dfxtp_2)
                                                         baud_counter[7] (net)
                      0.099665    0.001163    1.136174 v _209_/A (sky130_fd_sc_hd__nand2_2)
     3    0.010965    0.107712    0.138444    1.274618 ^ _209_/Y (sky130_fd_sc_hd__nand2_2)
                                                         _043_ (net)
                      0.107757    0.000665    1.275283 ^ _210_/C (sky130_fd_sc_hd__and3_2)
     1    0.002159    0.074508    0.360287    1.635569 ^ _210_/X (sky130_fd_sc_hd__and3_2)
                                                         _009_ (net)
                      0.074508    0.000097    1.635666 ^ _223_/D (sky130_fd_sc_hd__dfxtp_2)
                                              1.635666   data arrival time

                                  0.000000    0.000000   clock clk (rise edge)
                                  0.000000    0.000000   clock source latency
     1    0.015844    0.000000    0.000000    0.000000 ^ clk (in)
                                                         clk (net)
                      0.002072    0.001036    0.001036 ^ clkbuf_0_clk/A (sky130_fd_sc_hd__clkbuf_16)
     4    0.041074    0.095022    0.220717    0.221754 ^ clkbuf_0_clk/X (sky130_fd_sc_hd__clkbuf_16)
                                                         clknet_0_clk (net)
                      0.095100    0.002409    0.224162 ^ clkbuf_2_3__f_clk/A (sky130_fd_sc_hd__clkbuf_16)
     8    0.028334    0.078160    0.244677    0.468840 ^ clkbuf_2_3__f_clk/X (sky130_fd_sc_hd__clkbuf_16)
                                                         clknet_2_3__leaf_clk (net)
                      0.078164    0.000658    0.469498 ^ _223_/CLK (sky130_fd_sc_hd__dfxtp_2)
                                  0.000000    0.469498   clock reconvergence pessimism
                                 -0.071678    0.397820   library hold time
                                              0.397820   data required time
---------------------------------------------------------------------------------------------
                                              0.397820   data required time
                                             -1.635666   data arrival time
---------------------------------------------------------------------------------------------
                                              1.237846   slack (MET)


Startpoint: _220_ (rising edge-triggered flip-flop clocked by clk)
Endpoint: _220_ (rising edge-triggered flip-flop clocked by clk)
Path Group: clk
Path Type: min

Fanout         Cap        Slew       Delay        Time   Description
---------------------------------------------------------------------------------------------
                                  0.000000    0.000000   clock clk (rise edge)
                                  0.000000    0.000000   clock source latency
     1    0.015844    0.000000    0.000000    0.000000 ^ clk (in)
                                                         clk (net)
                      0.002072    0.001036    0.001036 ^ clkbuf_0_clk/A (sky130_fd_sc_hd__clkbuf_16)
     4    0.041074    0.095022    0.220717    0.221754 ^ clkbuf_0_clk/X (sky130_fd_sc_hd__clkbuf_16)
                                                         clknet_0_clk (net)
                      0.095100    0.002409    0.224162 ^ clkbuf_2_3__f_clk/A (sky130_fd_sc_hd__clkbuf_16)
     8    0.028334    0.078160    0.244677    0.468840 ^ clkbuf_2_3__f_clk/X (sky130_fd_sc_hd__clkbuf_16)
                                                         clknet_2_3__leaf_clk (net)
                      0.078169    0.000829    0.469669 ^ _220_/CLK (sky130_fd_sc_hd__dfxtp_2)
     4    0.010331    0.104629    0.687035    1.156704 ^ _220_/Q (sky130_fd_sc_hd__dfxtp_2)
                                                         baud_counter[4] (net)
                      0.104629    0.000447    1.157151 ^ _201_/B1 (sky130_fd_sc_hd__a21o_2)
     1    0.001887    0.039446    0.154716    1.311867 ^ _201_/X (sky130_fd_sc_hd__a21o_2)
                                                         _038_ (net)
                      0.039446    0.000125    1.311992 ^ _202_/B (sky130_fd_sc_hd__and3b_2)
     1    0.002000    0.074172    0.325721    1.637713 ^ _202_/X (sky130_fd_sc_hd__and3b_2)
                                                         _006_ (net)
                      0.074172    0.000092    1.637804 ^ _220_/D (sky130_fd_sc_hd__dfxtp_2)
                                              1.637804   data arrival time

                                  0.000000    0.000000   clock clk (rise edge)
                                  0.000000    0.000000   clock source latency
     1    0.015844    0.000000    0.000000    0.000000 ^ clk (in)
                                                         clk (net)
                      0.002072    0.001036    0.001036 ^ clkbuf_0_clk/A (sky130_fd_sc_hd__clkbuf_16)
     4    0.041074    0.095022    0.220717    0.221754 ^ clkbuf_0_clk/X (sky130_fd_sc_hd__clkbuf_16)
                                                         clknet_0_clk (net)
                      0.095100    0.002409    0.224162 ^ clkbuf_2_3__f_clk/A (sky130_fd_sc_hd__clkbuf_16)
     8    0.028334    0.078160    0.244677    0.468840 ^ clkbuf_2_3__f_clk/X (sky130_fd_sc_hd__clkbuf_16)
                                                         clknet_2_3__leaf_clk (net)
                      0.078169    0.000829    0.469669 ^ _220_/CLK (sky130_fd_sc_hd__dfxtp_2)
                                  0.000000    0.469669   clock reconvergence pessimism
                                 -0.071600    0.398070   library hold time
                                              0.398070   data required time
---------------------------------------------------------------------------------------------
                                              0.398070   data required time
                                             -1.637804   data arrival time
---------------------------------------------------------------------------------------------
                                              1.239735   slack (MET)


Startpoint: _228_ (rising edge-triggered flip-flop clocked by clk)
Endpoint: _228_ (rising edge-triggered flip-flop clocked by clk)
Path Group: clk
Path Type: min

Fanout         Cap        Slew       Delay        Time   Description
---------------------------------------------------------------------------------------------
                                  0.000000    0.000000   clock clk (rise edge)
                                  0.000000    0.000000   clock source latency
     1    0.015844    0.000000    0.000000    0.000000 ^ clk (in)
                                                         clk (net)
                      0.002072    0.001036    0.001036 ^ clkbuf_0_clk/A (sky130_fd_sc_hd__clkbuf_16)
     4    0.041074    0.095022    0.220717    0.221754 ^ clkbuf_0_clk/X (sky130_fd_sc_hd__clkbuf_16)
                                                         clknet_0_clk (net)
                      0.095116    0.002608    0.224362 ^ clkbuf_2_1__f_clk/A (sky130_fd_sc_hd__clkbuf_16)
     9    0.026069    0.075139    0.241512    0.465874 ^ clkbuf_2_1__f_clk/X (sky130_fd_sc_hd__clkbuf_16)
                                                         clknet_2_1__leaf_clk (net)
                      0.075148    0.000778    0.466651 ^ _228_/CLK (sky130_fd_sc_hd__dfxtp_2)
     4    0.010527    0.106079    0.686719    1.153371 ^ _228_/Q (sky130_fd_sc_hd__dfxtp_2)
                                                         baud_counter[12] (net)
                      0.106079    0.000558    1.153928 ^ _114_/B1 (sky130_fd_sc_hd__a21o_2)
     1    0.002656    0.044199    0.160625    1.314554 ^ _114_/X (sky130_fd_sc_hd__a21o_2)
                                                         _050_ (net)
                      0.044199    0.000181    1.314735 ^ _116_/C (sky130_fd_sc_hd__and3b_2)
     1    0.002034    0.074526    0.344003    1.658738 ^ _116_/X (sky130_fd_sc_hd__and3b_2)
                                                         _014_ (net)
                      0.074526    0.000144    1.658882 ^ _228_/D (sky130_fd_sc_hd__dfxtp_2)
                                              1.658882   data arrival time

                                  0.000000    0.000000   clock clk (rise edge)
                                  0.000000    0.000000   clock source latency
     1    0.015844    0.000000    0.000000    0.000000 ^ clk (in)
                                                         clk (net)
                      0.002072    0.001036    0.001036 ^ clkbuf_0_clk/A (sky130_fd_sc_hd__clkbuf_16)
     4    0.041074    0.095022    0.220717    0.221754 ^ clkbuf_0_clk/X (sky130_fd_sc_hd__clkbuf_16)
                                                         clknet_0_clk (net)
                      0.095116    0.002608    0.224362 ^ clkbuf_2_1__f_clk/A (sky130_fd_sc_hd__clkbuf_16)
     9    0.026069    0.075139    0.241512    0.465874 ^ clkbuf_2_1__f_clk/X (sky130_fd_sc_hd__clkbuf_16)
                                                         clknet_2_1__leaf_clk (net)
                      0.075148    0.000778    0.466651 ^ _228_/CLK (sky130_fd_sc_hd__dfxtp_2)
                                  0.000000    0.466651   clock reconvergence pessimism
                                 -0.072162    0.394490   library hold time
                                              0.394490   data required time
---------------------------------------------------------------------------------------------
                                              0.394490   data required time
                                             -1.658882   data arrival time
---------------------------------------------------------------------------------------------
                                              1.264392   slack (MET)


Startpoint: _222_ (rising edge-triggered flip-flop clocked by clk)
Endpoint: _222_ (rising edge-triggered flip-flop clocked by clk)
Path Group: clk
Path Type: min

Fanout         Cap        Slew       Delay        Time   Description
---------------------------------------------------------------------------------------------
                                  0.000000    0.000000   clock clk (rise edge)
                                  0.000000    0.000000   clock source latency
     1    0.015844    0.000000    0.000000    0.000000 ^ clk (in)
                                                         clk (net)
                      0.002072    0.001036    0.001036 ^ clkbuf_0_clk/A (sky130_fd_sc_hd__clkbuf_16)
     4    0.041074    0.095022    0.220717    0.221754 ^ clkbuf_0_clk/X (sky130_fd_sc_hd__clkbuf_16)
                                                         clknet_0_clk (net)
                      0.095100    0.002409    0.224162 ^ clkbuf_2_3__f_clk/A (sky130_fd_sc_hd__clkbuf_16)
     8    0.028334    0.078160    0.244677    0.468840 ^ clkbuf_2_3__f_clk/X (sky130_fd_sc_hd__clkbuf_16)
                                                         clknet_2_3__leaf_clk (net)
                      0.078166    0.000731    0.469571 ^ _222_/CLK (sky130_fd_sc_hd__dfxtp_2)
     3    0.008299    0.090183    0.674743    1.144313 ^ _222_/Q (sky130_fd_sc_hd__dfxtp_2)
                                                         baud_counter[6] (net)
                      0.090183    0.000484    1.144797 ^ _205_/B1 (sky130_fd_sc_hd__a31o_2)
     1    0.002368    0.051475    0.168404    1.313201 ^ _205_/X (sky130_fd_sc_hd__a31o_2)
                                                         _040_ (net)
                      0.051475    0.000150    1.313351 ^ _207_/C (sky130_fd_sc_hd__and3b_2)
     1    0.002255    0.076143    0.349294    1.662645 ^ _207_/X (sky130_fd_sc_hd__and3b_2)
                                                         _008_ (net)
                      0.076143    0.000150    1.662795 ^ _222_/D (sky130_fd_sc_hd__dfxtp_2)
                                              1.662795   data arrival time

                                  0.000000    0.000000   clock clk (rise edge)
                                  0.000000    0.000000   clock source latency
     1    0.015844    0.000000    0.000000    0.000000 ^ clk (in)
                                                         clk (net)
                      0.002072    0.001036    0.001036 ^ clkbuf_0_clk/A (sky130_fd_sc_hd__clkbuf_16)
     4    0.041074    0.095022    0.220717    0.221754 ^ clkbuf_0_clk/X (sky130_fd_sc_hd__clkbuf_16)
                                                         clknet_0_clk (net)
                      0.095100    0.002409    0.224162 ^ clkbuf_2_3__f_clk/A (sky130_fd_sc_hd__clkbuf_16)
     8    0.028334    0.078160    0.244677    0.468840 ^ clkbuf_2_3__f_clk/X (sky130_fd_sc_hd__clkbuf_16)
                                                         clknet_2_3__leaf_clk (net)
                      0.078166    0.000731    0.469571 ^ _222_/CLK (sky130_fd_sc_hd__dfxtp_2)
                                  0.000000    0.469571   clock reconvergence pessimism
                                 -0.072056    0.397515   library hold time
                                              0.397515   data required time
---------------------------------------------------------------------------------------------
                                              0.397515   data required time
                                             -1.662795   data arrival time
---------------------------------------------------------------------------------------------
                                              1.265280   slack (MET)


Startpoint: _218_ (rising edge-triggered flip-flop clocked by clk)
Endpoint: _218_ (rising edge-triggered flip-flop clocked by clk)
Path Group: clk
Path Type: min

Fanout         Cap        Slew       Delay        Time   Description
---------------------------------------------------------------------------------------------
                                  0.000000    0.000000   clock clk (rise edge)
                                  0.000000    0.000000   clock source latency
     1    0.015844    0.000000    0.000000    0.000000 ^ clk (in)
                                                         clk (net)
                      0.002072    0.001036    0.001036 ^ clkbuf_0_clk/A (sky130_fd_sc_hd__clkbuf_16)
     4    0.041074    0.095022    0.220717    0.221754 ^ clkbuf_0_clk/X (sky130_fd_sc_hd__clkbuf_16)
                                                         clknet_0_clk (net)
                      0.095104    0.002462    0.224216 ^ clkbuf_2_2__f_clk/A (sky130_fd_sc_hd__clkbuf_16)
     9    0.026023    0.075109    0.241090    0.465306 ^ clkbuf_2_2__f_clk/X (sky130_fd_sc_hd__clkbuf_16)
                                                         clknet_2_2__leaf_clk (net)
                      0.075126    0.001096    0.466403 ^ _218_/CLK (sky130_fd_sc_hd__dfxtp_2)
     3    0.008178    0.089307    0.672719    1.139122 ^ _218_/Q (sky130_fd_sc_hd__dfxtp_2)
                                                         baud_counter[2] (net)
                      0.089307    0.000292    1.139414 ^ _195_/B1 (sky130_fd_sc_hd__a31o_2)
     1    0.002885    0.055285    0.172426    1.311840 ^ _195_/X (sky130_fd_sc_hd__a31o_2)
                                                         _034_ (net)
                      0.055285    0.000168    1.312007 ^ _197_/C (sky130_fd_sc_hd__and3b_2)
     1    0.002262    0.076139    0.350884    1.662891 ^ _197_/X (sky130_fd_sc_hd__and3b_2)
                                                         _004_ (net)
                      0.076139    0.000146    1.663037 ^ _218_/D (sky130_fd_sc_hd__dfxtp_2)
                                              1.663037   data arrival time

                                  0.000000    0.000000   clock clk (rise edge)
                                  0.000000    0.000000   clock source latency
     1    0.015844    0.000000    0.000000    0.000000 ^ clk (in)
                                                         clk (net)
                      0.002072    0.001036    0.001036 ^ clkbuf_0_clk/A (sky130_fd_sc_hd__clkbuf_16)
     4    0.041074    0.095022    0.220717    0.221754 ^ clkbuf_0_clk/X (sky130_fd_sc_hd__clkbuf_16)
                                                         clknet_0_clk (net)
                      0.095104    0.002462    0.224216 ^ clkbuf_2_2__f_clk/A (sky130_fd_sc_hd__clkbuf_16)
     9    0.026023    0.075109    0.241090    0.465306 ^ clkbuf_2_2__f_clk/X (sky130_fd_sc_hd__clkbuf_16)
                                                         clknet_2_2__leaf_clk (net)
                      0.075126    0.001096    0.466403 ^ _218_/CLK (sky130_fd_sc_hd__dfxtp_2)
                                  0.000000    0.466403   clock reconvergence pessimism
                                 -0.072538    0.393865   library hold time
                                              0.393865   data required time
---------------------------------------------------------------------------------------------
                                              0.393865   data required time
                                             -1.663037   data arrival time
---------------------------------------------------------------------------------------------
                                              1.269173   slack (MET)


Startpoint: _225_ (rising edge-triggered flip-flop clocked by clk)
Endpoint: _225_ (rising edge-triggered flip-flop clocked by clk)
Path Group: clk
Path Type: min

Fanout         Cap        Slew       Delay        Time   Description
---------------------------------------------------------------------------------------------
                                  0.000000    0.000000   clock clk (rise edge)
                                  0.000000    0.000000   clock source latency
     1    0.015844    0.000000    0.000000    0.000000 ^ clk (in)
                                                         clk (net)
                      0.002072    0.001036    0.001036 ^ clkbuf_0_clk/A (sky130_fd_sc_hd__clkbuf_16)
     4    0.041074    0.095022    0.220717    0.221754 ^ clkbuf_0_clk/X (sky130_fd_sc_hd__clkbuf_16)
                                                         clknet_0_clk (net)
                      0.095100    0.002409    0.224162 ^ clkbuf_2_3__f_clk/A (sky130_fd_sc_hd__clkbuf_16)
     8    0.028334    0.078160    0.244677    0.468840 ^ clkbuf_2_3__f_clk/X (sky130_fd_sc_hd__clkbuf_16)
                                                         clknet_2_3__leaf_clk (net)
                      0.078171    0.000903    0.469742 ^ _225_/CLK (sky130_fd_sc_hd__dfxtp_2)
     4    0.011021    0.109631    0.691105    1.160847 ^ _225_/Q (sky130_fd_sc_hd__dfxtp_2)
                                                         baud_counter[9] (net)
                      0.109631    0.000513    1.161361 ^ _213_/B1 (sky130_fd_sc_hd__a21o_2)
     1    0.002778    0.044984    0.163029    1.324390 ^ _213_/X (sky130_fd_sc_hd__a21o_2)
                                                         _045_ (net)
                      0.044984    0.000182    1.324572 ^ _108_/C (sky130_fd_sc_hd__and3b_2)
     1    0.001980    0.074122    0.343721    1.668293 ^ _108_/X (sky130_fd_sc_hd__and3b_2)
                                                         _011_ (net)
                      0.074122    0.000140    1.668433 ^ _225_/D (sky130_fd_sc_hd__dfxtp_2)
                                              1.668433   data arrival time

                                  0.000000    0.000000   clock clk (rise edge)
                                  0.000000    0.000000   clock source latency
     1    0.015844    0.000000    0.000000    0.000000 ^ clk (in)
                                                         clk (net)
                      0.002072    0.001036    0.001036 ^ clkbuf_0_clk/A (sky130_fd_sc_hd__clkbuf_16)
     4    0.041074    0.095022    0.220717    0.221754 ^ clkbuf_0_clk/X (sky130_fd_sc_hd__clkbuf_16)
                                                         clknet_0_clk (net)
                      0.095100    0.002409    0.224162 ^ clkbuf_2_3__f_clk/A (sky130_fd_sc_hd__clkbuf_16)
     8    0.028334    0.078160    0.244677    0.468840 ^ clkbuf_2_3__f_clk/X (sky130_fd_sc_hd__clkbuf_16)
                                                         clknet_2_3__leaf_clk (net)
                      0.078171    0.000903    0.469742 ^ _225_/CLK (sky130_fd_sc_hd__dfxtp_2)
                                  0.000000    0.469742   clock reconvergence pessimism
                                 -0.071588    0.398155   library hold time
                                              0.398155   data required time
---------------------------------------------------------------------------------------------
                                              0.398155   data required time
                                             -1.668433   data arrival time
---------------------------------------------------------------------------------------------
                                              1.270278   slack (MET)


Startpoint: _235_ (rising edge-triggered flip-flop clocked by clk)
Endpoint: _235_ (rising edge-triggered flip-flop clocked by clk)
Path Group: clk
Path Type: min

Fanout         Cap        Slew       Delay        Time   Description
---------------------------------------------------------------------------------------------
                                  0.000000    0.000000   clock clk (rise edge)
                                  0.000000    0.000000   clock source latency
     1    0.015844    0.000000    0.000000    0.000000 ^ clk (in)
                                                         clk (net)
                      0.002072    0.001036    0.001036 ^ clkbuf_0_clk/A (sky130_fd_sc_hd__clkbuf_16)
     4    0.041074    0.095022    0.220717    0.221754 ^ clkbuf_0_clk/X (sky130_fd_sc_hd__clkbuf_16)
                                                         clknet_0_clk (net)
                      0.095104    0.002462    0.224216 ^ clkbuf_2_2__f_clk/A (sky130_fd_sc_hd__clkbuf_16)
     9    0.026023    0.075109    0.241090    0.465306 ^ clkbuf_2_2__f_clk/X (sky130_fd_sc_hd__clkbuf_16)
                                                         clknet_2_2__leaf_clk (net)
                      0.075147    0.001489    0.466795 ^ _235_/CLK (sky130_fd_sc_hd__dfxtp_2)
     3    0.012722    0.079598    0.641295    1.108090 v _235_/Q (sky130_fd_sc_hd__dfxtp_2)
                                                         bit_index[3] (net)
                      0.079598    0.000888    1.108978 v _136_/A (sky130_fd_sc_hd__xor2_2)
     1    0.003102    0.113889    0.225863    1.334841 ^ _136_/X (sky130_fd_sc_hd__xor2_2)
                                                         _065_ (net)
                      0.113889    0.000239    1.335079 ^ _137_/C (sky130_fd_sc_hd__and3_2)
     1    0.001867    0.072280    0.359169    1.694248 ^ _137_/X (sky130_fd_sc_hd__and3_2)
                                                         _021_ (net)
                      0.072280    0.000087    1.694335 ^ _235_/D (sky130_fd_sc_hd__dfxtp_2)
                                              1.694335   data arrival time

                                  0.000000    0.000000   clock clk (rise edge)
                                  0.000000    0.000000   clock source latency
     1    0.015844    0.000000    0.000000    0.000000 ^ clk (in)
                                                         clk (net)
                      0.002072    0.001036    0.001036 ^ clkbuf_0_clk/A (sky130_fd_sc_hd__clkbuf_16)
     4    0.041074    0.095022    0.220717    0.221754 ^ clkbuf_0_clk/X (sky130_fd_sc_hd__clkbuf_16)
                                                         clknet_0_clk (net)
                      0.095104    0.002462    0.224216 ^ clkbuf_2_2__f_clk/A (sky130_fd_sc_hd__clkbuf_16)
     9    0.026023    0.075109    0.241090    0.465306 ^ clkbuf_2_2__f_clk/X (sky130_fd_sc_hd__clkbuf_16)
                                                         clknet_2_2__leaf_clk (net)
                      0.075147    0.001489    0.466795 ^ _235_/CLK (sky130_fd_sc_hd__dfxtp_2)
                                  0.000000    0.466795   clock reconvergence pessimism
                                 -0.071642    0.395153   library hold time
                                              0.395153   data required time
---------------------------------------------------------------------------------------------
                                              0.395153   data required time
                                             -1.694335   data arrival time
---------------------------------------------------------------------------------------------
                                              1.299183   slack (MET)


Startpoint: _215_ (rising edge-triggered flip-flop clocked by clk)
Endpoint: _215_ (rising edge-triggered flip-flop clocked by clk)
Path Group: clk
Path Type: min

Fanout         Cap        Slew       Delay        Time   Description
---------------------------------------------------------------------------------------------
                                  0.000000    0.000000   clock clk (rise edge)
                                  0.000000    0.000000   clock source latency
     1    0.015844    0.000000    0.000000    0.000000 ^ clk (in)
                                                         clk (net)
                      0.002072    0.001036    0.001036 ^ clkbuf_0_clk/A (sky130_fd_sc_hd__clkbuf_16)
     4    0.041074    0.095022    0.220717    0.221754 ^ clkbuf_0_clk/X (sky130_fd_sc_hd__clkbuf_16)
                                                         clknet_0_clk (net)
                      0.095104    0.002462    0.224216 ^ clkbuf_2_2__f_clk/A (sky130_fd_sc_hd__clkbuf_16)
     9    0.026023    0.075109    0.241090    0.465306 ^ clkbuf_2_2__f_clk/X (sky130_fd_sc_hd__clkbuf_16)
                                                         clknet_2_2__leaf_clk (net)
                      0.075143    0.001415    0.466721 ^ _215_/CLK (sky130_fd_sc_hd__dfxtp_2)
     9    0.037615    0.175436    0.724214    1.190935 v _215_/Q (sky130_fd_sc_hd__dfxtp_2)
                                                         net11 (net)
                      0.175436    0.000203    1.191138 v _186_/A1 (sky130_fd_sc_hd__o211a_2)
     1    0.002975    0.044655    0.521131    1.712269 v _186_/X (sky130_fd_sc_hd__o211a_2)
                                                         _001_ (net)
                      0.044655    0.000199    1.712468 v _215_/D (sky130_fd_sc_hd__dfxtp_2)
                                              1.712468   data arrival time

                                  0.000000    0.000000   clock clk (rise edge)
                                  0.000000    0.000000   clock source latency
     1    0.015844    0.000000    0.000000    0.000000 ^ clk (in)
                                                         clk (net)
                      0.002072    0.001036    0.001036 ^ clkbuf_0_clk/A (sky130_fd_sc_hd__clkbuf_16)
     4    0.041074    0.095022    0.220717    0.221754 ^ clkbuf_0_clk/X (sky130_fd_sc_hd__clkbuf_16)
                                                         clknet_0_clk (net)
                      0.095104    0.002462    0.224216 ^ clkbuf_2_2__f_clk/A (sky130_fd_sc_hd__clkbuf_16)
     9    0.026023    0.075109    0.241090    0.465306 ^ clkbuf_2_2__f_clk/X (sky130_fd_sc_hd__clkbuf_16)
                                                         clknet_2_2__leaf_clk (net)
                      0.075143    0.001415    0.466721 ^ _215_/CLK (sky130_fd_sc_hd__dfxtp_2)
                                  0.000000    0.466721   clock reconvergence pessimism
                                 -0.079612    0.387109   library hold time
                                              0.387109   data required time
---------------------------------------------------------------------------------------------
                                              0.387109   data required time
                                             -1.712468   data arrival time
---------------------------------------------------------------------------------------------
                                              1.325358   slack (MET)


Startpoint: _226_ (rising edge-triggered flip-flop clocked by clk)
Endpoint: _226_ (rising edge-triggered flip-flop clocked by clk)
Path Group: clk
Path Type: min

Fanout         Cap        Slew       Delay        Time   Description
---------------------------------------------------------------------------------------------
                                  0.000000    0.000000   clock clk (rise edge)
                                  0.000000    0.000000   clock source latency
     1    0.015844    0.000000    0.000000    0.000000 ^ clk (in)
                                                         clk (net)
                      0.002072    0.001036    0.001036 ^ clkbuf_0_clk/A (sky130_fd_sc_hd__clkbuf_16)
     4    0.041074    0.095022    0.220717    0.221754 ^ clkbuf_0_clk/X (sky130_fd_sc_hd__clkbuf_16)
                                                         clknet_0_clk (net)
                      0.095116    0.002608    0.224362 ^ clkbuf_2_1__f_clk/A (sky130_fd_sc_hd__clkbuf_16)
     9    0.026069    0.075139    0.241512    0.465874 ^ clkbuf_2_1__f_clk/X (sky130_fd_sc_hd__clkbuf_16)
                                                         clknet_2_1__leaf_clk (net)
                      0.075146    0.000735    0.466609 ^ _226_/CLK (sky130_fd_sc_hd__dfxtp_2)
     5    0.014684    0.136547    0.711655    1.178264 ^ _226_/Q (sky130_fd_sc_hd__dfxtp_2)
                                                         baud_counter[10] (net)
                      0.136547    0.000566    1.178830 ^ _109_/A (sky130_fd_sc_hd__or2_2)
     1    0.002497    0.046965    0.202406    1.381236 ^ _109_/X (sky130_fd_sc_hd__or2_2)
                                                         _047_ (net)
                      0.046965    0.000175    1.381411 ^ _111_/C (sky130_fd_sc_hd__and3b_2)
     1    0.002259    0.076105    0.347569    1.728981 ^ _111_/X (sky130_fd_sc_hd__and3b_2)
                                                         _012_ (net)
                      0.076105    0.000143    1.729124 ^ _226_/D (sky130_fd_sc_hd__dfxtp_2)
                                              1.729124   data arrival time

                                  0.000000    0.000000   clock clk (rise edge)
                                  0.000000    0.000000   clock source latency
     1    0.015844    0.000000    0.000000    0.000000 ^ clk (in)
                                                         clk (net)
                      0.002072    0.001036    0.001036 ^ clkbuf_0_clk/A (sky130_fd_sc_hd__clkbuf_16)
     4    0.041074    0.095022    0.220717    0.221754 ^ clkbuf_0_clk/X (sky130_fd_sc_hd__clkbuf_16)
                                                         clknet_0_clk (net)
                      0.095116    0.002608    0.224362 ^ clkbuf_2_1__f_clk/A (sky130_fd_sc_hd__clkbuf_16)
     9    0.026069    0.075139    0.241512    0.465874 ^ clkbuf_2_1__f_clk/X (sky130_fd_sc_hd__clkbuf_16)
                                                         clknet_2_1__leaf_clk (net)
                      0.075146    0.000735    0.466609 ^ _226_/CLK (sky130_fd_sc_hd__dfxtp_2)
                                  0.000000    0.466609   clock reconvergence pessimism
                                 -0.072527    0.394082   library hold time
                                              0.394082   data required time
---------------------------------------------------------------------------------------------
                                              0.394082   data required time
                                             -1.729124   data arrival time
---------------------------------------------------------------------------------------------
                                              1.335042   slack (MET)


Startpoint: _233_ (rising edge-triggered flip-flop clocked by clk)
Endpoint: _233_ (rising edge-triggered flip-flop clocked by clk)
Path Group: clk
Path Type: min

Fanout         Cap        Slew       Delay        Time   Description
---------------------------------------------------------------------------------------------
                                  0.000000    0.000000   clock clk (rise edge)
                                  0.000000    0.000000   clock source latency
     1    0.015844    0.000000    0.000000    0.000000 ^ clk (in)
                                                         clk (net)
                      0.002072    0.001036    0.001036 ^ clkbuf_0_clk/A (sky130_fd_sc_hd__clkbuf_16)
     4    0.041074    0.095022    0.220717    0.221754 ^ clkbuf_0_clk/X (sky130_fd_sc_hd__clkbuf_16)
                                                         clknet_0_clk (net)
                      0.095116    0.002608    0.224362 ^ clkbuf_2_1__f_clk/A (sky130_fd_sc_hd__clkbuf_16)
     9    0.026069    0.075139    0.241512    0.465874 ^ clkbuf_2_1__f_clk/X (sky130_fd_sc_hd__clkbuf_16)
                                                         clknet_2_1__leaf_clk (net)
                      0.075147    0.000758    0.466632 ^ _233_/CLK (sky130_fd_sc_hd__dfxtp_2)
     5    0.016928    0.153292    0.724729    1.191361 ^ _233_/Q (sky130_fd_sc_hd__dfxtp_2)
                                                         bit_index[1] (net)
                      0.153297    0.001041    1.192402 ^ _129_/B1 (sky130_fd_sc_hd__a31o_2)
     1    0.002445    0.052480    0.197644    1.390046 ^ _129_/X (sky130_fd_sc_hd__a31o_2)
                                                         _060_ (net)
                      0.052480    0.000176    1.390222 ^ _131_/C (sky130_fd_sc_hd__and3b_2)
     1    0.003223    0.083280    0.360305    1.750527 ^ _131_/X (sky130_fd_sc_hd__and3b_2)
                                                         _019_ (net)
                      0.083280    0.000208    1.750735 ^ _233_/D (sky130_fd_sc_hd__dfxtp_2)
                                              1.750735   data arrival time

                                  0.000000    0.000000   clock clk (rise edge)
                                  0.000000    0.000000   clock source latency
     1    0.015844    0.000000    0.000000    0.000000 ^ clk (in)
                                                         clk (net)
                      0.002072    0.001036    0.001036 ^ clkbuf_0_clk/A (sky130_fd_sc_hd__clkbuf_16)
     4    0.041074    0.095022    0.220717    0.221754 ^ clkbuf_0_clk/X (sky130_fd_sc_hd__clkbuf_16)
                                                         clknet_0_clk (net)
                      0.095116    0.002608    0.224362 ^ clkbuf_2_1__f_clk/A (sky130_fd_sc_hd__clkbuf_16)
     9    0.026069    0.075139    0.241512    0.465874 ^ clkbuf_2_1__f_clk/X (sky130_fd_sc_hd__clkbuf_16)
                                                         clknet_2_1__leaf_clk (net)
                      0.075147    0.000758    0.466632 ^ _233_/CLK (sky130_fd_sc_hd__dfxtp_2)
                                  0.000000    0.466632   clock reconvergence pessimism
                                 -0.074186    0.392446   library hold time
                                              0.392446   data required time
---------------------------------------------------------------------------------------------
                                              0.392446   data required time
                                             -1.750735   data arrival time
---------------------------------------------------------------------------------------------
                                              1.358289   slack (MET)


Startpoint: _214_ (rising edge-triggered flip-flop clocked by clk)
Endpoint: tx (output port clocked by clk)
Path Group: clk
Path Type: min

Fanout         Cap        Slew       Delay        Time   Description
---------------------------------------------------------------------------------------------
                                  0.000000    0.000000   clock clk (rise edge)
                                  0.000000    0.000000   clock source latency
     1    0.015844    0.000000    0.000000    0.000000 ^ clk (in)
                                                         clk (net)
                      0.002072    0.001036    0.001036 ^ clkbuf_0_clk/A (sky130_fd_sc_hd__clkbuf_16)
     4    0.041074    0.095022    0.220717    0.221754 ^ clkbuf_0_clk/X (sky130_fd_sc_hd__clkbuf_16)
                                                         clknet_0_clk (net)
                      0.095095    0.002339    0.224092 ^ clkbuf_2_0__f_clk/A (sky130_fd_sc_hd__clkbuf_16)
     8    0.028800    0.078872    0.244784    0.468876 ^ clkbuf_2_0__f_clk/X (sky130_fd_sc_hd__clkbuf_16)
                                                         clknet_2_0__leaf_clk (net)
                      0.078898    0.001383    0.470259 ^ _214_/CLK (sky130_fd_sc_hd__dfxtp_2)
     2    0.007522    0.058575    0.622111    1.092370 v _214_/Q (sky130_fd_sc_hd__dfxtp_2)
                                                         net12 (net)
                      0.058575    0.000329    1.092699 v output12/A (sky130_fd_sc_hd__clkdlybuf4s25_1)
     1    0.001059    0.054782    0.426348    1.519048 v output12/X (sky130_fd_sc_hd__clkdlybuf4s25_1)
                                                         tx (net)
                      0.054782    0.000031    1.519079 v tx (out)
                                              1.519079   data arrival time

                                  0.000000    0.000000   clock clk (rise edge)
                                  0.000000    0.000000   clock network delay (propagated)
                                  0.000000    0.000000   clock reconvergence pessimism
                                 -2.000000   -2.000000   output external delay
                                             -2.000000   data required time
---------------------------------------------------------------------------------------------
                                             -2.000000   data required time
                                             -1.519079   data arrival time
---------------------------------------------------------------------------------------------
                                              3.519079   slack (MET)


Startpoint: _215_ (rising edge-triggered flip-flop clocked by clk)
Endpoint: busy (output port clocked by clk)
Path Group: clk
Path Type: min

Fanout         Cap        Slew       Delay        Time   Description
---------------------------------------------------------------------------------------------
                                  0.000000    0.000000   clock clk (rise edge)
                                  0.000000    0.000000   clock source latency
     1    0.015844    0.000000    0.000000    0.000000 ^ clk (in)
                                                         clk (net)
                      0.002072    0.001036    0.001036 ^ clkbuf_0_clk/A (sky130_fd_sc_hd__clkbuf_16)
     4    0.041074    0.095022    0.220717    0.221754 ^ clkbuf_0_clk/X (sky130_fd_sc_hd__clkbuf_16)
                                                         clknet_0_clk (net)
                      0.095104    0.002462    0.224216 ^ clkbuf_2_2__f_clk/A (sky130_fd_sc_hd__clkbuf_16)
     9    0.026023    0.075109    0.241090    0.465306 ^ clkbuf_2_2__f_clk/X (sky130_fd_sc_hd__clkbuf_16)
                                                         clknet_2_2__leaf_clk (net)
                      0.075143    0.001415    0.466721 ^ _215_/CLK (sky130_fd_sc_hd__dfxtp_2)
     9    0.037615    0.175436    0.724214    1.190935 v _215_/Q (sky130_fd_sc_hd__dfxtp_2)
                                                         net11 (net)
                      0.175452    0.001796    1.192731 v output11/A (sky130_fd_sc_hd__clkdlybuf4s25_1)
     1    0.000989    0.053867    0.478768    1.671499 v output11/X (sky130_fd_sc_hd__clkdlybuf4s25_1)
                                                         busy (net)
                      0.053867    0.000037    1.671535 v busy (out)
                                              1.671535   data arrival time

                                  0.000000    0.000000   clock clk (rise edge)
                                  0.000000    0.000000   clock network delay (propagated)
                                  0.000000    0.000000   clock reconvergence pessimism
                                 -2.000000   -2.000000   output external delay
                                             -2.000000   data required time
---------------------------------------------------------------------------------------------
                                             -2.000000   data required time
                                             -1.671535   data arrival time
---------------------------------------------------------------------------------------------
                                              3.671535   slack (MET)



%OL_END_REPORT
%OL_CREATE_REPORT max.rpt

===========================================================================
report_checks -path_delay max (Setup)
============================================================================
======================= max_ss_100C_1v60 Corner ===================================

Startpoint: _219_ (rising edge-triggered flip-flop clocked by clk)
Endpoint: _236_ (rising edge-triggered flip-flop clocked by clk)
Path Group: clk
Path Type: max

Fanout         Cap        Slew       Delay        Time   Description
---------------------------------------------------------------------------------------------
                                  0.000000    0.000000   clock clk (rise edge)
                                  0.000000    0.000000   clock source latency
     1    0.015844    0.000000    0.000000    0.000000 ^ clk (in)
                                                         clk (net)
                      0.002072    0.001036    0.001036 ^ clkbuf_0_clk/A (sky130_fd_sc_hd__clkbuf_16)
     4    0.041074    0.095022    0.220717    0.221754 ^ clkbuf_0_clk/X (sky130_fd_sc_hd__clkbuf_16)
                                                         clknet_0_clk (net)
                      0.095104    0.002462    0.224216 ^ clkbuf_2_2__f_clk/A (sky130_fd_sc_hd__clkbuf_16)
     9    0.026023    0.075109    0.241090    0.465306 ^ clkbuf_2_2__f_clk/X (sky130_fd_sc_hd__clkbuf_16)
                                                         clknet_2_2__leaf_clk (net)
                      0.075128    0.001148    0.466454 ^ _219_/CLK (sky130_fd_sc_hd__dfxtp_2)
     7    0.026405    0.130992    0.689013    1.155468 v _219_/Q (sky130_fd_sc_hd__dfxtp_2)
                                                         baud_counter[3] (net)
                      0.131008    0.001488    1.156955 v _177_/A (sky130_fd_sc_hd__or4b_2)
     1    0.007332    0.252969    1.648093    2.805048 v _177_/X (sky130_fd_sc_hd__or4b_2)
                                                         _096_ (net)
                      0.252969    0.000482    2.805530 v _180_/B (sky130_fd_sc_hd__or4b_2)
     4    0.018619    0.326764    1.758745    4.564275 v _180_/X (sky130_fd_sc_hd__or4b_2)
                                                         _099_ (net)
                      0.326764    0.001714    4.565989 v _138_/A3 (sky130_fd_sc_hd__o31a_2)
     8    0.038781    0.237849    0.833293    5.399282 v _138_/X (sky130_fd_sc_hd__o31a_2)
                                                         _066_ (net)
                      0.237856    0.001578    5.400860 v _140_/S (sky130_fd_sc_hd__mux2_1)
     1    0.003076    0.112792    0.759914    6.160775 v _140_/X (sky130_fd_sc_hd__mux2_1)
                                                         _068_ (net)
                      0.112792    0.000179    6.160954 v _141_/B (sky130_fd_sc_hd__or2_2)
     1    0.003152    0.112257    0.633769    6.794723 v _141_/X (sky130_fd_sc_hd__or2_2)
                                                         _022_ (net)
                      0.112257    0.000193    6.794916 v _236_/D (sky130_fd_sc_hd__dfxtp_2)
                                              6.794916   data arrival time

                                 20.000000   20.000000   clock clk (rise edge)
                                  0.000000   20.000000   clock source latency
     1    0.015844    0.000000    0.000000   20.000000 ^ clk (in)
                                                         clk (net)
                      0.002072    0.001036   20.001036 ^ clkbuf_0_clk/A (sky130_fd_sc_hd__clkbuf_16)
     4    0.041074    0.095022    0.220718   20.221754 ^ clkbuf_0_clk/X (sky130_fd_sc_hd__clkbuf_16)
                                                         clknet_0_clk (net)
                      0.095095    0.002339   20.224092 ^ clkbuf_2_0__f_clk/A (sky130_fd_sc_hd__clkbuf_16)
     8    0.028800    0.078872    0.244784   20.468878 ^ clkbuf_2_0__f_clk/X (sky130_fd_sc_hd__clkbuf_16)
                                                         clknet_2_0__leaf_clk (net)
                      0.078896    0.001341   20.470219 ^ _236_/CLK (sky130_fd_sc_hd__dfxtp_2)
                                  0.000000   20.470219   clock reconvergence pessimism
                                 -0.289540   20.180679   library setup time
                                             20.180679   data required time
---------------------------------------------------------------------------------------------
                                             20.180679   data required time
                                             -6.794916   data arrival time
---------------------------------------------------------------------------------------------
                                             13.385763   slack (MET)


Startpoint: _219_ (rising edge-triggered flip-flop clocked by clk)
Endpoint: _238_ (rising edge-triggered flip-flop clocked by clk)
Path Group: clk
Path Type: max

Fanout         Cap        Slew       Delay        Time   Description
---------------------------------------------------------------------------------------------
                                  0.000000    0.000000   clock clk (rise edge)
                                  0.000000    0.000000   clock source latency
     1    0.015844    0.000000    0.000000    0.000000 ^ clk (in)
                                                         clk (net)
                      0.002072    0.001036    0.001036 ^ clkbuf_0_clk/A (sky130_fd_sc_hd__clkbuf_16)
     4    0.041074    0.095022    0.220717    0.221754 ^ clkbuf_0_clk/X (sky130_fd_sc_hd__clkbuf_16)
                                                         clknet_0_clk (net)
                      0.095104    0.002462    0.224216 ^ clkbuf_2_2__f_clk/A (sky130_fd_sc_hd__clkbuf_16)
     9    0.026023    0.075109    0.241090    0.465306 ^ clkbuf_2_2__f_clk/X (sky130_fd_sc_hd__clkbuf_16)
                                                         clknet_2_2__leaf_clk (net)
                      0.075128    0.001148    0.466454 ^ _219_/CLK (sky130_fd_sc_hd__dfxtp_2)
     7    0.026405    0.130992    0.689013    1.155468 v _219_/Q (sky130_fd_sc_hd__dfxtp_2)
                                                         baud_counter[3] (net)
                      0.131008    0.001488    1.156955 v _177_/A (sky130_fd_sc_hd__or4b_2)
     1    0.007332    0.252969    1.648093    2.805048 v _177_/X (sky130_fd_sc_hd__or4b_2)
                                                         _096_ (net)
                      0.252969    0.000482    2.805530 v _180_/B (sky130_fd_sc_hd__or4b_2)
     4    0.018619    0.326764    1.758745    4.564275 v _180_/X (sky130_fd_sc_hd__or4b_2)
                                                         _099_ (net)
                      0.326764    0.001714    4.565989 v _138_/A3 (sky130_fd_sc_hd__o31a_2)
     8    0.038781    0.237849    0.833293    5.399282 v _138_/X (sky130_fd_sc_hd__o31a_2)
                                                         _066_ (net)
                      0.237863    0.001979    5.401261 v _146_/S (sky130_fd_sc_hd__mux2_1)
     1    0.001431    0.096895    0.730994    6.132256 v _146_/X (sky130_fd_sc_hd__mux2_1)
                                                         _072_ (net)
                      0.096895    0.000064    6.132320 v _147_/B (sky130_fd_sc_hd__or2_2)
     1    0.004221    0.117949    0.640366    6.772686 v _147_/X (sky130_fd_sc_hd__or2_2)
                                                         _024_ (net)
                      0.117949    0.000292    6.772978 v _238_/D (sky130_fd_sc_hd__dfxtp_2)
                                              6.772978   data arrival time

                                 20.000000   20.000000   clock clk (rise edge)
                                  0.000000   20.000000   clock source latency
     1    0.015844    0.000000    0.000000   20.000000 ^ clk (in)
                                                         clk (net)
                      0.002072    0.001036   20.001036 ^ clkbuf_0_clk/A (sky130_fd_sc_hd__clkbuf_16)
     4    0.041074    0.095022    0.220718   20.221754 ^ clkbuf_0_clk/X (sky130_fd_sc_hd__clkbuf_16)
                                                         clknet_0_clk (net)
                      0.095116    0.002609   20.224363 ^ clkbuf_2_1__f_clk/A (sky130_fd_sc_hd__clkbuf_16)
     9    0.026069    0.075139    0.241512   20.465876 ^ clkbuf_2_1__f_clk/X (sky130_fd_sc_hd__clkbuf_16)
                                                         clknet_2_1__leaf_clk (net)
                      0.075148    0.000792   20.466667 ^ _238_/CLK (sky130_fd_sc_hd__dfxtp_2)
                                  0.000000   20.466667   clock reconvergence pessimism
                                 -0.292921   20.173746   library setup time
                                             20.173746   data required time
---------------------------------------------------------------------------------------------
                                             20.173746   data required time
                                             -6.772978   data arrival time
---------------------------------------------------------------------------------------------
                                             13.400767   slack (MET)


Startpoint: _219_ (rising edge-triggered flip-flop clocked by clk)
Endpoint: _237_ (rising edge-triggered flip-flop clocked by clk)
Path Group: clk
Path Type: max

Fanout         Cap        Slew       Delay        Time   Description
---------------------------------------------------------------------------------------------
                                  0.000000    0.000000   clock clk (rise edge)
                                  0.000000    0.000000   clock source latency
     1    0.015844    0.000000    0.000000    0.000000 ^ clk (in)
                                                         clk (net)
                      0.002072    0.001036    0.001036 ^ clkbuf_0_clk/A (sky130_fd_sc_hd__clkbuf_16)
     4    0.041074    0.095022    0.220717    0.221754 ^ clkbuf_0_clk/X (sky130_fd_sc_hd__clkbuf_16)
                                                         clknet_0_clk (net)
                      0.095104    0.002462    0.224216 ^ clkbuf_2_2__f_clk/A (sky130_fd_sc_hd__clkbuf_16)
     9    0.026023    0.075109    0.241090    0.465306 ^ clkbuf_2_2__f_clk/X (sky130_fd_sc_hd__clkbuf_16)
                                                         clknet_2_2__leaf_clk (net)
                      0.075128    0.001148    0.466454 ^ _219_/CLK (sky130_fd_sc_hd__dfxtp_2)
     7    0.026405    0.130992    0.689013    1.155468 v _219_/Q (sky130_fd_sc_hd__dfxtp_2)
                                                         baud_counter[3] (net)
                      0.131008    0.001488    1.156955 v _177_/A (sky130_fd_sc_hd__or4b_2)
     1    0.007332    0.252969    1.648093    2.805048 v _177_/X (sky130_fd_sc_hd__or4b_2)
                                                         _096_ (net)
                      0.252969    0.000482    2.805530 v _180_/B (sky130_fd_sc_hd__or4b_2)
     4    0.018619    0.326764    1.758745    4.564275 v _180_/X (sky130_fd_sc_hd__or4b_2)
                                                         _099_ (net)
                      0.326764    0.001714    4.565989 v _138_/A3 (sky130_fd_sc_hd__o31a_2)
     8    0.038781    0.237849    0.833293    5.399282 v _138_/X (sky130_fd_sc_hd__o31a_2)
                                                         _066_ (net)
                      0.237862    0.001931    5.401213 v _143_/S (sky130_fd_sc_hd__mux2_1)
     1    0.002412    0.106265    0.748453    6.149667 v _143_/X (sky130_fd_sc_hd__mux2_1)
                                                         _070_ (net)
                      0.106265    0.000088    6.149755 v _144_/B (sky130_fd_sc_hd__or2_2)
     1    0.002960    0.111228    0.628829    6.778584 v _144_/X (sky130_fd_sc_hd__or2_2)
                                                         _023_ (net)
                      0.111228    0.000173    6.778757 v _237_/D (sky130_fd_sc_hd__dfxtp_2)
                                              6.778757   data arrival time

                                 20.000000   20.000000   clock clk (rise edge)
                                  0.000000   20.000000   clock source latency
     1    0.015844    0.000000    0.000000   20.000000 ^ clk (in)
                                                         clk (net)
                      0.002072    0.001036   20.001036 ^ clkbuf_0_clk/A (sky130_fd_sc_hd__clkbuf_16)
     4    0.041074    0.095022    0.220718   20.221754 ^ clkbuf_0_clk/X (sky130_fd_sc_hd__clkbuf_16)
                                                         clknet_0_clk (net)
                      0.095095    0.002339   20.224092 ^ clkbuf_2_0__f_clk/A (sky130_fd_sc_hd__clkbuf_16)
     8    0.028800    0.078872    0.244784   20.468878 ^ clkbuf_2_0__f_clk/X (sky130_fd_sc_hd__clkbuf_16)
                                                         clknet_2_0__leaf_clk (net)
                      0.078980    0.002494   20.471371 ^ _237_/CLK (sky130_fd_sc_hd__dfxtp_2)
                                  0.000000   20.471371   clock reconvergence pessimism
                                 -0.289089   20.182281   library setup time
                                             20.182281   data required time
---------------------------------------------------------------------------------------------
                                             20.182281   data required time
                                             -6.778757   data arrival time
---------------------------------------------------------------------------------------------
                                             13.403524   slack (MET)


Startpoint: _219_ (rising edge-triggered flip-flop clocked by clk)
Endpoint: _241_ (rising edge-triggered flip-flop clocked by clk)
Path Group: clk
Path Type: max

Fanout         Cap        Slew       Delay        Time   Description
---------------------------------------------------------------------------------------------
                                  0.000000    0.000000   clock clk (rise edge)
                                  0.000000    0.000000   clock source latency
     1    0.015844    0.000000    0.000000    0.000000 ^ clk (in)
                                                         clk (net)
                      0.002072    0.001036    0.001036 ^ clkbuf_0_clk/A (sky130_fd_sc_hd__clkbuf_16)
     4    0.041074    0.095022    0.220717    0.221754 ^ clkbuf_0_clk/X (sky130_fd_sc_hd__clkbuf_16)
                                                         clknet_0_clk (net)
                      0.095104    0.002462    0.224216 ^ clkbuf_2_2__f_clk/A (sky130_fd_sc_hd__clkbuf_16)
     9    0.026023    0.075109    0.241090    0.465306 ^ clkbuf_2_2__f_clk/X (sky130_fd_sc_hd__clkbuf_16)
                                                         clknet_2_2__leaf_clk (net)
                      0.075128    0.001148    0.466454 ^ _219_/CLK (sky130_fd_sc_hd__dfxtp_2)
     7    0.026405    0.130992    0.689013    1.155468 v _219_/Q (sky130_fd_sc_hd__dfxtp_2)
                                                         baud_counter[3] (net)
                      0.131008    0.001488    1.156955 v _177_/A (sky130_fd_sc_hd__or4b_2)
     1    0.007332    0.252969    1.648093    2.805048 v _177_/X (sky130_fd_sc_hd__or4b_2)
                                                         _096_ (net)
                      0.252969    0.000482    2.805530 v _180_/B (sky130_fd_sc_hd__or4b_2)
     4    0.018619    0.326764    1.758745    4.564275 v _180_/X (sky130_fd_sc_hd__or4b_2)
                                                         _099_ (net)
                      0.326764    0.001714    4.565989 v _138_/A3 (sky130_fd_sc_hd__o31a_2)
     8    0.038781    0.237849    0.833293    5.399282 v _138_/X (sky130_fd_sc_hd__o31a_2)
                                                         _066_ (net)
                      0.237871    0.002366    5.401648 v _155_/S (sky130_fd_sc_hd__mux2_1)
     1    0.002013    0.102722    0.741555    6.143203 v _155_/X (sky130_fd_sc_hd__mux2_1)
                                                         _078_ (net)
                      0.102722    0.000121    6.143325 v _156_/B (sky130_fd_sc_hd__or2_2)
     1    0.002344    0.107890    0.619939    6.763264 v _156_/X (sky130_fd_sc_hd__or2_2)
                                                         _027_ (net)
                      0.107890    0.000093    6.763357 v _241_/D (sky130_fd_sc_hd__dfxtp_2)
                                              6.763357   data arrival time

                                 20.000000   20.000000   clock clk (rise edge)
                                  0.000000   20.000000   clock source latency
     1    0.015844    0.000000    0.000000   20.000000 ^ clk (in)
                                                         clk (net)
                      0.002072    0.001036   20.001036 ^ clkbuf_0_clk/A (sky130_fd_sc_hd__clkbuf_16)
     4    0.041074    0.095022    0.220718   20.221754 ^ clkbuf_0_clk/X (sky130_fd_sc_hd__clkbuf_16)
                                                         clknet_0_clk (net)
                      0.095095    0.002339   20.224092 ^ clkbuf_2_0__f_clk/A (sky130_fd_sc_hd__clkbuf_16)
     8    0.028800    0.078872    0.244784   20.468878 ^ clkbuf_2_0__f_clk/X (sky130_fd_sc_hd__clkbuf_16)
                                                         clknet_2_0__leaf_clk (net)
                      0.078927    0.001856   20.470734 ^ _241_/CLK (sky130_fd_sc_hd__dfxtp_2)
                                  0.000000   20.470734   clock reconvergence pessimism
                                 -0.287716   20.183016   library setup time
                                             20.183016   data required time
---------------------------------------------------------------------------------------------
                                             20.183016   data required time
                                             -6.763357   data arrival time
---------------------------------------------------------------------------------------------
                                             13.419661   slack (MET)


Startpoint: _219_ (rising edge-triggered flip-flop clocked by clk)
Endpoint: _240_ (rising edge-triggered flip-flop clocked by clk)
Path Group: clk
Path Type: max

Fanout         Cap        Slew       Delay        Time   Description
---------------------------------------------------------------------------------------------
                                  0.000000    0.000000   clock clk (rise edge)
                                  0.000000    0.000000   clock source latency
     1    0.015844    0.000000    0.000000    0.000000 ^ clk (in)
                                                         clk (net)
                      0.002072    0.001036    0.001036 ^ clkbuf_0_clk/A (sky130_fd_sc_hd__clkbuf_16)
     4    0.041074    0.095022    0.220717    0.221754 ^ clkbuf_0_clk/X (sky130_fd_sc_hd__clkbuf_16)
                                                         clknet_0_clk (net)
                      0.095104    0.002462    0.224216 ^ clkbuf_2_2__f_clk/A (sky130_fd_sc_hd__clkbuf_16)
     9    0.026023    0.075109    0.241090    0.465306 ^ clkbuf_2_2__f_clk/X (sky130_fd_sc_hd__clkbuf_16)
                                                         clknet_2_2__leaf_clk (net)
                      0.075128    0.001148    0.466454 ^ _219_/CLK (sky130_fd_sc_hd__dfxtp_2)
     7    0.026405    0.130992    0.689013    1.155468 v _219_/Q (sky130_fd_sc_hd__dfxtp_2)
                                                         baud_counter[3] (net)
                      0.131008    0.001488    1.156955 v _177_/A (sky130_fd_sc_hd__or4b_2)
     1    0.007332    0.252969    1.648093    2.805048 v _177_/X (sky130_fd_sc_hd__or4b_2)
                                                         _096_ (net)
                      0.252969    0.000482    2.805530 v _180_/B (sky130_fd_sc_hd__or4b_2)
     4    0.018619    0.326764    1.758745    4.564275 v _180_/X (sky130_fd_sc_hd__or4b_2)
                                                         _099_ (net)
                      0.326764    0.001714    4.565989 v _138_/A3 (sky130_fd_sc_hd__o31a_2)
     8    0.038781    0.237849    0.833293    5.399282 v _138_/X (sky130_fd_sc_hd__o31a_2)
                                                         _066_ (net)
                      0.237873    0.002455    5.401738 v _152_/S (sky130_fd_sc_hd__mux2_1)
     1    0.002085    0.103392    0.742789    6.144527 v _152_/X (sky130_fd_sc_hd__mux2_1)
                                                         _076_ (net)
                      0.103392    0.000129    6.144656 v _153_/B (sky130_fd_sc_hd__or2_2)
     1    0.002090    0.106490    0.617109    6.761765 v _153_/X (sky130_fd_sc_hd__or2_2)
                                                         _026_ (net)
                      0.106490    0.000147    6.761912 v _240_/D (sky130_fd_sc_hd__dfxtp_2)
                                              6.761912   data arrival time

                                 20.000000   20.000000   clock clk (rise edge)
                                  0.000000   20.000000   clock source latency
     1    0.015844    0.000000    0.000000   20.000000 ^ clk (in)
                                                         clk (net)
                      0.002072    0.001036   20.001036 ^ clkbuf_0_clk/A (sky130_fd_sc_hd__clkbuf_16)
     4    0.041074    0.095022    0.220718   20.221754 ^ clkbuf_0_clk/X (sky130_fd_sc_hd__clkbuf_16)
                                                         clknet_0_clk (net)
                      0.095095    0.002339   20.224092 ^ clkbuf_2_0__f_clk/A (sky130_fd_sc_hd__clkbuf_16)
     8    0.028800    0.078872    0.244784   20.468878 ^ clkbuf_2_0__f_clk/X (sky130_fd_sc_hd__clkbuf_16)
                                                         clknet_2_0__leaf_clk (net)
                      0.078967    0.002350   20.471228 ^ _240_/CLK (sky130_fd_sc_hd__dfxtp_2)
                                  0.000000   20.471228   clock reconvergence pessimism
                                 -0.287123   20.184103   library setup time
                                             20.184103   data required time
---------------------------------------------------------------------------------------------
                                             20.184103   data required time
                                             -6.761912   data arrival time
---------------------------------------------------------------------------------------------
                                             13.422192   slack (MET)


Startpoint: _219_ (rising edge-triggered flip-flop clocked by clk)
Endpoint: _242_ (rising edge-triggered flip-flop clocked by clk)
Path Group: clk
Path Type: max

Fanout         Cap        Slew       Delay        Time   Description
---------------------------------------------------------------------------------------------
                                  0.000000    0.000000   clock clk (rise edge)
                                  0.000000    0.000000   clock source latency
     1    0.015844    0.000000    0.000000    0.000000 ^ clk (in)
                                                         clk (net)
                      0.002072    0.001036    0.001036 ^ clkbuf_0_clk/A (sky130_fd_sc_hd__clkbuf_16)
     4    0.041074    0.095022    0.220717    0.221754 ^ clkbuf_0_clk/X (sky130_fd_sc_hd__clkbuf_16)
                                                         clknet_0_clk (net)
                      0.095104    0.002462    0.224216 ^ clkbuf_2_2__f_clk/A (sky130_fd_sc_hd__clkbuf_16)
     9    0.026023    0.075109    0.241090    0.465306 ^ clkbuf_2_2__f_clk/X (sky130_fd_sc_hd__clkbuf_16)
                                                         clknet_2_2__leaf_clk (net)
                      0.075128    0.001148    0.466454 ^ _219_/CLK (sky130_fd_sc_hd__dfxtp_2)
     7    0.026405    0.130992    0.689013    1.155468 v _219_/Q (sky130_fd_sc_hd__dfxtp_2)
                                                         baud_counter[3] (net)
                      0.131008    0.001488    1.156955 v _177_/A (sky130_fd_sc_hd__or4b_2)
     1    0.007332    0.252969    1.648093    2.805048 v _177_/X (sky130_fd_sc_hd__or4b_2)
                                                         _096_ (net)
                      0.252969    0.000482    2.805530 v _180_/B (sky130_fd_sc_hd__or4b_2)
     4    0.018619    0.326764    1.758745    4.564275 v _180_/X (sky130_fd_sc_hd__or4b_2)
                                                         _099_ (net)
                      0.326764    0.001714    4.565989 v _138_/A3 (sky130_fd_sc_hd__o31a_2)
     8    0.038781    0.237849    0.833293    5.399282 v _138_/X (sky130_fd_sc_hd__o31a_2)
                                                         _066_ (net)
                      0.237861    0.001898    5.401181 v _158_/S (sky130_fd_sc_hd__mux2_1)
     1    0.002038    0.102967    0.741978    6.143158 v _158_/X (sky130_fd_sc_hd__mux2_1)
                                                         _080_ (net)
                      0.102967    0.000122    6.143281 v _159_/B (sky130_fd_sc_hd__or2_2)
     1    0.002139    0.106759    0.617550    6.760830 v _159_/X (sky130_fd_sc_hd__or2_2)
                                                         _028_ (net)
                      0.106759    0.000089    6.760919 v _242_/D (sky130_fd_sc_hd__dfxtp_2)
                                              6.760919   data arrival time

                                 20.000000   20.000000   clock clk (rise edge)
                                  0.000000   20.000000   clock source latency
     1    0.015844    0.000000    0.000000   20.000000 ^ clk (in)
                                                         clk (net)
                      0.002072    0.001036   20.001036 ^ clkbuf_0_clk/A (sky130_fd_sc_hd__clkbuf_16)
     4    0.041074    0.095022    0.220718   20.221754 ^ clkbuf_0_clk/X (sky130_fd_sc_hd__clkbuf_16)
                                                         clknet_0_clk (net)
                      0.095095    0.002339   20.224092 ^ clkbuf_2_0__f_clk/A (sky130_fd_sc_hd__clkbuf_16)
     8    0.028800    0.078872    0.244784   20.468878 ^ clkbuf_2_0__f_clk/X (sky130_fd_sc_hd__clkbuf_16)
                                                         clknet_2_0__leaf_clk (net)
                      0.078949    0.002148   20.471025 ^ _242_/CLK (sky130_fd_sc_hd__dfxtp_2)
                                  0.000000   20.471025   clock reconvergence pessimism
                                 -0.287240   20.183784   library setup time
                                             20.183784   data required time
---------------------------------------------------------------------------------------------
                                             20.183784   data required time
                                             -6.760919   data arrival time
---------------------------------------------------------------------------------------------
                                             13.422865   slack (MET)


Startpoint: _219_ (rising edge-triggered flip-flop clocked by clk)
Endpoint: _239_ (rising edge-triggered flip-flop clocked by clk)
Path Group: clk
Path Type: max

Fanout         Cap        Slew       Delay        Time   Description
---------------------------------------------------------------------------------------------
                                  0.000000    0.000000   clock clk (rise edge)
                                  0.000000    0.000000   clock source latency
     1    0.015844    0.000000    0.000000    0.000000 ^ clk (in)
                                                         clk (net)
                      0.002072    0.001036    0.001036 ^ clkbuf_0_clk/A (sky130_fd_sc_hd__clkbuf_16)
     4    0.041074    0.095022    0.220717    0.221754 ^ clkbuf_0_clk/X (sky130_fd_sc_hd__clkbuf_16)
                                                         clknet_0_clk (net)
                      0.095104    0.002462    0.224216 ^ clkbuf_2_2__f_clk/A (sky130_fd_sc_hd__clkbuf_16)
     9    0.026023    0.075109    0.241090    0.465306 ^ clkbuf_2_2__f_clk/X (sky130_fd_sc_hd__clkbuf_16)
                                                         clknet_2_2__leaf_clk (net)
                      0.075128    0.001148    0.466454 ^ _219_/CLK (sky130_fd_sc_hd__dfxtp_2)
     7    0.026405    0.130992    0.689013    1.155468 v _219_/Q (sky130_fd_sc_hd__dfxtp_2)
                                                         baud_counter[3] (net)
                      0.131008    0.001488    1.156955 v _177_/A (sky130_fd_sc_hd__or4b_2)
     1    0.007332    0.252969    1.648093    2.805048 v _177_/X (sky130_fd_sc_hd__or4b_2)
                                                         _096_ (net)
                      0.252969    0.000482    2.805530 v _180_/B (sky130_fd_sc_hd__or4b_2)
     4    0.018619    0.326764    1.758745    4.564275 v _180_/X (sky130_fd_sc_hd__or4b_2)
                                                         _099_ (net)
                      0.326764    0.001714    4.565989 v _138_/A3 (sky130_fd_sc_hd__o31a_2)
     8    0.038781    0.237849    0.833293    5.399282 v _138_/X (sky130_fd_sc_hd__o31a_2)
                                                         _066_ (net)
                      0.237873    0.002437    5.401720 v _149_/S (sky130_fd_sc_hd__mux2_1)
     1    0.001723    0.099994    0.736534    6.138253 v _149_/X (sky130_fd_sc_hd__mux2_1)
                                                         _074_ (net)
                      0.099994    0.000113    6.138366 v _150_/B (sky130_fd_sc_hd__or2_2)
     1    0.002045    0.106237    0.615207    6.753573 v _150_/X (sky130_fd_sc_hd__or2_2)
                                                         _025_ (net)
                      0.106237    0.000143    6.753716 v _239_/D (sky130_fd_sc_hd__dfxtp_2)
                                              6.753716   data arrival time

                                 20.000000   20.000000   clock clk (rise edge)
                                  0.000000   20.000000   clock source latency
     1    0.015844    0.000000    0.000000   20.000000 ^ clk (in)
                                                         clk (net)
                      0.002072    0.001036   20.001036 ^ clkbuf_0_clk/A (sky130_fd_sc_hd__clkbuf_16)
     4    0.041074    0.095022    0.220718   20.221754 ^ clkbuf_0_clk/X (sky130_fd_sc_hd__clkbuf_16)
                                                         clknet_0_clk (net)
                      0.095095    0.002339   20.224092 ^ clkbuf_2_0__f_clk/A (sky130_fd_sc_hd__clkbuf_16)
     8    0.028800    0.078872    0.244784   20.468878 ^ clkbuf_2_0__f_clk/X (sky130_fd_sc_hd__clkbuf_16)
                                                         clknet_2_0__leaf_clk (net)
                      0.078977    0.002466   20.471342 ^ _239_/CLK (sky130_fd_sc_hd__dfxtp_2)
                                  0.000000   20.471342   clock reconvergence pessimism
                                 -0.287015   20.184328   library setup time
                                             20.184328   data required time
---------------------------------------------------------------------------------------------
                                             20.184328   data required time
                                             -6.753716   data arrival time
---------------------------------------------------------------------------------------------
                                             13.430612   slack (MET)


Startpoint: _219_ (rising edge-triggered flip-flop clocked by clk)
Endpoint: _243_ (rising edge-triggered flip-flop clocked by clk)
Path Group: clk
Path Type: max

Fanout         Cap        Slew       Delay        Time   Description
---------------------------------------------------------------------------------------------
                                  0.000000    0.000000   clock clk (rise edge)
                                  0.000000    0.000000   clock source latency
     1    0.015844    0.000000    0.000000    0.000000 ^ clk (in)
                                                         clk (net)
                      0.002072    0.001036    0.001036 ^ clkbuf_0_clk/A (sky130_fd_sc_hd__clkbuf_16)
     4    0.041074    0.095022    0.220717    0.221754 ^ clkbuf_0_clk/X (sky130_fd_sc_hd__clkbuf_16)
                                                         clknet_0_clk (net)
                      0.095104    0.002462    0.224216 ^ clkbuf_2_2__f_clk/A (sky130_fd_sc_hd__clkbuf_16)
     9    0.026023    0.075109    0.241090    0.465306 ^ clkbuf_2_2__f_clk/X (sky130_fd_sc_hd__clkbuf_16)
                                                         clknet_2_2__leaf_clk (net)
                      0.075128    0.001148    0.466454 ^ _219_/CLK (sky130_fd_sc_hd__dfxtp_2)
     7    0.026405    0.130992    0.689013    1.155468 v _219_/Q (sky130_fd_sc_hd__dfxtp_2)
                                                         baud_counter[3] (net)
                      0.131008    0.001488    1.156955 v _177_/A (sky130_fd_sc_hd__or4b_2)
     1    0.007332    0.252969    1.648093    2.805048 v _177_/X (sky130_fd_sc_hd__or4b_2)
                                                         _096_ (net)
                      0.252969    0.000482    2.805530 v _180_/B (sky130_fd_sc_hd__or4b_2)
     4    0.018619    0.326764    1.758745    4.564275 v _180_/X (sky130_fd_sc_hd__or4b_2)
                                                         _099_ (net)
                      0.326764    0.001714    4.565989 v _138_/A3 (sky130_fd_sc_hd__o31a_2)
     8    0.038781    0.237849    0.833293    5.399282 v _138_/X (sky130_fd_sc_hd__o31a_2)
                                                         _066_ (net)
                      0.237853    0.001308    5.400590 v _161_/B1 (sky130_fd_sc_hd__a32o_2)
     1    0.002362    0.064121    0.459325    5.859915 v _161_/X (sky130_fd_sc_hd__a32o_2)
                                                         _082_ (net)
                      0.064121    0.000165    5.860080 v _162_/B (sky130_fd_sc_hd__or2_2)
     1    0.002261    0.107325    0.604858    6.464938 v _162_/X (sky130_fd_sc_hd__or2_2)
                                                         _029_ (net)
                      0.107325    0.000101    6.465039 v _243_/D (sky130_fd_sc_hd__dfxtp_2)
                                              6.465039   data arrival time

                                 20.000000   20.000000   clock clk (rise edge)
                                  0.000000   20.000000   clock source latency
     1    0.015844    0.000000    0.000000   20.000000 ^ clk (in)
                                                         clk (net)
                      0.002072    0.001036   20.001036 ^ clkbuf_0_clk/A (sky130_fd_sc_hd__clkbuf_16)
     4    0.041074    0.095022    0.220718   20.221754 ^ clkbuf_0_clk/X (sky130_fd_sc_hd__clkbuf_16)
                                                         clknet_0_clk (net)
                      0.095104    0.002462   20.224216 ^ clkbuf_2_2__f_clk/A (sky130_fd_sc_hd__clkbuf_16)
     9    0.026023    0.075109    0.241091   20.465307 ^ clkbuf_2_2__f_clk/X (sky130_fd_sc_hd__clkbuf_16)
                                                         clknet_2_2__leaf_clk (net)
                      0.075165    0.001755   20.467062 ^ _243_/CLK (sky130_fd_sc_hd__dfxtp_2)
                                  0.000000   20.467062   clock reconvergence pessimism
                                 -0.288501   20.178562   library setup time
                                             20.178562   data required time
---------------------------------------------------------------------------------------------
                                             20.178562   data required time
                                             -6.465039   data arrival time
---------------------------------------------------------------------------------------------
                                             13.713523   slack (MET)


Startpoint: _219_ (rising edge-triggered flip-flop clocked by clk)
Endpoint: _233_ (rising edge-triggered flip-flop clocked by clk)
Path Group: clk
Path Type: max

Fanout         Cap        Slew       Delay        Time   Description
---------------------------------------------------------------------------------------------
                                  0.000000    0.000000   clock clk (rise edge)
                                  0.000000    0.000000   clock source latency
     1    0.015844    0.000000    0.000000    0.000000 ^ clk (in)
                                                         clk (net)
                      0.002072    0.001036    0.001036 ^ clkbuf_0_clk/A (sky130_fd_sc_hd__clkbuf_16)
     4    0.041074    0.095022    0.220717    0.221754 ^ clkbuf_0_clk/X (sky130_fd_sc_hd__clkbuf_16)
                                                         clknet_0_clk (net)
                      0.095104    0.002462    0.224216 ^ clkbuf_2_2__f_clk/A (sky130_fd_sc_hd__clkbuf_16)
     9    0.026023    0.075109    0.241090    0.465306 ^ clkbuf_2_2__f_clk/X (sky130_fd_sc_hd__clkbuf_16)
                                                         clknet_2_2__leaf_clk (net)
                      0.075128    0.001148    0.466454 ^ _219_/CLK (sky130_fd_sc_hd__dfxtp_2)
     7    0.026405    0.130992    0.689013    1.155468 v _219_/Q (sky130_fd_sc_hd__dfxtp_2)
                                                         baud_counter[3] (net)
                      0.131008    0.001488    1.156955 v _177_/A (sky130_fd_sc_hd__or4b_2)
     1    0.007332    0.252969    1.648093    2.805048 v _177_/X (sky130_fd_sc_hd__or4b_2)
                                                         _096_ (net)
                      0.252969    0.000482    2.805530 v _180_/B (sky130_fd_sc_hd__or4b_2)
     4    0.018619    0.326764    1.758745    4.564275 v _180_/X (sky130_fd_sc_hd__or4b_2)
                                                         _099_ (net)
                      0.326764    0.001719    4.565994 v _181_/B (sky130_fd_sc_hd__nor2_2)
    10    0.052641    0.924500    0.836047    5.402041 ^ _181_/Y (sky130_fd_sc_hd__nor2_2)
                                                         _100_ (net)
                      0.924508    0.002340    5.404382 ^ _130_/C (sky130_fd_sc_hd__and3_2)
     2    0.004921    0.102541    0.619350    6.023732 ^ _130_/X (sky130_fd_sc_hd__and3_2)
                                                         _061_ (net)
                      0.102541    0.000154    6.023886 ^ _131_/A_N (sky130_fd_sc_hd__and3b_2)
     1    0.003263    0.073399    0.431285    6.455171 v _131_/X (sky130_fd_sc_hd__and3b_2)
                                                         _019_ (net)
                      0.073399    0.000211    6.455383 v _233_/D (sky130_fd_sc_hd__dfxtp_2)
                                              6.455383   data arrival time

                                 20.000000   20.000000   clock clk (rise edge)
                                  0.000000   20.000000   clock source latency
     1    0.015844    0.000000    0.000000   20.000000 ^ clk (in)
                                                         clk (net)
                      0.002072    0.001036   20.001036 ^ clkbuf_0_clk/A (sky130_fd_sc_hd__clkbuf_16)
     4    0.041074    0.095022    0.220718   20.221754 ^ clkbuf_0_clk/X (sky130_fd_sc_hd__clkbuf_16)
                                                         clknet_0_clk (net)
                      0.095116    0.002609   20.224363 ^ clkbuf_2_1__f_clk/A (sky130_fd_sc_hd__clkbuf_16)
     9    0.026069    0.075139    0.241512   20.465876 ^ clkbuf_2_1__f_clk/X (sky130_fd_sc_hd__clkbuf_16)
                                                         clknet_2_1__leaf_clk (net)
                      0.075147    0.000757   20.466631 ^ _233_/CLK (sky130_fd_sc_hd__dfxtp_2)
                                  0.000000   20.466631   clock reconvergence pessimism
                                 -0.274404   20.192226   library setup time
                                             20.192226   data required time
---------------------------------------------------------------------------------------------
                                             20.192226   data required time
                                             -6.455383   data arrival time
---------------------------------------------------------------------------------------------
                                             13.736845   slack (MET)


Startpoint: _219_ (rising edge-triggered flip-flop clocked by clk)
Endpoint: _220_ (rising edge-triggered flip-flop clocked by clk)
Path Group: clk
Path Type: max

Fanout         Cap        Slew       Delay        Time   Description
---------------------------------------------------------------------------------------------
                                  0.000000    0.000000   clock clk (rise edge)
                                  0.000000    0.000000   clock source latency
     1    0.015844    0.000000    0.000000    0.000000 ^ clk (in)
                                                         clk (net)
                      0.002072    0.001036    0.001036 ^ clkbuf_0_clk/A (sky130_fd_sc_hd__clkbuf_16)
     4    0.041074    0.095022    0.220717    0.221754 ^ clkbuf_0_clk/X (sky130_fd_sc_hd__clkbuf_16)
                                                         clknet_0_clk (net)
                      0.095104    0.002462    0.224216 ^ clkbuf_2_2__f_clk/A (sky130_fd_sc_hd__clkbuf_16)
     9    0.026023    0.075109    0.241090    0.465306 ^ clkbuf_2_2__f_clk/X (sky130_fd_sc_hd__clkbuf_16)
                                                         clknet_2_2__leaf_clk (net)
                      0.075128    0.001148    0.466454 ^ _219_/CLK (sky130_fd_sc_hd__dfxtp_2)
     7    0.026405    0.130992    0.689013    1.155468 v _219_/Q (sky130_fd_sc_hd__dfxtp_2)
                                                         baud_counter[3] (net)
                      0.131008    0.001488    1.156955 v _177_/A (sky130_fd_sc_hd__or4b_2)
     1    0.007332    0.252969    1.648093    2.805048 v _177_/X (sky130_fd_sc_hd__or4b_2)
                                                         _096_ (net)
                      0.252969    0.000482    2.805530 v _180_/B (sky130_fd_sc_hd__or4b_2)
     4    0.018619    0.326764    1.758745    4.564275 v _180_/X (sky130_fd_sc_hd__or4b_2)
                                                         _099_ (net)
                      0.326764    0.001719    4.565994 v _181_/B (sky130_fd_sc_hd__nor2_2)
    10    0.052641    0.924500    0.836047    5.402041 ^ _181_/Y (sky130_fd_sc_hd__nor2_2)
                                                         _100_ (net)
                      0.924506    0.002093    5.404135 ^ _191_/A (sky130_fd_sc_hd__nor2_2)
     3    0.010597    0.186303    0.341613    5.745747 v _191_/Y (sky130_fd_sc_hd__nor2_2)
                                                         _031_ (net)
                      0.186303    0.000389    5.746136 v _202_/C (sky130_fd_sc_hd__and3b_2)
     1    0.002040    0.067319    0.478676    6.224812 v _202_/X (sky130_fd_sc_hd__and3b_2)
                                                         _006_ (net)
                      0.067319    0.000094    6.224905 v _220_/D (sky130_fd_sc_hd__dfxtp_2)
                                              6.224905   data arrival time

                                 20.000000   20.000000   clock clk (rise edge)
                                  0.000000   20.000000   clock source latency
     1    0.015844    0.000000    0.000000   20.000000 ^ clk (in)
                                                         clk (net)
                      0.002072    0.001036   20.001036 ^ clkbuf_0_clk/A (sky130_fd_sc_hd__clkbuf_16)
     4    0.041074    0.095022    0.220718   20.221754 ^ clkbuf_0_clk/X (sky130_fd_sc_hd__clkbuf_16)
                                                         clknet_0_clk (net)
                      0.095100    0.002409   20.224163 ^ clkbuf_2_3__f_clk/A (sky130_fd_sc_hd__clkbuf_16)
     8    0.028334    0.078160    0.244677   20.468840 ^ clkbuf_2_3__f_clk/X (sky130_fd_sc_hd__clkbuf_16)
                                                         clknet_2_3__leaf_clk (net)
                      0.078169    0.000830   20.469669 ^ _220_/CLK (sky130_fd_sc_hd__dfxtp_2)
                                  0.000000   20.469669   clock reconvergence pessimism
                                 -0.271059   20.198610   library setup time
                                             20.198610   data required time
---------------------------------------------------------------------------------------------
                                             20.198610   data required time
                                             -6.224905   data arrival time
---------------------------------------------------------------------------------------------
                                             13.973704   slack (MET)


Startpoint: _219_ (rising edge-triggered flip-flop clocked by clk)
Endpoint: _223_ (rising edge-triggered flip-flop clocked by clk)
Path Group: clk
Path Type: max

Fanout         Cap        Slew       Delay        Time   Description
---------------------------------------------------------------------------------------------
                                  0.000000    0.000000   clock clk (rise edge)
                                  0.000000    0.000000   clock source latency
     1    0.015844    0.000000    0.000000    0.000000 ^ clk (in)
                                                         clk (net)
                      0.002072    0.001036    0.001036 ^ clkbuf_0_clk/A (sky130_fd_sc_hd__clkbuf_16)
     4    0.041074    0.095022    0.220717    0.221754 ^ clkbuf_0_clk/X (sky130_fd_sc_hd__clkbuf_16)
                                                         clknet_0_clk (net)
                      0.095104    0.002462    0.224216 ^ clkbuf_2_2__f_clk/A (sky130_fd_sc_hd__clkbuf_16)
     9    0.026023    0.075109    0.241090    0.465306 ^ clkbuf_2_2__f_clk/X (sky130_fd_sc_hd__clkbuf_16)
                                                         clknet_2_2__leaf_clk (net)
                      0.075128    0.001148    0.466454 ^ _219_/CLK (sky130_fd_sc_hd__dfxtp_2)
     7    0.026405    0.130992    0.689013    1.155468 v _219_/Q (sky130_fd_sc_hd__dfxtp_2)
                                                         baud_counter[3] (net)
                      0.131008    0.001488    1.156955 v _177_/A (sky130_fd_sc_hd__or4b_2)
     1    0.007332    0.252969    1.648093    2.805048 v _177_/X (sky130_fd_sc_hd__or4b_2)
                                                         _096_ (net)
                      0.252969    0.000482    2.805530 v _180_/B (sky130_fd_sc_hd__or4b_2)
     4    0.018619    0.326764    1.758745    4.564275 v _180_/X (sky130_fd_sc_hd__or4b_2)
                                                         _099_ (net)
                      0.326764    0.001719    4.565994 v _181_/B (sky130_fd_sc_hd__nor2_2)
    10    0.052641    0.924500    0.836047    5.402041 ^ _181_/Y (sky130_fd_sc_hd__nor2_2)
                                                         _100_ (net)
                      0.924506    0.002093    5.404135 ^ _191_/A (sky130_fd_sc_hd__nor2_2)
     3    0.010597    0.186303    0.341613    5.745747 v _191_/Y (sky130_fd_sc_hd__nor2_2)
                                                         _031_ (net)
                      0.186303    0.000496    5.746243 v _210_/A (sky130_fd_sc_hd__and3_2)
     1    0.002199    0.068280    0.406065    6.152308 v _210_/X (sky130_fd_sc_hd__and3_2)
                                                         _009_ (net)
                      0.068280    0.000099    6.152407 v _223_/D (sky130_fd_sc_hd__dfxtp_2)
                                              6.152407   data arrival time

                                 20.000000   20.000000   clock clk (rise edge)
                                  0.000000   20.000000   clock source latency
     1    0.015844    0.000000    0.000000   20.000000 ^ clk (in)
                                                         clk (net)
                      0.002072    0.001036   20.001036 ^ clkbuf_0_clk/A (sky130_fd_sc_hd__clkbuf_16)
     4    0.041074    0.095022    0.220718   20.221754 ^ clkbuf_0_clk/X (sky130_fd_sc_hd__clkbuf_16)
                                                         clknet_0_clk (net)
                      0.095100    0.002409   20.224163 ^ clkbuf_2_3__f_clk/A (sky130_fd_sc_hd__clkbuf_16)
     8    0.028334    0.078160    0.244677   20.468840 ^ clkbuf_2_3__f_clk/X (sky130_fd_sc_hd__clkbuf_16)
                                                         clknet_2_3__leaf_clk (net)
                      0.078164    0.000659   20.469500 ^ _223_/CLK (sky130_fd_sc_hd__dfxtp_2)
                                  0.000000   20.469500   clock reconvergence pessimism
                                 -0.271460   20.198040   library setup time
                                             20.198040   data required time
---------------------------------------------------------------------------------------------
                                             20.198040   data required time
                                             -6.152407   data arrival time
---------------------------------------------------------------------------------------------
                                             14.045632   slack (MET)


Startpoint: _219_ (rising edge-triggered flip-flop clocked by clk)
Endpoint: _234_ (rising edge-triggered flip-flop clocked by clk)
Path Group: clk
Path Type: max

Fanout         Cap        Slew       Delay        Time   Description
---------------------------------------------------------------------------------------------
                                  0.000000    0.000000   clock clk (rise edge)
                                  0.000000    0.000000   clock source latency
     1    0.015844    0.000000    0.000000    0.000000 ^ clk (in)
                                                         clk (net)
                      0.002072    0.001036    0.001036 ^ clkbuf_0_clk/A (sky130_fd_sc_hd__clkbuf_16)
     4    0.041074    0.095022    0.220717    0.221754 ^ clkbuf_0_clk/X (sky130_fd_sc_hd__clkbuf_16)
                                                         clknet_0_clk (net)
                      0.095104    0.002462    0.224216 ^ clkbuf_2_2__f_clk/A (sky130_fd_sc_hd__clkbuf_16)
     9    0.026023    0.075109    0.241090    0.465306 ^ clkbuf_2_2__f_clk/X (sky130_fd_sc_hd__clkbuf_16)
                                                         clknet_2_2__leaf_clk (net)
                      0.075128    0.001148    0.466454 ^ _219_/CLK (sky130_fd_sc_hd__dfxtp_2)
     7    0.026405    0.130992    0.689013    1.155468 v _219_/Q (sky130_fd_sc_hd__dfxtp_2)
                                                         baud_counter[3] (net)
                      0.131008    0.001488    1.156955 v _177_/A (sky130_fd_sc_hd__or4b_2)
     1    0.007332    0.252969    1.648093    2.805048 v _177_/X (sky130_fd_sc_hd__or4b_2)
                                                         _096_ (net)
                      0.252969    0.000482    2.805530 v _180_/B (sky130_fd_sc_hd__or4b_2)
     4    0.018619    0.326764    1.758745    4.564275 v _180_/X (sky130_fd_sc_hd__or4b_2)
                                                         _099_ (net)
                      0.326764    0.001719    4.565994 v _181_/B (sky130_fd_sc_hd__nor2_2)
    10    0.052641    0.924500    0.836047    5.402041 ^ _181_/Y (sky130_fd_sc_hd__nor2_2)
                                                         _100_ (net)
                      0.924508    0.002340    5.404382 ^ _130_/C (sky130_fd_sc_hd__and3_2)
     2    0.004921    0.102541    0.619350    6.023732 ^ _130_/X (sky130_fd_sc_hd__and3_2)
                                                         _061_ (net)
                      0.102541    0.000278    6.024010 ^ _135_/A2 (sky130_fd_sc_hd__o21a_2)
     1    0.003001    0.058589    0.230774    6.254784 ^ _135_/X (sky130_fd_sc_hd__o21a_2)
                                                         _020_ (net)
                      0.058589    0.000193    6.254977 ^ _234_/D (sky130_fd_sc_hd__dfxtp_2)
                                              6.254977   data arrival time

                                 20.000000   20.000000   clock clk (rise edge)
                                  0.000000   20.000000   clock source latency
     1    0.015844    0.000000    0.000000   20.000000 ^ clk (in)
                                                         clk (net)
                      0.002072    0.001036   20.001036 ^ clkbuf_0_clk/A (sky130_fd_sc_hd__clkbuf_16)
     4    0.041074    0.095022    0.220718   20.221754 ^ clkbuf_0_clk/X (sky130_fd_sc_hd__clkbuf_16)
                                                         clknet_0_clk (net)
                      0.095100    0.002409   20.224163 ^ clkbuf_2_3__f_clk/A (sky130_fd_sc_hd__clkbuf_16)
     8    0.028334    0.078160    0.244677   20.468840 ^ clkbuf_2_3__f_clk/X (sky130_fd_sc_hd__clkbuf_16)
                                                         clknet_2_3__leaf_clk (net)
                      0.078171    0.000909   20.469749 ^ _234_/CLK (sky130_fd_sc_hd__dfxtp_2)
                                  0.000000   20.469749   clock reconvergence pessimism
                                 -0.136639   20.333111   library setup time
                                             20.333111   data required time
---------------------------------------------------------------------------------------------
                                             20.333111   data required time
                                             -6.254977   data arrival time
---------------------------------------------------------------------------------------------
                                             14.078133   slack (MET)


Startpoint: _219_ (rising edge-triggered flip-flop clocked by clk)
Endpoint: _235_ (rising edge-triggered flip-flop clocked by clk)
Path Group: clk
Path Type: max

Fanout         Cap        Slew       Delay        Time   Description
---------------------------------------------------------------------------------------------
                                  0.000000    0.000000   clock clk (rise edge)
                                  0.000000    0.000000   clock source latency
     1    0.015844    0.000000    0.000000    0.000000 ^ clk (in)
                                                         clk (net)
                      0.002072    0.001036    0.001036 ^ clkbuf_0_clk/A (sky130_fd_sc_hd__clkbuf_16)
     4    0.041074    0.095022    0.220717    0.221754 ^ clkbuf_0_clk/X (sky130_fd_sc_hd__clkbuf_16)
                                                         clknet_0_clk (net)
                      0.095104    0.002462    0.224216 ^ clkbuf_2_2__f_clk/A (sky130_fd_sc_hd__clkbuf_16)
     9    0.026023    0.075109    0.241090    0.465306 ^ clkbuf_2_2__f_clk/X (sky130_fd_sc_hd__clkbuf_16)
                                                         clknet_2_2__leaf_clk (net)
                      0.075128    0.001148    0.466454 ^ _219_/CLK (sky130_fd_sc_hd__dfxtp_2)
     7    0.026405    0.130992    0.689013    1.155468 v _219_/Q (sky130_fd_sc_hd__dfxtp_2)
                                                         baud_counter[3] (net)
                      0.131008    0.001488    1.156955 v _177_/A (sky130_fd_sc_hd__or4b_2)
     1    0.007332    0.252969    1.648093    2.805048 v _177_/X (sky130_fd_sc_hd__or4b_2)
                                                         _096_ (net)
                      0.252969    0.000482    2.805530 v _180_/B (sky130_fd_sc_hd__or4b_2)
     4    0.018619    0.326764    1.758745    4.564275 v _180_/X (sky130_fd_sc_hd__or4b_2)
                                                         _099_ (net)
                      0.326764    0.001317    4.565592 v _133_/C (sky130_fd_sc_hd__nor4_2)
     2    0.015696    0.731877    0.779790    5.345383 ^ _133_/Y (sky130_fd_sc_hd__nor4_2)
                                                         _063_ (net)
                      0.731877    0.000607    5.345990 ^ _136_/B (sky130_fd_sc_hd__xor2_2)
     1    0.002990    0.159283    0.304348    5.650338 v _136_/X (sky130_fd_sc_hd__xor2_2)
                                                         _065_ (net)
                      0.159284    0.000229    5.650567 v _137_/C (sky130_fd_sc_hd__and3_2)
     1    0.001907    0.067174    0.463413    6.113980 v _137_/X (sky130_fd_sc_hd__and3_2)
                                                         _021_ (net)
                      0.067174    0.000089    6.114069 v _235_/D (sky130_fd_sc_hd__dfxtp_2)
                                              6.114069   data arrival time

                                 20.000000   20.000000   clock clk (rise edge)
                                  0.000000   20.000000   clock source latency
     1    0.015844    0.000000    0.000000   20.000000 ^ clk (in)
                                                         clk (net)
                      0.002072    0.001036   20.001036 ^ clkbuf_0_clk/A (sky130_fd_sc_hd__clkbuf_16)
     4    0.041074    0.095022    0.220718   20.221754 ^ clkbuf_0_clk/X (sky130_fd_sc_hd__clkbuf_16)
                                                         clknet_0_clk (net)
                      0.095104    0.002462   20.224216 ^ clkbuf_2_2__f_clk/A (sky130_fd_sc_hd__clkbuf_16)
     9    0.026023    0.075109    0.241091   20.465307 ^ clkbuf_2_2__f_clk/X (sky130_fd_sc_hd__clkbuf_16)
                                                         clknet_2_2__leaf_clk (net)
                      0.075147    0.001489   20.466795 ^ _235_/CLK (sky130_fd_sc_hd__dfxtp_2)
                                  0.000000   20.466795   clock reconvergence pessimism
                                 -0.271817   20.194979   library setup time
                                             20.194979   data required time
---------------------------------------------------------------------------------------------
                                             20.194979   data required time
                                             -6.114069   data arrival time
---------------------------------------------------------------------------------------------
                                             14.080910   slack (MET)


Startpoint: _219_ (rising edge-triggered flip-flop clocked by clk)
Endpoint: _221_ (rising edge-triggered flip-flop clocked by clk)
Path Group: clk
Path Type: max

Fanout         Cap        Slew       Delay        Time   Description
---------------------------------------------------------------------------------------------
                                  0.000000    0.000000   clock clk (rise edge)
                                  0.000000    0.000000   clock source latency
     1    0.015844    0.000000    0.000000    0.000000 ^ clk (in)
                                                         clk (net)
                      0.002072    0.001036    0.001036 ^ clkbuf_0_clk/A (sky130_fd_sc_hd__clkbuf_16)
     4    0.041074    0.095022    0.220717    0.221754 ^ clkbuf_0_clk/X (sky130_fd_sc_hd__clkbuf_16)
                                                         clknet_0_clk (net)
                      0.095104    0.002462    0.224216 ^ clkbuf_2_2__f_clk/A (sky130_fd_sc_hd__clkbuf_16)
     9    0.026023    0.075109    0.241090    0.465306 ^ clkbuf_2_2__f_clk/X (sky130_fd_sc_hd__clkbuf_16)
                                                         clknet_2_2__leaf_clk (net)
                      0.075128    0.001148    0.466454 ^ _219_/CLK (sky130_fd_sc_hd__dfxtp_2)
     7    0.026405    0.130992    0.689013    1.155468 v _219_/Q (sky130_fd_sc_hd__dfxtp_2)
                                                         baud_counter[3] (net)
                      0.131008    0.001488    1.156955 v _177_/A (sky130_fd_sc_hd__or4b_2)
     1    0.007332    0.252969    1.648093    2.805048 v _177_/X (sky130_fd_sc_hd__or4b_2)
                                                         _096_ (net)
                      0.252969    0.000482    2.805530 v _180_/B (sky130_fd_sc_hd__or4b_2)
     4    0.018619    0.326764    1.758745    4.564275 v _180_/X (sky130_fd_sc_hd__or4b_2)
                                                         _099_ (net)
                      0.326764    0.001719    4.565994 v _181_/B (sky130_fd_sc_hd__nor2_2)
    10    0.052641    0.924500    0.836047    5.402041 ^ _181_/Y (sky130_fd_sc_hd__nor2_2)
                                                         _100_ (net)
                      0.924506    0.002026    5.404068 ^ _203_/C1 (sky130_fd_sc_hd__a211o_2)
     1    0.002313    0.066228    0.428741    5.832809 ^ _203_/X (sky130_fd_sc_hd__a211o_2)
                                                         _039_ (net)
                      0.066228    0.000138    5.832947 ^ _204_/B1_N (sky130_fd_sc_hd__o21ba_2)
     1    0.001923    0.055164    0.273411    6.106358 v _204_/X (sky130_fd_sc_hd__o21ba_2)
                                                         _007_ (net)
                      0.055164    0.000135    6.106493 v _221_/D (sky130_fd_sc_hd__dfxtp_2)
                                              6.106493   data arrival time

                                 20.000000   20.000000   clock clk (rise edge)
                                  0.000000   20.000000   clock source latency
     1    0.015844    0.000000    0.000000   20.000000 ^ clk (in)
                                                         clk (net)
                      0.002072    0.001036   20.001036 ^ clkbuf_0_clk/A (sky130_fd_sc_hd__clkbuf_16)
     4    0.041074    0.095022    0.220718   20.221754 ^ clkbuf_0_clk/X (sky130_fd_sc_hd__clkbuf_16)
                                                         clknet_0_clk (net)
                      0.095100    0.002409   20.224163 ^ clkbuf_2_3__f_clk/A (sky130_fd_sc_hd__clkbuf_16)
     8    0.028334    0.078160    0.244677   20.468840 ^ clkbuf_2_3__f_clk/X (sky130_fd_sc_hd__clkbuf_16)
                                                         clknet_2_3__leaf_clk (net)
                      0.078168    0.000814   20.469654 ^ _221_/CLK (sky130_fd_sc_hd__dfxtp_2)
                                  0.000000   20.469654   clock reconvergence pessimism
                                 -0.266008   20.203646   library setup time
                                             20.203646   data required time
---------------------------------------------------------------------------------------------
                                             20.203646   data required time
                                             -6.106493   data arrival time
---------------------------------------------------------------------------------------------
                                             14.097153   slack (MET)


Startpoint: _219_ (rising edge-triggered flip-flop clocked by clk)
Endpoint: _244_ (rising edge-triggered flip-flop clocked by clk)
Path Group: clk
Path Type: max

Fanout         Cap        Slew       Delay        Time   Description
---------------------------------------------------------------------------------------------
                                  0.000000    0.000000   clock clk (rise edge)
                                  0.000000    0.000000   clock source latency
     1    0.015844    0.000000    0.000000    0.000000 ^ clk (in)
                                                         clk (net)
                      0.002072    0.001036    0.001036 ^ clkbuf_0_clk/A (sky130_fd_sc_hd__clkbuf_16)
     4    0.041074    0.095022    0.220717    0.221754 ^ clkbuf_0_clk/X (sky130_fd_sc_hd__clkbuf_16)
                                                         clknet_0_clk (net)
                      0.095104    0.002462    0.224216 ^ clkbuf_2_2__f_clk/A (sky130_fd_sc_hd__clkbuf_16)
     9    0.026023    0.075109    0.241090    0.465306 ^ clkbuf_2_2__f_clk/X (sky130_fd_sc_hd__clkbuf_16)
                                                         clknet_2_2__leaf_clk (net)
                      0.075128    0.001148    0.466454 ^ _219_/CLK (sky130_fd_sc_hd__dfxtp_2)
     7    0.026405    0.130992    0.689013    1.155468 v _219_/Q (sky130_fd_sc_hd__dfxtp_2)
                                                         baud_counter[3] (net)
                      0.131008    0.001488    1.156955 v _177_/A (sky130_fd_sc_hd__or4b_2)
     1    0.007332    0.252969    1.648093    2.805048 v _177_/X (sky130_fd_sc_hd__or4b_2)
                                                         _096_ (net)
                      0.252969    0.000482    2.805530 v _180_/B (sky130_fd_sc_hd__or4b_2)
     4    0.018619    0.326764    1.758745    4.564275 v _180_/X (sky130_fd_sc_hd__or4b_2)
                                                         _099_ (net)
                      0.326764    0.001719    4.565994 v _181_/B (sky130_fd_sc_hd__nor2_2)
    10    0.052641    0.924500    0.836047    5.402041 ^ _181_/Y (sky130_fd_sc_hd__nor2_2)
                                                         _100_ (net)
                      0.924511    0.002773    5.404815 ^ _128_/B (sky130_fd_sc_hd__nand2_2)
     1    0.003105    0.130302    0.280095    5.684909 v _128_/Y (sky130_fd_sc_hd__nand2_2)
                                                         _059_ (net)
                      0.130302    0.000212    5.685122 v _163_/A2 (sky130_fd_sc_hd__a21o_2)
     1    0.002480    0.055767    0.394603    6.079725 v _163_/X (sky130_fd_sc_hd__a21o_2)
                                                         _030_ (net)
                      0.055767    0.000179    6.079904 v _244_/D (sky130_fd_sc_hd__dfxtp_2)
                                              6.079904   data arrival time

                                 20.000000   20.000000   clock clk (rise edge)
                                  0.000000   20.000000   clock source latency
     1    0.015844    0.000000    0.000000   20.000000 ^ clk (in)
                                                         clk (net)
                      0.002072    0.001036   20.001036 ^ clkbuf_0_clk/A (sky130_fd_sc_hd__clkbuf_16)
     4    0.041074    0.095022    0.220718   20.221754 ^ clkbuf_0_clk/X (sky130_fd_sc_hd__clkbuf_16)
                                                         clknet_0_clk (net)
                      0.095104    0.002462   20.224216 ^ clkbuf_2_2__f_clk/A (sky130_fd_sc_hd__clkbuf_16)
     9    0.026023    0.075109    0.241091   20.465307 ^ clkbuf_2_2__f_clk/X (sky130_fd_sc_hd__clkbuf_16)
                                                         clknet_2_2__leaf_clk (net)
                      0.075151    0.001554   20.466862 ^ _244_/CLK (sky130_fd_sc_hd__dfxtp_2)
                                  0.000000   20.466862   clock reconvergence pessimism
                                 -0.267075   20.199785   library setup time
                                             20.199785   data required time
---------------------------------------------------------------------------------------------
                                             20.199785   data required time
                                             -6.079904   data arrival time
---------------------------------------------------------------------------------------------
                                             14.119882   slack (MET)


Startpoint: _219_ (rising edge-triggered flip-flop clocked by clk)
Endpoint: _224_ (rising edge-triggered flip-flop clocked by clk)
Path Group: clk
Path Type: max

Fanout         Cap        Slew       Delay        Time   Description
---------------------------------------------------------------------------------------------
                                  0.000000    0.000000   clock clk (rise edge)
                                  0.000000    0.000000   clock source latency
     1    0.015844    0.000000    0.000000    0.000000 ^ clk (in)
                                                         clk (net)
                      0.002072    0.001036    0.001036 ^ clkbuf_0_clk/A (sky130_fd_sc_hd__clkbuf_16)
     4    0.041074    0.095022    0.220717    0.221754 ^ clkbuf_0_clk/X (sky130_fd_sc_hd__clkbuf_16)
                                                         clknet_0_clk (net)
                      0.095104    0.002462    0.224216 ^ clkbuf_2_2__f_clk/A (sky130_fd_sc_hd__clkbuf_16)
     9    0.026023    0.075109    0.241090    0.465306 ^ clkbuf_2_2__f_clk/X (sky130_fd_sc_hd__clkbuf_16)
                                                         clknet_2_2__leaf_clk (net)
                      0.075128    0.001148    0.466454 ^ _219_/CLK (sky130_fd_sc_hd__dfxtp_2)
     7    0.026405    0.130992    0.689013    1.155468 v _219_/Q (sky130_fd_sc_hd__dfxtp_2)
                                                         baud_counter[3] (net)
                      0.131008    0.001488    1.156955 v _177_/A (sky130_fd_sc_hd__or4b_2)
     1    0.007332    0.252969    1.648093    2.805048 v _177_/X (sky130_fd_sc_hd__or4b_2)
                                                         _096_ (net)
                      0.252969    0.000482    2.805530 v _180_/B (sky130_fd_sc_hd__or4b_2)
     4    0.018619    0.326764    1.758745    4.564275 v _180_/X (sky130_fd_sc_hd__or4b_2)
                                                         _099_ (net)
                      0.326764    0.001719    4.565994 v _181_/B (sky130_fd_sc_hd__nor2_2)
    10    0.052641    0.924500    0.836047    5.402041 ^ _181_/Y (sky130_fd_sc_hd__nor2_2)
                                                         _100_ (net)
                      0.924506    0.002093    5.404135 ^ _191_/A (sky130_fd_sc_hd__nor2_2)
     3    0.010597    0.186303    0.341613    5.745747 v _191_/Y (sky130_fd_sc_hd__nor2_2)
                                                         _031_ (net)
                      0.186303    0.000276    5.746023 v _212_/C1 (sky130_fd_sc_hd__o211a_2)
     1    0.002279    0.066482    0.257694    6.003718 v _212_/X (sky130_fd_sc_hd__o211a_2)
                                                         _010_ (net)
                      0.066482    0.000154    6.003871 v _224_/D (sky130_fd_sc_hd__dfxtp_2)
                                              6.003871   data arrival time

                                 20.000000   20.000000   clock clk (rise edge)
                                  0.000000   20.000000   clock source latency
     1    0.015844    0.000000    0.000000   20.000000 ^ clk (in)
                                                         clk (net)
                      0.002072    0.001036   20.001036 ^ clkbuf_0_clk/A (sky130_fd_sc_hd__clkbuf_16)
     4    0.041074    0.095022    0.220718   20.221754 ^ clkbuf_0_clk/X (sky130_fd_sc_hd__clkbuf_16)
                                                         clknet_0_clk (net)
                      0.095100    0.002409   20.224163 ^ clkbuf_2_3__f_clk/A (sky130_fd_sc_hd__clkbuf_16)
     8    0.028334    0.078160    0.244677   20.468840 ^ clkbuf_2_3__f_clk/X (sky130_fd_sc_hd__clkbuf_16)
                                                         clknet_2_3__leaf_clk (net)
                      0.078164    0.000670   20.469509 ^ _224_/CLK (sky130_fd_sc_hd__dfxtp_2)
                                  0.000000   20.469509   clock reconvergence pessimism
                                 -0.270713   20.198795   library setup time
                                             20.198795   data required time
---------------------------------------------------------------------------------------------
                                             20.198795   data required time
                                             -6.003871   data arrival time
---------------------------------------------------------------------------------------------
                                             14.194924   slack (MET)


Startpoint: _219_ (rising edge-triggered flip-flop clocked by clk)
Endpoint: _217_ (rising edge-triggered flip-flop clocked by clk)
Path Group: clk
Path Type: max

Fanout         Cap        Slew       Delay        Time   Description
---------------------------------------------------------------------------------------------
                                  0.000000    0.000000   clock clk (rise edge)
                                  0.000000    0.000000   clock source latency
     1    0.015844    0.000000    0.000000    0.000000 ^ clk (in)
                                                         clk (net)
                      0.002072    0.001036    0.001036 ^ clkbuf_0_clk/A (sky130_fd_sc_hd__clkbuf_16)
     4    0.041074    0.095022    0.220717    0.221754 ^ clkbuf_0_clk/X (sky130_fd_sc_hd__clkbuf_16)
                                                         clknet_0_clk (net)
                      0.095104    0.002462    0.224216 ^ clkbuf_2_2__f_clk/A (sky130_fd_sc_hd__clkbuf_16)
     9    0.026023    0.075109    0.241090    0.465306 ^ clkbuf_2_2__f_clk/X (sky130_fd_sc_hd__clkbuf_16)
                                                         clknet_2_2__leaf_clk (net)
                      0.075128    0.001148    0.466454 ^ _219_/CLK (sky130_fd_sc_hd__dfxtp_2)
     7    0.026405    0.130992    0.689013    1.155468 v _219_/Q (sky130_fd_sc_hd__dfxtp_2)
                                                         baud_counter[3] (net)
                      0.131008    0.001488    1.156955 v _177_/A (sky130_fd_sc_hd__or4b_2)
     1    0.007332    0.252969    1.648093    2.805048 v _177_/X (sky130_fd_sc_hd__or4b_2)
                                                         _096_ (net)
                      0.252969    0.000482    2.805530 v _180_/B (sky130_fd_sc_hd__or4b_2)
     4    0.018619    0.326764    1.758745    4.564275 v _180_/X (sky130_fd_sc_hd__or4b_2)
                                                         _099_ (net)
                      0.326764    0.001719    4.565994 v _181_/B (sky130_fd_sc_hd__nor2_2)
    10    0.052641    0.924500    0.836047    5.402041 ^ _181_/Y (sky130_fd_sc_hd__nor2_2)
                                                         _100_ (net)
                      0.924511    0.002755    5.404797 ^ _193_/B1 (sky130_fd_sc_hd__a311o_2)
     1    0.005970    0.099784    0.492367    5.897163 ^ _193_/X (sky130_fd_sc_hd__a311o_2)
                                                         _033_ (net)
                      0.099784    0.000430    5.897593 ^ _194_/B (sky130_fd_sc_hd__nor2_2)
     1    0.002168    0.046191    0.065357    5.962950 v _194_/Y (sky130_fd_sc_hd__nor2_2)
                                                         _003_ (net)
                      0.046191    0.000155    5.963105 v _217_/D (sky130_fd_sc_hd__dfxtp_2)
                                              5.963105   data arrival time

                                 20.000000   20.000000   clock clk (rise edge)
                                  0.000000   20.000000   clock source latency
     1    0.015844    0.000000    0.000000   20.000000 ^ clk (in)
                                                         clk (net)
                      0.002072    0.001036   20.001036 ^ clkbuf_0_clk/A (sky130_fd_sc_hd__clkbuf_16)
     4    0.041074    0.095022    0.220718   20.221754 ^ clkbuf_0_clk/X (sky130_fd_sc_hd__clkbuf_16)
                                                         clknet_0_clk (net)
                      0.095104    0.002462   20.224216 ^ clkbuf_2_2__f_clk/A (sky130_fd_sc_hd__clkbuf_16)
     9    0.026023    0.075109    0.241091   20.465307 ^ clkbuf_2_2__f_clk/X (sky130_fd_sc_hd__clkbuf_16)
                                                         clknet_2_2__leaf_clk (net)
                      0.075166    0.001773   20.467079 ^ _217_/CLK (sky130_fd_sc_hd__dfxtp_2)
                                  0.000000   20.467079   clock reconvergence pessimism
                                 -0.263090   20.203989   library setup time
                                             20.203989   data required time
---------------------------------------------------------------------------------------------
                                             20.203989   data required time
                                             -5.963105   data arrival time
---------------------------------------------------------------------------------------------
                                             14.240883   slack (MET)


Startpoint: _219_ (rising edge-triggered flip-flop clocked by clk)
Endpoint: _215_ (rising edge-triggered flip-flop clocked by clk)
Path Group: clk
Path Type: max

Fanout         Cap        Slew       Delay        Time   Description
---------------------------------------------------------------------------------------------
                                  0.000000    0.000000   clock clk (rise edge)
                                  0.000000    0.000000   clock source latency
     1    0.015844    0.000000    0.000000    0.000000 ^ clk (in)
                                                         clk (net)
                      0.002072    0.001036    0.001036 ^ clkbuf_0_clk/A (sky130_fd_sc_hd__clkbuf_16)
     4    0.041074    0.095022    0.220717    0.221754 ^ clkbuf_0_clk/X (sky130_fd_sc_hd__clkbuf_16)
                                                         clknet_0_clk (net)
                      0.095104    0.002462    0.224216 ^ clkbuf_2_2__f_clk/A (sky130_fd_sc_hd__clkbuf_16)
     9    0.026023    0.075109    0.241090    0.465306 ^ clkbuf_2_2__f_clk/X (sky130_fd_sc_hd__clkbuf_16)
                                                         clknet_2_2__leaf_clk (net)
                      0.075128    0.001148    0.466454 ^ _219_/CLK (sky130_fd_sc_hd__dfxtp_2)
     7    0.026405    0.130992    0.689013    1.155468 v _219_/Q (sky130_fd_sc_hd__dfxtp_2)
                                                         baud_counter[3] (net)
                      0.131008    0.001488    1.156955 v _177_/A (sky130_fd_sc_hd__or4b_2)
     1    0.007332    0.252969    1.648093    2.805048 v _177_/X (sky130_fd_sc_hd__or4b_2)
                                                         _096_ (net)
                      0.252969    0.000482    2.805530 v _180_/B (sky130_fd_sc_hd__or4b_2)
     4    0.018619    0.326764    1.758745    4.564275 v _180_/X (sky130_fd_sc_hd__or4b_2)
                                                         _099_ (net)
                      0.326764    0.001719    4.565994 v _181_/B (sky130_fd_sc_hd__nor2_2)
    10    0.052641    0.924500    0.836047    5.402041 ^ _181_/Y (sky130_fd_sc_hd__nor2_2)
                                                         _100_ (net)
                      0.924508    0.002308    5.404350 ^ _185_/B (sky130_fd_sc_hd__nand2_2)
     2    0.004423    0.141385    0.300822    5.705172 v _185_/Y (sky130_fd_sc_hd__nand2_2)
                                                         _103_ (net)
                      0.141385    0.000299    5.705471 v _186_/C1 (sky130_fd_sc_hd__o211a_2)
     1    0.002975    0.070470    0.240880    5.946351 v _186_/X (sky130_fd_sc_hd__o211a_2)
                                                         _001_ (net)
                      0.070470    0.000199    5.946549 v _215_/D (sky130_fd_sc_hd__dfxtp_2)
                                              5.946549   data arrival time

                                 20.000000   20.000000   clock clk (rise edge)
                                  0.000000   20.000000   clock source latency
     1    0.015844    0.000000    0.000000   20.000000 ^ clk (in)
                                                         clk (net)
                      0.002072    0.001036   20.001036 ^ clkbuf_0_clk/A (sky130_fd_sc_hd__clkbuf_16)
     4    0.041074    0.095022    0.220718   20.221754 ^ clkbuf_0_clk/X (sky130_fd_sc_hd__clkbuf_16)
                                                         clknet_0_clk (net)
                      0.095104    0.002462   20.224216 ^ clkbuf_2_2__f_clk/A (sky130_fd_sc_hd__clkbuf_16)
     9    0.026023    0.075109    0.241091   20.465307 ^ clkbuf_2_2__f_clk/X (sky130_fd_sc_hd__clkbuf_16)
                                                         clknet_2_2__leaf_clk (net)
                      0.075143    0.001416   20.466722 ^ _215_/CLK (sky130_fd_sc_hd__dfxtp_2)
                                  0.000000   20.466722   clock reconvergence pessimism
                                 -0.273188   20.193535   library setup time
                                             20.193535   data required time
---------------------------------------------------------------------------------------------
                                             20.193535   data required time
                                             -5.946549   data arrival time
---------------------------------------------------------------------------------------------
                                             14.246984   slack (MET)


Startpoint: _219_ (rising edge-triggered flip-flop clocked by clk)
Endpoint: _232_ (rising edge-triggered flip-flop clocked by clk)
Path Group: clk
Path Type: max

Fanout         Cap        Slew       Delay        Time   Description
---------------------------------------------------------------------------------------------
                                  0.000000    0.000000   clock clk (rise edge)
                                  0.000000    0.000000   clock source latency
     1    0.015844    0.000000    0.000000    0.000000 ^ clk (in)
                                                         clk (net)
                      0.002072    0.001036    0.001036 ^ clkbuf_0_clk/A (sky130_fd_sc_hd__clkbuf_16)
     4    0.041074    0.095022    0.220717    0.221754 ^ clkbuf_0_clk/X (sky130_fd_sc_hd__clkbuf_16)
                                                         clknet_0_clk (net)
                      0.095104    0.002462    0.224216 ^ clkbuf_2_2__f_clk/A (sky130_fd_sc_hd__clkbuf_16)
     9    0.026023    0.075109    0.241090    0.465306 ^ clkbuf_2_2__f_clk/X (sky130_fd_sc_hd__clkbuf_16)
                                                         clknet_2_2__leaf_clk (net)
                      0.075128    0.001148    0.466454 ^ _219_/CLK (sky130_fd_sc_hd__dfxtp_2)
     7    0.026405    0.130992    0.689013    1.155468 v _219_/Q (sky130_fd_sc_hd__dfxtp_2)
                                                         baud_counter[3] (net)
                      0.131008    0.001488    1.156955 v _177_/A (sky130_fd_sc_hd__or4b_2)
     1    0.007332    0.252969    1.648093    2.805048 v _177_/X (sky130_fd_sc_hd__or4b_2)
                                                         _096_ (net)
                      0.252969    0.000482    2.805530 v _180_/B (sky130_fd_sc_hd__or4b_2)
     4    0.018619    0.326764    1.758745    4.564275 v _180_/X (sky130_fd_sc_hd__or4b_2)
                                                         _099_ (net)
                      0.326764    0.001719    4.565994 v _181_/B (sky130_fd_sc_hd__nor2_2)
    10    0.052641    0.924500    0.836047    5.402041 ^ _181_/Y (sky130_fd_sc_hd__nor2_2)
                                                         _100_ (net)
                      0.924507    0.002185    5.404227 ^ _126_/B (sky130_fd_sc_hd__xnor2_2)
     1    0.005715    0.203242    0.433130    5.837357 ^ _126_/Y (sky130_fd_sc_hd__xnor2_2)
                                                         _058_ (net)
                      0.203242    0.000418    5.837775 ^ _127_/B (sky130_fd_sc_hd__nor2_2)
     1    0.002013    0.071855    0.094104    5.931879 v _127_/Y (sky130_fd_sc_hd__nor2_2)
                                                         _018_ (net)
                      0.071855    0.000136    5.932015 v _232_/D (sky130_fd_sc_hd__dfxtp_2)
                                              5.932015   data arrival time

                                 20.000000   20.000000   clock clk (rise edge)
                                  0.000000   20.000000   clock source latency
     1    0.015844    0.000000    0.000000   20.000000 ^ clk (in)
                                                         clk (net)
                      0.002072    0.001036   20.001036 ^ clkbuf_0_clk/A (sky130_fd_sc_hd__clkbuf_16)
     4    0.041074    0.095022    0.220718   20.221754 ^ clkbuf_0_clk/X (sky130_fd_sc_hd__clkbuf_16)
                                                         clknet_0_clk (net)
                      0.095116    0.002609   20.224363 ^ clkbuf_2_1__f_clk/A (sky130_fd_sc_hd__clkbuf_16)
     9    0.026069    0.075139    0.241512   20.465876 ^ clkbuf_2_1__f_clk/X (sky130_fd_sc_hd__clkbuf_16)
                                                         clknet_2_1__leaf_clk (net)
                      0.075139    0.000355   20.466230 ^ _232_/CLK (sky130_fd_sc_hd__dfxtp_2)
                                  0.000000   20.466230   clock reconvergence pessimism
                                 -0.273765   20.192465   library setup time
                                             20.192465   data required time
---------------------------------------------------------------------------------------------
                                             20.192465   data required time
                                             -5.932015   data arrival time
---------------------------------------------------------------------------------------------
                                             14.260450   slack (MET)


Startpoint: _219_ (rising edge-triggered flip-flop clocked by clk)
Endpoint: _214_ (rising edge-triggered flip-flop clocked by clk)
Path Group: clk
Path Type: max

Fanout         Cap        Slew       Delay        Time   Description
---------------------------------------------------------------------------------------------
                                  0.000000    0.000000   clock clk (rise edge)
                                  0.000000    0.000000   clock source latency
     1    0.015844    0.000000    0.000000    0.000000 ^ clk (in)
                                                         clk (net)
                      0.002072    0.001036    0.001036 ^ clkbuf_0_clk/A (sky130_fd_sc_hd__clkbuf_16)
     4    0.041074    0.095022    0.220717    0.221754 ^ clkbuf_0_clk/X (sky130_fd_sc_hd__clkbuf_16)
                                                         clknet_0_clk (net)
                      0.095104    0.002462    0.224216 ^ clkbuf_2_2__f_clk/A (sky130_fd_sc_hd__clkbuf_16)
     9    0.026023    0.075109    0.241090    0.465306 ^ clkbuf_2_2__f_clk/X (sky130_fd_sc_hd__clkbuf_16)
                                                         clknet_2_2__leaf_clk (net)
                      0.075128    0.001148    0.466454 ^ _219_/CLK (sky130_fd_sc_hd__dfxtp_2)
     7    0.026405    0.130992    0.689013    1.155468 v _219_/Q (sky130_fd_sc_hd__dfxtp_2)
                                                         baud_counter[3] (net)
                      0.131008    0.001488    1.156955 v _177_/A (sky130_fd_sc_hd__or4b_2)
     1    0.007332    0.252969    1.648093    2.805048 v _177_/X (sky130_fd_sc_hd__or4b_2)
                                                         _096_ (net)
                      0.252969    0.000482    2.805530 v _180_/B (sky130_fd_sc_hd__or4b_2)
     4    0.018619    0.326764    1.758745    4.564275 v _180_/X (sky130_fd_sc_hd__or4b_2)
                                                         _099_ (net)
                      0.326764    0.001719    4.565994 v _181_/B (sky130_fd_sc_hd__nor2_2)
    10    0.052641    0.924500    0.836047    5.402041 ^ _181_/Y (sky130_fd_sc_hd__nor2_2)
                                                         _100_ (net)
                      0.924510    0.002550    5.404591 ^ _184_/A1 (sky130_fd_sc_hd__a211o_2)
     1    0.002032    0.060800    0.524619    5.929210 ^ _184_/X (sky130_fd_sc_hd__a211o_2)
                                                         _000_ (net)
                      0.060800    0.000137    5.929347 ^ _214_/D (sky130_fd_sc_hd__dfxtp_2)
                                              5.929347   data arrival time

                                 20.000000   20.000000   clock clk (rise edge)
                                  0.000000   20.000000   clock source latency
     1    0.015844    0.000000    0.000000   20.000000 ^ clk (in)
                                                         clk (net)
                      0.002072    0.001036   20.001036 ^ clkbuf_0_clk/A (sky130_fd_sc_hd__clkbuf_16)
     4    0.041074    0.095022    0.220718   20.221754 ^ clkbuf_0_clk/X (sky130_fd_sc_hd__clkbuf_16)
                                                         clknet_0_clk (net)
                      0.095095    0.002339   20.224092 ^ clkbuf_2_0__f_clk/A (sky130_fd_sc_hd__clkbuf_16)
     8    0.028800    0.078872    0.244784   20.468878 ^ clkbuf_2_0__f_clk/X (sky130_fd_sc_hd__clkbuf_16)
                                                         clknet_2_0__leaf_clk (net)
                      0.078898    0.001382   20.470259 ^ _214_/CLK (sky130_fd_sc_hd__dfxtp_2)
                                  0.000000   20.470259   clock reconvergence pessimism
                                 -0.137093   20.333164   library setup time
                                             20.333164   data required time
---------------------------------------------------------------------------------------------
                                             20.333164   data required time
                                             -5.929347   data arrival time
---------------------------------------------------------------------------------------------
                                             14.403819   slack (MET)


Startpoint: tx_start (input port clocked by clk)
Endpoint: _231_ (rising edge-triggered flip-flop clocked by clk)
Path Group: clk
Path Type: max

Fanout         Cap        Slew       Delay        Time   Description
---------------------------------------------------------------------------------------------
                                  0.000000    0.000000   clock clk (rise edge)
                                  0.000000    0.000000   clock network delay (propagated)
                                  2.000000    2.000000 v input external delay
     1    0.003722    0.000000    0.000000    2.000000 v tx_start (in)
                                                         tx_start (net)
                      0.000184    0.000092    2.000092 v input10/A (sky130_fd_sc_hd__clkdlybuf4s25_1)
     4    0.014788    0.218254    0.551077    2.551169 v input10/X (sky130_fd_sc_hd__clkdlybuf4s25_1)
                                                         net10 (net)
                      0.218254    0.000802    2.551971 v _169_/B (sky130_fd_sc_hd__and2_2)
     8    0.037183    0.204163    0.617133    3.169104 v _169_/X (sky130_fd_sc_hd__and2_2)
                                                         _088_ (net)
                      0.204257    0.004077    3.173181 v _187_/B (sky130_fd_sc_hd__nor2_2)
    11    0.050029    0.882207    0.750705    3.923886 ^ _187_/Y (sky130_fd_sc_hd__nor2_2)
                                                         _104_ (net)
                      0.882463    0.005212    3.929098 ^ _125_/C1 (sky130_fd_sc_hd__o211a_2)
     1    0.002006    0.078190    0.626571    4.555669 ^ _125_/X (sky130_fd_sc_hd__o211a_2)
                                                         _017_ (net)
                      0.078190    0.000142    4.555811 ^ _231_/D (sky130_fd_sc_hd__dfxtp_2)
                                              4.555811   data arrival time

                                 20.000000   20.000000   clock clk (rise edge)
                                  0.000000   20.000000   clock source latency
     1    0.015844    0.000000    0.000000   20.000000 ^ clk (in)
                                                         clk (net)
                      0.002072    0.001036   20.001036 ^ clkbuf_0_clk/A (sky130_fd_sc_hd__clkbuf_16)
     4    0.041074    0.095022    0.220718   20.221754 ^ clkbuf_0_clk/X (sky130_fd_sc_hd__clkbuf_16)
                                                         clknet_0_clk (net)
                      0.095116    0.002609   20.224363 ^ clkbuf_2_1__f_clk/A (sky130_fd_sc_hd__clkbuf_16)
     9    0.026069    0.075139    0.241512   20.465876 ^ clkbuf_2_1__f_clk/X (sky130_fd_sc_hd__clkbuf_16)
                                                         clknet_2_1__leaf_clk (net)
                      0.075147    0.000751   20.466627 ^ _231_/CLK (sky130_fd_sc_hd__dfxtp_2)
                                  0.000000   20.466627   clock reconvergence pessimism
                                 -0.142304   20.324322   library setup time
                                             20.324322   data required time
---------------------------------------------------------------------------------------------
                                             20.324322   data required time
                                             -4.555811   data arrival time
---------------------------------------------------------------------------------------------
                                             15.768511   slack (MET)


Startpoint: tx_start (input port clocked by clk)
Endpoint: _230_ (rising edge-triggered flip-flop clocked by clk)
Path Group: clk
Path Type: max

Fanout         Cap        Slew       Delay        Time   Description
---------------------------------------------------------------------------------------------
                                  0.000000    0.000000   clock clk (rise edge)
                                  0.000000    0.000000   clock network delay (propagated)
                                  2.000000    2.000000 v input external delay
     1    0.003722    0.000000    0.000000    2.000000 v tx_start (in)
                                                         tx_start (net)
                      0.000184    0.000092    2.000092 v input10/A (sky130_fd_sc_hd__clkdlybuf4s25_1)
     4    0.014788    0.218254    0.551077    2.551169 v input10/X (sky130_fd_sc_hd__clkdlybuf4s25_1)
                                                         net10 (net)
                      0.218254    0.000802    2.551971 v _169_/B (sky130_fd_sc_hd__and2_2)
     8    0.037183    0.204163    0.617133    3.169104 v _169_/X (sky130_fd_sc_hd__and2_2)
                                                         _088_ (net)
                      0.204257    0.004077    3.173181 v _187_/B (sky130_fd_sc_hd__nor2_2)
    11    0.050029    0.882207    0.750705    3.923886 ^ _187_/Y (sky130_fd_sc_hd__nor2_2)
                                                         _104_ (net)
                      0.882461    0.005095    3.928981 ^ _122_/A (sky130_fd_sc_hd__and3_2)
     1    0.002648    0.088217    0.619068    4.548049 ^ _122_/X (sky130_fd_sc_hd__and3_2)
                                                         _016_ (net)
                      0.088217    0.000164    4.548214 ^ _230_/D (sky130_fd_sc_hd__dfxtp_2)
                                              4.548214   data arrival time

                                 20.000000   20.000000   clock clk (rise edge)
                                  0.000000   20.000000   clock source latency
     1    0.015844    0.000000    0.000000   20.000000 ^ clk (in)
                                                         clk (net)
                      0.002072    0.001036   20.001036 ^ clkbuf_0_clk/A (sky130_fd_sc_hd__clkbuf_16)
     4    0.041074    0.095022    0.220718   20.221754 ^ clkbuf_0_clk/X (sky130_fd_sc_hd__clkbuf_16)
                                                         clknet_0_clk (net)
                      0.095116    0.002609   20.224363 ^ clkbuf_2_1__f_clk/A (sky130_fd_sc_hd__clkbuf_16)
     9    0.026069    0.075139    0.241512   20.465876 ^ clkbuf_2_1__f_clk/X (sky130_fd_sc_hd__clkbuf_16)
                                                         clknet_2_1__leaf_clk (net)
                      0.075146    0.000712   20.466587 ^ _230_/CLK (sky130_fd_sc_hd__dfxtp_2)
                                  0.000000   20.466587   clock reconvergence pessimism
                                 -0.144934   20.321653   library setup time
                                             20.321653   data required time
---------------------------------------------------------------------------------------------
                                             20.321653   data required time
                                             -4.548214   data arrival time
---------------------------------------------------------------------------------------------
                                             15.773440   slack (MET)


Startpoint: tx_start (input port clocked by clk)
Endpoint: _226_ (rising edge-triggered flip-flop clocked by clk)
Path Group: clk
Path Type: max

Fanout         Cap        Slew       Delay        Time   Description
---------------------------------------------------------------------------------------------
                                  0.000000    0.000000   clock clk (rise edge)
                                  0.000000    0.000000   clock network delay (propagated)
                                  2.000000    2.000000 v input external delay
     1    0.003722    0.000000    0.000000    2.000000 v tx_start (in)
                                                         tx_start (net)
                      0.000184    0.000092    2.000092 v input10/A (sky130_fd_sc_hd__clkdlybuf4s25_1)
     4    0.014788    0.218254    0.551077    2.551169 v input10/X (sky130_fd_sc_hd__clkdlybuf4s25_1)
                                                         net10 (net)
                      0.218254    0.000802    2.551971 v _169_/B (sky130_fd_sc_hd__and2_2)
     8    0.037183    0.204163    0.617133    3.169104 v _169_/X (sky130_fd_sc_hd__and2_2)
                                                         _088_ (net)
                      0.204257    0.004077    3.173181 v _187_/B (sky130_fd_sc_hd__nor2_2)
    11    0.050029    0.882207    0.750705    3.923886 ^ _187_/Y (sky130_fd_sc_hd__nor2_2)
                                                         _104_ (net)
                      0.882451    0.004456    3.928341 ^ _111_/B (sky130_fd_sc_hd__and3b_2)
     1    0.002259    0.083736    0.602760    4.531101 ^ _111_/X (sky130_fd_sc_hd__and3b_2)
                                                         _012_ (net)
                      0.083736    0.000143    4.531244 ^ _226_/D (sky130_fd_sc_hd__dfxtp_2)
                                              4.531244   data arrival time

                                 20.000000   20.000000   clock clk (rise edge)
                                  0.000000   20.000000   clock source latency
     1    0.015844    0.000000    0.000000   20.000000 ^ clk (in)
                                                         clk (net)
                      0.002072    0.001036   20.001036 ^ clkbuf_0_clk/A (sky130_fd_sc_hd__clkbuf_16)
     4    0.041074    0.095022    0.220718   20.221754 ^ clkbuf_0_clk/X (sky130_fd_sc_hd__clkbuf_16)
                                                         clknet_0_clk (net)
                      0.095116    0.002609   20.224363 ^ clkbuf_2_1__f_clk/A (sky130_fd_sc_hd__clkbuf_16)
     9    0.026069    0.075139    0.241512   20.465876 ^ clkbuf_2_1__f_clk/X (sky130_fd_sc_hd__clkbuf_16)
                                                         clknet_2_1__leaf_clk (net)
                      0.075146    0.000734   20.466608 ^ _226_/CLK (sky130_fd_sc_hd__dfxtp_2)
                                  0.000000   20.466608   clock reconvergence pessimism
                                 -0.143758   20.322849   library setup time
                                             20.322849   data required time
---------------------------------------------------------------------------------------------
                                             20.322849   data required time
                                             -4.531244   data arrival time
---------------------------------------------------------------------------------------------
                                             15.791607   slack (MET)


Startpoint: tx_start (input port clocked by clk)
Endpoint: _218_ (rising edge-triggered flip-flop clocked by clk)
Path Group: clk
Path Type: max

Fanout         Cap        Slew       Delay        Time   Description
---------------------------------------------------------------------------------------------
                                  0.000000    0.000000   clock clk (rise edge)
                                  0.000000    0.000000   clock network delay (propagated)
                                  2.000000    2.000000 v input external delay
     1    0.003722    0.000000    0.000000    2.000000 v tx_start (in)
                                                         tx_start (net)
                      0.000184    0.000092    2.000092 v input10/A (sky130_fd_sc_hd__clkdlybuf4s25_1)
     4    0.014788    0.218254    0.551077    2.551169 v input10/X (sky130_fd_sc_hd__clkdlybuf4s25_1)
                                                         net10 (net)
                      0.218254    0.000802    2.551971 v _169_/B (sky130_fd_sc_hd__and2_2)
     8    0.037183    0.204163    0.617133    3.169104 v _169_/X (sky130_fd_sc_hd__and2_2)
                                                         _088_ (net)
                      0.204257    0.004077    3.173181 v _187_/B (sky130_fd_sc_hd__nor2_2)
    11    0.050029    0.882207    0.750705    3.923886 ^ _187_/Y (sky130_fd_sc_hd__nor2_2)
                                                         _104_ (net)
                      0.882439    0.003469    3.927355 ^ _197_/B (sky130_fd_sc_hd__and3b_2)
     1    0.002262    0.083754    0.602783    4.530138 ^ _197_/X (sky130_fd_sc_hd__and3b_2)
                                                         _004_ (net)
                      0.083754    0.000146    4.530284 ^ _218_/D (sky130_fd_sc_hd__dfxtp_2)
                                              4.530284   data arrival time

                                 20.000000   20.000000   clock clk (rise edge)
                                  0.000000   20.000000   clock source latency
     1    0.015844    0.000000    0.000000   20.000000 ^ clk (in)
                                                         clk (net)
                      0.002072    0.001036   20.001036 ^ clkbuf_0_clk/A (sky130_fd_sc_hd__clkbuf_16)
     4    0.041074    0.095022    0.220718   20.221754 ^ clkbuf_0_clk/X (sky130_fd_sc_hd__clkbuf_16)
                                                         clknet_0_clk (net)
                      0.095104    0.002462   20.224216 ^ clkbuf_2_2__f_clk/A (sky130_fd_sc_hd__clkbuf_16)
     9    0.026023    0.075109    0.241091   20.465307 ^ clkbuf_2_2__f_clk/X (sky130_fd_sc_hd__clkbuf_16)
                                                         clknet_2_2__leaf_clk (net)
                      0.075126    0.001096   20.466402 ^ _218_/CLK (sky130_fd_sc_hd__dfxtp_2)
                                  0.000000   20.466402   clock reconvergence pessimism
                                 -0.143767   20.322636   library setup time
                                             20.322636   data required time
---------------------------------------------------------------------------------------------
                                             20.322636   data required time
                                             -4.530284   data arrival time
---------------------------------------------------------------------------------------------
                                             15.792353   slack (MET)


Startpoint: tx_start (input port clocked by clk)
Endpoint: _228_ (rising edge-triggered flip-flop clocked by clk)
Path Group: clk
Path Type: max

Fanout         Cap        Slew       Delay        Time   Description
---------------------------------------------------------------------------------------------
                                  0.000000    0.000000   clock clk (rise edge)
                                  0.000000    0.000000   clock network delay (propagated)
                                  2.000000    2.000000 v input external delay
     1    0.003722    0.000000    0.000000    2.000000 v tx_start (in)
                                                         tx_start (net)
                      0.000184    0.000092    2.000092 v input10/A (sky130_fd_sc_hd__clkdlybuf4s25_1)
     4    0.014788    0.218254    0.551077    2.551169 v input10/X (sky130_fd_sc_hd__clkdlybuf4s25_1)
                                                         net10 (net)
                      0.218254    0.000802    2.551971 v _169_/B (sky130_fd_sc_hd__and2_2)
     8    0.037183    0.204163    0.617133    3.169104 v _169_/X (sky130_fd_sc_hd__and2_2)
                                                         _088_ (net)
                      0.204257    0.004077    3.173181 v _187_/B (sky130_fd_sc_hd__nor2_2)
    11    0.050029    0.882207    0.750705    3.923886 ^ _187_/Y (sky130_fd_sc_hd__nor2_2)
                                                         _104_ (net)
                      0.882463    0.005247    3.929133 ^ _116_/B (sky130_fd_sc_hd__and3b_2)
     1    0.002034    0.082148    0.600165    4.529298 ^ _116_/X (sky130_fd_sc_hd__and3b_2)
                                                         _014_ (net)
                      0.082148    0.000143    4.529441 ^ _228_/D (sky130_fd_sc_hd__dfxtp_2)
                                              4.529441   data arrival time

                                 20.000000   20.000000   clock clk (rise edge)
                                  0.000000   20.000000   clock source latency
     1    0.015844    0.000000    0.000000   20.000000 ^ clk (in)
                                                         clk (net)
                      0.002072    0.001036   20.001036 ^ clkbuf_0_clk/A (sky130_fd_sc_hd__clkbuf_16)
     4    0.041074    0.095022    0.220718   20.221754 ^ clkbuf_0_clk/X (sky130_fd_sc_hd__clkbuf_16)
                                                         clknet_0_clk (net)
                      0.095116    0.002609   20.224363 ^ clkbuf_2_1__f_clk/A (sky130_fd_sc_hd__clkbuf_16)
     9    0.026069    0.075139    0.241512   20.465876 ^ clkbuf_2_1__f_clk/X (sky130_fd_sc_hd__clkbuf_16)
                                                         clknet_2_1__leaf_clk (net)
                      0.075148    0.000776   20.466652 ^ _228_/CLK (sky130_fd_sc_hd__dfxtp_2)
                                  0.000000   20.466652   clock reconvergence pessimism
                                 -0.143342   20.323309   library setup time
                                             20.323309   data required time
---------------------------------------------------------------------------------------------
                                             20.323309   data required time
                                             -4.529441   data arrival time
---------------------------------------------------------------------------------------------
                                             15.793868   slack (MET)


Startpoint: tx_start (input port clocked by clk)
Endpoint: _222_ (rising edge-triggered flip-flop clocked by clk)
Path Group: clk
Path Type: max

Fanout         Cap        Slew       Delay        Time   Description
---------------------------------------------------------------------------------------------
                                  0.000000    0.000000   clock clk (rise edge)
                                  0.000000    0.000000   clock network delay (propagated)
                                  2.000000    2.000000 v input external delay
     1    0.003722    0.000000    0.000000    2.000000 v tx_start (in)
                                                         tx_start (net)
                      0.000184    0.000092    2.000092 v input10/A (sky130_fd_sc_hd__clkdlybuf4s25_1)
     4    0.014788    0.218254    0.551077    2.551169 v input10/X (sky130_fd_sc_hd__clkdlybuf4s25_1)
                                                         net10 (net)
                      0.218254    0.000802    2.551971 v _169_/B (sky130_fd_sc_hd__and2_2)
     8    0.037183    0.204163    0.617133    3.169104 v _169_/X (sky130_fd_sc_hd__and2_2)
                                                         _088_ (net)
                      0.204257    0.004077    3.173181 v _187_/B (sky130_fd_sc_hd__nor2_2)
    11    0.050029    0.882207    0.750705    3.923886 ^ _187_/Y (sky130_fd_sc_hd__nor2_2)
                                                         _104_ (net)
                      0.882457    0.004835    3.928720 ^ _207_/B (sky130_fd_sc_hd__and3b_2)
     1    0.002255    0.083703    0.602700    4.531421 ^ _207_/X (sky130_fd_sc_hd__and3b_2)
                                                         _008_ (net)
                      0.083703    0.000151    4.531571 ^ _222_/D (sky130_fd_sc_hd__dfxtp_2)
                                              4.531571   data arrival time

                                 20.000000   20.000000   clock clk (rise edge)
                                  0.000000   20.000000   clock source latency
     1    0.015844    0.000000    0.000000   20.000000 ^ clk (in)
                                                         clk (net)
                      0.002072    0.001036   20.001036 ^ clkbuf_0_clk/A (sky130_fd_sc_hd__clkbuf_16)
     4    0.041074    0.095022    0.220718   20.221754 ^ clkbuf_0_clk/X (sky130_fd_sc_hd__clkbuf_16)
                                                         clknet_0_clk (net)
                      0.095100    0.002409   20.224163 ^ clkbuf_2_3__f_clk/A (sky130_fd_sc_hd__clkbuf_16)
     8    0.028334    0.078160    0.244677   20.468840 ^ clkbuf_2_3__f_clk/X (sky130_fd_sc_hd__clkbuf_16)
                                                         clknet_2_3__leaf_clk (net)
                      0.078166    0.000732   20.469572 ^ _222_/CLK (sky130_fd_sc_hd__dfxtp_2)
                                  0.000000   20.469572   clock reconvergence pessimism
                                 -0.143225   20.326345   library setup time
                                             20.326345   data required time
---------------------------------------------------------------------------------------------
                                             20.326345   data required time
                                             -4.531571   data arrival time
---------------------------------------------------------------------------------------------
                                             15.794774   slack (MET)


Startpoint: tx_start (input port clocked by clk)
Endpoint: _225_ (rising edge-triggered flip-flop clocked by clk)
Path Group: clk
Path Type: max

Fanout         Cap        Slew       Delay        Time   Description
---------------------------------------------------------------------------------------------
                                  0.000000    0.000000   clock clk (rise edge)
                                  0.000000    0.000000   clock network delay (propagated)
                                  2.000000    2.000000 v input external delay
     1    0.003722    0.000000    0.000000    2.000000 v tx_start (in)
                                                         tx_start (net)
                      0.000184    0.000092    2.000092 v input10/A (sky130_fd_sc_hd__clkdlybuf4s25_1)
     4    0.014788    0.218254    0.551077    2.551169 v input10/X (sky130_fd_sc_hd__clkdlybuf4s25_1)
                                                         net10 (net)
                      0.218254    0.000802    2.551971 v _169_/B (sky130_fd_sc_hd__and2_2)
     8    0.037183    0.204163    0.617133    3.169104 v _169_/X (sky130_fd_sc_hd__and2_2)
                                                         _088_ (net)
                      0.204257    0.004077    3.173181 v _187_/B (sky130_fd_sc_hd__nor2_2)
    11    0.050029    0.882207    0.750705    3.923886 ^ _187_/Y (sky130_fd_sc_hd__nor2_2)
                                                         _104_ (net)
                      0.882455    0.004696    3.928581 ^ _108_/B (sky130_fd_sc_hd__and3b_2)
     1    0.001980    0.081765    0.599541    4.528122 ^ _108_/X (sky130_fd_sc_hd__and3b_2)
                                                         _011_ (net)
                      0.081765    0.000139    4.528262 ^ _225_/D (sky130_fd_sc_hd__dfxtp_2)
                                              4.528262   data arrival time

                                 20.000000   20.000000   clock clk (rise edge)
                                  0.000000   20.000000   clock source latency
     1    0.015844    0.000000    0.000000   20.000000 ^ clk (in)
                                                         clk (net)
                      0.002072    0.001036   20.001036 ^ clkbuf_0_clk/A (sky130_fd_sc_hd__clkbuf_16)
     4    0.041074    0.095022    0.220718   20.221754 ^ clkbuf_0_clk/X (sky130_fd_sc_hd__clkbuf_16)
                                                         clknet_0_clk (net)
                      0.095100    0.002409   20.224163 ^ clkbuf_2_3__f_clk/A (sky130_fd_sc_hd__clkbuf_16)
     8    0.028334    0.078160    0.244677   20.468840 ^ clkbuf_2_3__f_clk/X (sky130_fd_sc_hd__clkbuf_16)
                                                         clknet_2_3__leaf_clk (net)
                      0.078171    0.000902   20.469742 ^ _225_/CLK (sky130_fd_sc_hd__dfxtp_2)
                                  0.000000   20.469742   clock reconvergence pessimism
                                 -0.142717   20.327026   library setup time
                                             20.327026   data required time
---------------------------------------------------------------------------------------------
                                             20.327026   data required time
                                             -4.528262   data arrival time
---------------------------------------------------------------------------------------------
                                             15.798763   slack (MET)


Startpoint: tx_start (input port clocked by clk)
Endpoint: _216_ (rising edge-triggered flip-flop clocked by clk)
Path Group: clk
Path Type: max

Fanout         Cap        Slew       Delay        Time   Description
---------------------------------------------------------------------------------------------
                                  0.000000    0.000000   clock clk (rise edge)
                                  0.000000    0.000000   clock network delay (propagated)
                                  2.000000    2.000000 v input external delay
     1    0.003722    0.000000    0.000000    2.000000 v tx_start (in)
                                                         tx_start (net)
                      0.000184    0.000092    2.000092 v input10/A (sky130_fd_sc_hd__clkdlybuf4s25_1)
     4    0.014788    0.218254    0.551077    2.551169 v input10/X (sky130_fd_sc_hd__clkdlybuf4s25_1)
                                                         net10 (net)
                      0.218254    0.000802    2.551971 v _169_/B (sky130_fd_sc_hd__and2_2)
     8    0.037183    0.204163    0.617133    3.169104 v _169_/X (sky130_fd_sc_hd__and2_2)
                                                         _088_ (net)
                      0.204257    0.004077    3.173181 v _187_/B (sky130_fd_sc_hd__nor2_2)
    11    0.050029    0.882207    0.750705    3.923886 ^ _187_/Y (sky130_fd_sc_hd__nor2_2)
                                                         _104_ (net)
                      0.882440    0.003595    3.927481 ^ _189_/B1 (sky130_fd_sc_hd__o21ai_2)
     1    0.006417    0.192376    0.345828    4.273309 v _189_/Y (sky130_fd_sc_hd__o21ai_2)
                                                         _106_ (net)
                      0.192377    0.000535    4.273845 v _190_/B1 (sky130_fd_sc_hd__a21oi_2)
     1    0.002484    0.126168    0.201166    4.475010 ^ _190_/Y (sky130_fd_sc_hd__a21oi_2)
                                                         _002_ (net)
                      0.126168    0.000163    4.475173 ^ _216_/D (sky130_fd_sc_hd__dfxtp_2)
                                              4.475173   data arrival time

                                 20.000000   20.000000   clock clk (rise edge)
                                  0.000000   20.000000   clock source latency
     1    0.015844    0.000000    0.000000   20.000000 ^ clk (in)
                                                         clk (net)
                      0.002072    0.001036   20.001036 ^ clkbuf_0_clk/A (sky130_fd_sc_hd__clkbuf_16)
     4    0.041074    0.095022    0.220718   20.221754 ^ clkbuf_0_clk/X (sky130_fd_sc_hd__clkbuf_16)
                                                         clknet_0_clk (net)
                      0.095104    0.002462   20.224216 ^ clkbuf_2_2__f_clk/A (sky130_fd_sc_hd__clkbuf_16)
     9    0.026023    0.075109    0.241091   20.465307 ^ clkbuf_2_2__f_clk/X (sky130_fd_sc_hd__clkbuf_16)
                                                         clknet_2_2__leaf_clk (net)
                      0.075166    0.001762   20.467068 ^ _216_/CLK (sky130_fd_sc_hd__dfxtp_2)
                                  0.000000   20.467068   clock reconvergence pessimism
                                 -0.154884   20.312185   library setup time
                                             20.312185   data required time
---------------------------------------------------------------------------------------------
                                             20.312185   data required time
                                             -4.475173   data arrival time
---------------------------------------------------------------------------------------------
                                             15.837012   slack (MET)


Startpoint: tx_start (input port clocked by clk)
Endpoint: _219_ (rising edge-triggered flip-flop clocked by clk)
Path Group: clk
Path Type: max

Fanout         Cap        Slew       Delay        Time   Description
---------------------------------------------------------------------------------------------
                                  0.000000    0.000000   clock clk (rise edge)
                                  0.000000    0.000000   clock network delay (propagated)
                                  2.000000    2.000000 v input external delay
     1    0.003722    0.000000    0.000000    2.000000 v tx_start (in)
                                                         tx_start (net)
                      0.000184    0.000092    2.000092 v input10/A (sky130_fd_sc_hd__clkdlybuf4s25_1)
     4    0.014788    0.218254    0.551077    2.551169 v input10/X (sky130_fd_sc_hd__clkdlybuf4s25_1)
                                                         net10 (net)
                      0.218254    0.000802    2.551971 v _169_/B (sky130_fd_sc_hd__and2_2)
     8    0.037183    0.204163    0.617133    3.169104 v _169_/X (sky130_fd_sc_hd__and2_2)
                                                         _088_ (net)
                      0.204257    0.004077    3.173181 v _187_/B (sky130_fd_sc_hd__nor2_2)
    11    0.050029    0.882207    0.750705    3.923886 ^ _187_/Y (sky130_fd_sc_hd__nor2_2)
                                                         _104_ (net)
                      0.882441    0.003636    3.927522 ^ _198_/B1 (sky130_fd_sc_hd__o21ai_2)
     1    0.005200    0.183413    0.331245    4.258767 v _198_/Y (sky130_fd_sc_hd__o21ai_2)
                                                         _036_ (net)
                      0.183413    0.000380    4.259147 v _199_/B1 (sky130_fd_sc_hd__a21oi_2)
     1    0.002023    0.118844    0.191372    4.450520 ^ _199_/Y (sky130_fd_sc_hd__a21oi_2)
                                                         _005_ (net)
                      0.118844    0.000136    4.450655 ^ _219_/D (sky130_fd_sc_hd__dfxtp_2)
                                              4.450655   data arrival time

                                 20.000000   20.000000   clock clk (rise edge)
                                  0.000000   20.000000   clock source latency
     1    0.015844    0.000000    0.000000   20.000000 ^ clk (in)
                                                         clk (net)
                      0.002072    0.001036   20.001036 ^ clkbuf_0_clk/A (sky130_fd_sc_hd__clkbuf_16)
     4    0.041074    0.095022    0.220718   20.221754 ^ clkbuf_0_clk/X (sky130_fd_sc_hd__clkbuf_16)
                                                         clknet_0_clk (net)
                      0.095104    0.002462   20.224216 ^ clkbuf_2_2__f_clk/A (sky130_fd_sc_hd__clkbuf_16)
     9    0.026023    0.075109    0.241091   20.465307 ^ clkbuf_2_2__f_clk/X (sky130_fd_sc_hd__clkbuf_16)
                                                         clknet_2_2__leaf_clk (net)
                      0.075128    0.001148   20.466454 ^ _219_/CLK (sky130_fd_sc_hd__dfxtp_2)
                                  0.000000   20.466454   clock reconvergence pessimism
                                 -0.152969   20.313484   library setup time
                                             20.313484   data required time
---------------------------------------------------------------------------------------------
                                             20.313484   data required time
                                             -4.450655   data arrival time
---------------------------------------------------------------------------------------------
                                             15.862830   slack (MET)


Startpoint: _215_ (rising edge-triggered flip-flop clocked by clk)
Endpoint: _229_ (rising edge-triggered flip-flop clocked by clk)
Path Group: clk
Path Type: max

Fanout         Cap        Slew       Delay        Time   Description
---------------------------------------------------------------------------------------------
                                  0.000000    0.000000   clock clk (rise edge)
                                  0.000000    0.000000   clock source latency
     1    0.015844    0.000000    0.000000    0.000000 ^ clk (in)
                                                         clk (net)
                      0.002072    0.001036    0.001036 ^ clkbuf_0_clk/A (sky130_fd_sc_hd__clkbuf_16)
     4    0.041074    0.095022    0.220717    0.221754 ^ clkbuf_0_clk/X (sky130_fd_sc_hd__clkbuf_16)
                                                         clknet_0_clk (net)
                      0.095104    0.002462    0.224216 ^ clkbuf_2_2__f_clk/A (sky130_fd_sc_hd__clkbuf_16)
     9    0.026023    0.075109    0.241090    0.465306 ^ clkbuf_2_2__f_clk/X (sky130_fd_sc_hd__clkbuf_16)
                                                         clknet_2_2__leaf_clk (net)
                      0.075143    0.001415    0.466721 ^ _215_/CLK (sky130_fd_sc_hd__dfxtp_2)
     9    0.039496    0.323002    0.849409    1.316130 ^ _215_/Q (sky130_fd_sc_hd__dfxtp_2)
                                                         net11 (net)
                      0.323020    0.002656    1.318786 ^ _196_/A (sky130_fd_sc_hd__and4_2)
     7    0.028936    0.291991    0.712629    2.031415 ^ _196_/X (sky130_fd_sc_hd__and4_2)
                                                         _035_ (net)
                      0.292001    0.002099    2.033514 ^ _206_/D (sky130_fd_sc_hd__and4_2)
     6    0.020743    0.231785    0.688618    2.722132 ^ _206_/X (sky130_fd_sc_hd__and4_2)
                                                         _041_ (net)
                      0.231797    0.001898    2.724030 ^ _110_/D (sky130_fd_sc_hd__and4_2)
     8    0.030603    0.304338    0.733155    3.457185 ^ _110_/X (sky130_fd_sc_hd__and4_2)
                                                         _048_ (net)
                      0.304351    0.002371    3.459556 ^ _118_/A2 (sky130_fd_sc_hd__a31o_2)
     1    0.001808    0.062440    0.382146    3.841703 ^ _118_/X (sky130_fd_sc_hd__a31o_2)
                                                         _053_ (net)
                      0.062440    0.000079    3.841781 ^ _119_/B1_N (sky130_fd_sc_hd__o21ba_2)
     1    0.002451    0.057676    0.275409    4.117190 v _119_/X (sky130_fd_sc_hd__o21ba_2)
                                                         _015_ (net)
                      0.057676    0.000151    4.117341 v _229_/D (sky130_fd_sc_hd__dfxtp_2)
                                              4.117341   data arrival time

                                 20.000000   20.000000   clock clk (rise edge)
                                  0.000000   20.000000   clock source latency
     1    0.015844    0.000000    0.000000   20.000000 ^ clk (in)
                                                         clk (net)
                      0.002072    0.001036   20.001036 ^ clkbuf_0_clk/A (sky130_fd_sc_hd__clkbuf_16)
     4    0.041074    0.095022    0.220718   20.221754 ^ clkbuf_0_clk/X (sky130_fd_sc_hd__clkbuf_16)
                                                         clknet_0_clk (net)
                      0.095116    0.002609   20.224363 ^ clkbuf_2_1__f_clk/A (sky130_fd_sc_hd__clkbuf_16)
     9    0.026069    0.075139    0.241512   20.465876 ^ clkbuf_2_1__f_clk/X (sky130_fd_sc_hd__clkbuf_16)
                                                         clknet_2_1__leaf_clk (net)
                      0.075144    0.000652   20.466526 ^ _229_/CLK (sky130_fd_sc_hd__dfxtp_2)
                                  0.000000   20.466526   clock reconvergence pessimism
                                 -0.267870   20.198656   library setup time
                                             20.198656   data required time
---------------------------------------------------------------------------------------------
                                             20.198656   data required time
                                             -4.117341   data arrival time
---------------------------------------------------------------------------------------------
                                             16.081314   slack (MET)


Startpoint: _215_ (rising edge-triggered flip-flop clocked by clk)
Endpoint: busy (output port clocked by clk)
Path Group: clk
Path Type: max

Fanout         Cap        Slew       Delay        Time   Description
---------------------------------------------------------------------------------------------
                                  0.000000    0.000000   clock clk (rise edge)
                                  0.000000    0.000000   clock source latency
     1    0.015844    0.000000    0.000000    0.000000 ^ clk (in)
                                                         clk (net)
                      0.002072    0.001036    0.001036 ^ clkbuf_0_clk/A (sky130_fd_sc_hd__clkbuf_16)
     4    0.041074    0.095022    0.220717    0.221754 ^ clkbuf_0_clk/X (sky130_fd_sc_hd__clkbuf_16)
                                                         clknet_0_clk (net)
                      0.095104    0.002462    0.224216 ^ clkbuf_2_2__f_clk/A (sky130_fd_sc_hd__clkbuf_16)
     9    0.026023    0.075109    0.241090    0.465306 ^ clkbuf_2_2__f_clk/X (sky130_fd_sc_hd__clkbuf_16)
                                                         clknet_2_2__leaf_clk (net)
                      0.075143    0.001415    0.466721 ^ _215_/CLK (sky130_fd_sc_hd__dfxtp_2)
     9    0.039496    0.323002    0.849409    1.316130 ^ _215_/Q (sky130_fd_sc_hd__dfxtp_2)
                                                         net11 (net)
                      0.323008    0.001890    1.318020 ^ output11/A (sky130_fd_sc_hd__clkdlybuf4s25_1)
     1    0.000989    0.049085    0.541855    1.859874 ^ output11/X (sky130_fd_sc_hd__clkdlybuf4s25_1)
                                                         busy (net)
                      0.049085    0.000037    1.859911 ^ busy (out)
                                              1.859911   data arrival time

                                 20.000000   20.000000   clock clk (rise edge)
                                  0.000000   20.000000   clock network delay (propagated)
                                  0.000000   20.000000   clock reconvergence pessimism
                                 -2.000000   18.000000   output external delay
                                             18.000000   data required time
---------------------------------------------------------------------------------------------
                                             18.000000   data required time
                                             -1.859911   data arrival time
---------------------------------------------------------------------------------------------
                                             16.140089   slack (MET)


Startpoint: _215_ (rising edge-triggered flip-flop clocked by clk)
Endpoint: _227_ (rising edge-triggered flip-flop clocked by clk)
Path Group: clk
Path Type: max

Fanout         Cap        Slew       Delay        Time   Description
---------------------------------------------------------------------------------------------
                                  0.000000    0.000000   clock clk (rise edge)
                                  0.000000    0.000000   clock source latency
     1    0.015844    0.000000    0.000000    0.000000 ^ clk (in)
                                                         clk (net)
                      0.002072    0.001036    0.001036 ^ clkbuf_0_clk/A (sky130_fd_sc_hd__clkbuf_16)
     4    0.041074    0.095022    0.220717    0.221754 ^ clkbuf_0_clk/X (sky130_fd_sc_hd__clkbuf_16)
                                                         clknet_0_clk (net)
                      0.095104    0.002462    0.224216 ^ clkbuf_2_2__f_clk/A (sky130_fd_sc_hd__clkbuf_16)
     9    0.026023    0.075109    0.241090    0.465306 ^ clkbuf_2_2__f_clk/X (sky130_fd_sc_hd__clkbuf_16)
                                                         clknet_2_2__leaf_clk (net)
                      0.075143    0.001415    0.466721 ^ _215_/CLK (sky130_fd_sc_hd__dfxtp_2)
     9    0.039496    0.323002    0.849409    1.316130 ^ _215_/Q (sky130_fd_sc_hd__dfxtp_2)
                                                         net11 (net)
                      0.323020    0.002656    1.318786 ^ _196_/A (sky130_fd_sc_hd__and4_2)
     7    0.028936    0.291991    0.712629    2.031415 ^ _196_/X (sky130_fd_sc_hd__and4_2)
                                                         _035_ (net)
                      0.292001    0.002099    2.033514 ^ _206_/D (sky130_fd_sc_hd__and4_2)
     6    0.020743    0.231785    0.688618    2.722132 ^ _206_/X (sky130_fd_sc_hd__and4_2)
                                                         _041_ (net)
                      0.231797    0.001928    2.724060 ^ _107_/D (sky130_fd_sc_hd__and4_2)
     4    0.011519    0.165961    0.599357    3.323417 ^ _107_/X (sky130_fd_sc_hd__and4_2)
                                                         _046_ (net)
                      0.165962    0.000811    3.324229 ^ _112_/A3 (sky130_fd_sc_hd__a31o_2)
     1    0.001830    0.062417    0.341613    3.665842 ^ _112_/X (sky130_fd_sc_hd__a31o_2)
                                                         _049_ (net)
                      0.062417    0.000121    3.665962 ^ _113_/B1_N (sky130_fd_sc_hd__o21ba_2)
     1    0.002348    0.056666    0.274662    3.940625 v _113_/X (sky130_fd_sc_hd__o21ba_2)
                                                         _013_ (net)
                      0.056666    0.000157    3.940782 v _227_/D (sky130_fd_sc_hd__dfxtp_2)
                                              3.940782   data arrival time

                                 20.000000   20.000000   clock clk (rise edge)
                                  0.000000   20.000000   clock source latency
     1    0.015844    0.000000    0.000000   20.000000 ^ clk (in)
                                                         clk (net)
                      0.002072    0.001036   20.001036 ^ clkbuf_0_clk/A (sky130_fd_sc_hd__clkbuf_16)
     4    0.041074    0.095022    0.220718   20.221754 ^ clkbuf_0_clk/X (sky130_fd_sc_hd__clkbuf_16)
                                                         clknet_0_clk (net)
                      0.095116    0.002609   20.224363 ^ clkbuf_2_1__f_clk/A (sky130_fd_sc_hd__clkbuf_16)
     9    0.026069    0.075139    0.241512   20.465876 ^ clkbuf_2_1__f_clk/X (sky130_fd_sc_hd__clkbuf_16)
                                                         clknet_2_1__leaf_clk (net)
                      0.075146    0.000721   20.466597 ^ _227_/CLK (sky130_fd_sc_hd__dfxtp_2)
                                  0.000000   20.466597   clock reconvergence pessimism
                                 -0.267450   20.199146   library setup time
                                             20.199146   data required time
---------------------------------------------------------------------------------------------
                                             20.199146   data required time
                                             -3.940782   data arrival time
---------------------------------------------------------------------------------------------
                                             16.258364   slack (MET)


Startpoint: _214_ (rising edge-triggered flip-flop clocked by clk)
Endpoint: tx (output port clocked by clk)
Path Group: clk
Path Type: max

Fanout         Cap        Slew       Delay        Time   Description
---------------------------------------------------------------------------------------------
                                  0.000000    0.000000   clock clk (rise edge)
                                  0.000000    0.000000   clock source latency
     1    0.015844    0.000000    0.000000    0.000000 ^ clk (in)
                                                         clk (net)
                      0.002072    0.001036    0.001036 ^ clkbuf_0_clk/A (sky130_fd_sc_hd__clkbuf_16)
     4    0.041074    0.095022    0.220717    0.221754 ^ clkbuf_0_clk/X (sky130_fd_sc_hd__clkbuf_16)
                                                         clknet_0_clk (net)
                      0.095095    0.002339    0.224092 ^ clkbuf_2_0__f_clk/A (sky130_fd_sc_hd__clkbuf_16)
     8    0.028800    0.078872    0.244784    0.468876 ^ clkbuf_2_0__f_clk/X (sky130_fd_sc_hd__clkbuf_16)
                                                         clknet_2_0__leaf_clk (net)
                      0.078898    0.001383    0.470259 ^ _214_/CLK (sky130_fd_sc_hd__dfxtp_2)
     2    0.007777    0.086495    0.672018    1.142277 ^ _214_/Q (sky130_fd_sc_hd__dfxtp_2)
                                                         net12 (net)
                      0.086495    0.000343    1.142619 ^ output12/A (sky130_fd_sc_hd__clkdlybuf4s25_1)
     1    0.001059    0.050036    0.445995    1.588614 ^ output12/X (sky130_fd_sc_hd__clkdlybuf4s25_1)
                                                         tx (net)
                      0.050036    0.000031    1.588645 ^ tx (out)
                                              1.588645   data arrival time

                                 20.000000   20.000000   clock clk (rise edge)
                                  0.000000   20.000000   clock network delay (propagated)
                                  0.000000   20.000000   clock reconvergence pessimism
                                 -2.000000   18.000000   output external delay
                                             18.000000   data required time
---------------------------------------------------------------------------------------------
                                             18.000000   data required time
                                             -1.588645   data arrival time
---------------------------------------------------------------------------------------------
                                             16.411354   slack (MET)



%OL_END_REPORT
%OL_CREATE_REPORT checks.rpt

===========================================================================
report_checks -unconstrained
===========================================================================
======================= max_ss_100C_1v60 Corner ===================================

Startpoint: _219_ (rising edge-triggered flip-flop clocked by clk)
Endpoint: _236_ (rising edge-triggered flip-flop clocked by clk)
Path Group: clk
Path Type: max

Fanout         Cap        Slew       Delay        Time   Description
---------------------------------------------------------------------------------------------
                                  0.000000    0.000000   clock clk (rise edge)
                                  0.000000    0.000000   clock source latency
     1    0.015844    0.000000    0.000000    0.000000 ^ clk (in)
                                                         clk (net)
                      0.002072    0.001036    0.001036 ^ clkbuf_0_clk/A (sky130_fd_sc_hd__clkbuf_16)
     4    0.041074    0.095022    0.220717    0.221754 ^ clkbuf_0_clk/X (sky130_fd_sc_hd__clkbuf_16)
                                                         clknet_0_clk (net)
                      0.095104    0.002462    0.224216 ^ clkbuf_2_2__f_clk/A (sky130_fd_sc_hd__clkbuf_16)
     9    0.026023    0.075109    0.241090    0.465306 ^ clkbuf_2_2__f_clk/X (sky130_fd_sc_hd__clkbuf_16)
                                                         clknet_2_2__leaf_clk (net)
                      0.075128    0.001148    0.466454 ^ _219_/CLK (sky130_fd_sc_hd__dfxtp_2)
     7    0.026405    0.130992    0.689013    1.155468 v _219_/Q (sky130_fd_sc_hd__dfxtp_2)
                                                         baud_counter[3] (net)
                      0.131008    0.001488    1.156955 v _177_/A (sky130_fd_sc_hd__or4b_2)
     1    0.007332    0.252969    1.648093    2.805048 v _177_/X (sky130_fd_sc_hd__or4b_2)
                                                         _096_ (net)
                      0.252969    0.000482    2.805530 v _180_/B (sky130_fd_sc_hd__or4b_2)
     4    0.018619    0.326764    1.758745    4.564275 v _180_/X (sky130_fd_sc_hd__or4b_2)
                                                         _099_ (net)
                      0.326764    0.001714    4.565989 v _138_/A3 (sky130_fd_sc_hd__o31a_2)
     8    0.038781    0.237849    0.833293    5.399282 v _138_/X (sky130_fd_sc_hd__o31a_2)
                                                         _066_ (net)
                      0.237856    0.001578    5.400860 v _140_/S (sky130_fd_sc_hd__mux2_1)
     1    0.003076    0.112792    0.759914    6.160775 v _140_/X (sky130_fd_sc_hd__mux2_1)
                                                         _068_ (net)
                      0.112792    0.000179    6.160954 v _141_/B (sky130_fd_sc_hd__or2_2)
     1    0.003152    0.112257    0.633769    6.794723 v _141_/X (sky130_fd_sc_hd__or2_2)
                                                         _022_ (net)
                      0.112257    0.000193    6.794916 v _236_/D (sky130_fd_sc_hd__dfxtp_2)
                                              6.794916   data arrival time

                                 20.000000   20.000000   clock clk (rise edge)
                                  0.000000   20.000000   clock source latency
     1    0.015844    0.000000    0.000000   20.000000 ^ clk (in)
                                                         clk (net)
                      0.002072    0.001036   20.001036 ^ clkbuf_0_clk/A (sky130_fd_sc_hd__clkbuf_16)
     4    0.041074    0.095022    0.220718   20.221754 ^ clkbuf_0_clk/X (sky130_fd_sc_hd__clkbuf_16)
                                                         clknet_0_clk (net)
                      0.095095    0.002339   20.224092 ^ clkbuf_2_0__f_clk/A (sky130_fd_sc_hd__clkbuf_16)
     8    0.028800    0.078872    0.244784   20.468878 ^ clkbuf_2_0__f_clk/X (sky130_fd_sc_hd__clkbuf_16)
                                                         clknet_2_0__leaf_clk (net)
                      0.078896    0.001341   20.470219 ^ _236_/CLK (sky130_fd_sc_hd__dfxtp_2)
                                  0.000000   20.470219   clock reconvergence pessimism
                                 -0.289540   20.180679   library setup time
                                             20.180679   data required time
---------------------------------------------------------------------------------------------
                                             20.180679   data required time
                                             -6.794916   data arrival time
---------------------------------------------------------------------------------------------
                                             13.385763   slack (MET)




===========================================================================
report_checks --slack_max -0.01
============================================================================
======================= max_ss_100C_1v60 Corner ===================================

No paths found.


===========================================================================
 report_check_types -max_slew -max_cap -max_fanout -violators
============================================================================
======================= max_ss_100C_1v60 Corner ===================================



===========================================================================
report_parasitic_annotation -report_unannotated
============================================================================
Found 3 unannotated drivers.
 clkload0/X
 clkload1/X
 clkload2/X
Found 0 partially unannotated drivers.

===========================================================================
max slew violation count 0
%OL_METRIC_I design__max_slew_violation__count__corner:max_ss_100C_1v60 0
max fanout violation count 0
%OL_METRIC_I design__max_fanout_violation__count__corner:max_ss_100C_1v60 0
max cap violation count 0
%OL_METRIC_I design__max_cap_violation__count__corner:max_ss_100C_1v60 0
============================================================================

===========================================================================
check_setup -verbose -unconstrained_endpoints -multiple_clock -no_clock -no_input_delay -loops -generated_clocks
===========================================================================
%OL_END_REPORT
%OL_CREATE_REPORT power.rpt

===========================================================================
 report_power
============================================================================
======================= max_ss_100C_1v60 Corner ===================================

Group                    Internal    Switching      Leakage        Total
                            Power        Power        Power        Power (Watts)
------------------------------------------------------------------------
Sequential           4.919895e-05 9.412607e-07 4.540718e-07 5.059428e-05  41.1%
Combinational        4.879893e-06 3.458226e-06 5.296699e-07 8.867789e-06   7.2%
Clock                4.418569e-05 1.923844e-05 1.245255e-07 6.354866e-05  51.7%
Macro                0.000000e+00 0.000000e+00 0.000000e+00 0.000000e+00   0.0%
Pad                  0.000000e+00 0.000000e+00 0.000000e+00 0.000000e+00   0.0%
------------------------------------------------------------------------
Total                9.826455e-05 2.363793e-05 1.108267e-06 1.230108e-04 100.0%
                            79.9%        19.2%         0.9%
%OL_METRIC_F power__internal__total 9.826455061556771e-5
%OL_METRIC_F power__switching__total 2.3637931008124724e-5
%OL_METRIC_F power__leakage__total 1.1082672699558316e-6
%OL_METRIC_F power__total 0.00012301075912546366

%OL_END_REPORT
%OL_CREATE_REPORT skew.min.rpt

===========================================================================
Clock Skew (Hold)
============================================================================
%OL_METRIC_F clock__skew__worst_hold__corner:max_ss_100C_1v60 -0.005141665017060242
======================= max_ss_100C_1v60 Corner ===================================

Clock clk
0.466229 source latency _232_/CLK ^
-0.471371 target latency _237_/CLK ^
0.000000 CRPR
--------------
-0.005142 hold skew

%OL_END_REPORT
%OL_CREATE_REPORT skew.max.rpt

===========================================================================
Clock Skew (Setup)
============================================================================
%OL_METRIC_F clock__skew__worst_setup__corner:max_ss_100C_1v60 -0.005141665017060242
======================= max_ss_100C_1v60 Corner ===================================

Clock clk
0.466229 source latency _232_/CLK ^
-0.471371 target latency _237_/CLK ^
0.000000 CRPR
--------------
-0.005142 setup skew

%OL_END_REPORT
%OL_CREATE_REPORT ws.min.rpt

===========================================================================
Worst Slack (Hold)
============================================================================
%OL_METRIC_F timing__hold__ws__corner:max_ss_100C_1v60 0.9553040850990413
max_ss_100C_1v60: 0.9553040850990413
%OL_END_REPORT
%OL_CREATE_REPORT ws.max.rpt

===========================================================================
Worst Slack (Setup)
============================================================================
%OL_METRIC_F timing__setup__ws__corner:max_ss_100C_1v60 13.385763099049994
max_ss_100C_1v60: 13.385763099049994
%OL_END_REPORT
%OL_CREATE_REPORT tns.min.rpt

===========================================================================
Total Negative Slack (Hold)
============================================================================
%OL_METRIC_F timing__hold__tns__corner:max_ss_100C_1v60 0.0
max_ss_100C_1v60: 0.0
%OL_END_REPORT
%OL_CREATE_REPORT tns.max.rpt

===========================================================================
Total Negative Slack (Setup)
============================================================================
%OL_METRIC_F timing__setup__tns__corner:max_ss_100C_1v60 0.0
max_ss_100C_1v60: 0.0
%OL_END_REPORT
%OL_CREATE_REPORT wns.min.rpt

===========================================================================
Worst Negative Slack (Hold)
============================================================================
%OL_METRIC_F timing__hold__wns__corner:max_ss_100C_1v60 0
max_ss_100C_1v60: 0
%OL_END_REPORT
%OL_CREATE_REPORT wns.max.rpt

===========================================================================
Worst Negative Slack (Setup)
============================================================================
%OL_METRIC_F timing__setup__wns__corner:max_ss_100C_1v60 0.0
max_ss_100C_1v60: 0.0
%OL_END_REPORT
%OL_CREATE_REPORT violator_list.rpt

===========================================================================
Violator List
============================================================================
%OL_METRIC_I timing__hold_vio__count__corner:max_ss_100C_1v60 0
%OL_METRIC_F timing__hold_r2r__ws__corner:max_ss_100C_1v60 0.955304
%OL_METRIC_I timing__hold_r2r_vio__count__corner:max_ss_100C_1v60 0
%OL_METRIC_I timing__setup_vio__count__corner:max_ss_100C_1v60 0
%OL_METRIC_F timing__setup_r2r__ws__corner:max_ss_100C_1v60 13.385763
%OL_METRIC_I timing__setup_r2r_vio__count__corner:max_ss_100C_1v60 0
%OL_END_REPORT
%OL_CREATE_REPORT unpropagated.rpt
%OL_END_REPORT
%OL_CREATE_REPORT clock.rpt
Clock: clk
Sources: clk 
Generated: no
Virtual: yes
Propagated: no
Period: 20.000000

===========================================================================
report_clock_properties
============================================================================
Clock                   Period          Waveform
----------------------------------------------------
clk                  20.000000    0.000000 10.000000

===========================================================================
report_clock_latency
============================================================================
Clock clk
rise -> rise
    min     max
0.000000 0.000000 source latency
0.466229         network latency _232_/CLK
        0.471371 network latency _237_/CLK
---------------
0.466229 0.471371 latency
        0.005142 skew

fall -> fall
    min     max
0.000000 0.000000 source latency
0.514186         network latency _232_/CLK
        0.518456 network latency _237_/CLK
---------------
0.514186 0.518456 latency
        0.004269 skew



===========================================================================
report_clock_min_period
============================================================================
clk period_min = 6.61 fmax = 151.19
%OL_END_REPORT
Writing SDF files for all corners…
Removing Clock latencies before writing libs…
Writing timing models for all corners…
Writing timing models for the max_ss_100C_1v60 corner to /home/gp7871/VLSI_Freelancing/projects/uart_tx_rtl_to_gds/runs/RUN_2026-09-16_17-29-04/55-openroad-stapostpnr/max_ss_100C_1v60/uart_tx__max_ss_100C_1v60.lib…
