
===========================================================================
report_checks -path_delay min (Hold)
============================================================================
======================= min_ff_n40C_1v95 Corner ===================================

Startpoint: _244_ (rising edge-triggered flip-flop clocked by clk)
Endpoint: _244_ (rising edge-triggered flip-flop clocked by clk)
Path Group: clk
Path Type: min

Fanout         Cap        Slew       Delay        Time   Description
---------------------------------------------------------------------------------------------
                                  0.000000    0.000000   clock clk (rise edge)
                                  0.000000    0.000000   clock source latency
     1    0.014561    0.000000    0.000000    0.000000 ^ clk (in)
                                                         clk (net)
                      0.000782    0.000391    0.000391 ^ clkbuf_0_clk/A (sky130_fd_sc_hd__clkbuf_16)
     4    0.039703    0.044854    0.088543    0.088934 ^ clkbuf_0_clk/X (sky130_fd_sc_hd__clkbuf_16)
                                                         clknet_0_clk (net)
                      0.044861    0.000505    0.089439 ^ clkbuf_2_2__f_clk/A (sky130_fd_sc_hd__clkbuf_16)
     9    0.026200    0.035411    0.092744    0.182183 ^ clkbuf_2_2__f_clk/X (sky130_fd_sc_hd__clkbuf_16)
                                                         clknet_2_2__leaf_clk (net)
                      0.035414    0.000324    0.182508 ^ _244_/CLK (sky130_fd_sc_hd__dfxtp_2)
     2    0.006697    0.034062    0.199495    0.382002 ^ _244_/Q (sky130_fd_sc_hd__dfxtp_2)
                                                         tx_shift[9] (net)
                      0.034062    0.000048    0.382051 ^ _163_/A1 (sky130_fd_sc_hd__a21o_2)
     1    0.002496    0.019598    0.063992    0.446042 ^ _163_/X (sky130_fd_sc_hd__a21o_2)
                                                         _030_ (net)
                      0.019598    0.000025    0.446068 ^ _244_/D (sky130_fd_sc_hd__dfxtp_2)
                                              0.446068   data arrival time

                                  0.000000    0.000000   clock clk (rise edge)
                                  0.000000    0.000000   clock source latency
     1    0.014561    0.000000    0.000000    0.000000 ^ clk (in)
                                                         clk (net)
                      0.000782    0.000391    0.000391 ^ clkbuf_0_clk/A (sky130_fd_sc_hd__clkbuf_16)
     4    0.039703    0.044854    0.088543    0.088934 ^ clkbuf_0_clk/X (sky130_fd_sc_hd__clkbuf_16)
                                                         clknet_0_clk (net)
                      0.044861    0.000505    0.089439 ^ clkbuf_2_2__f_clk/A (sky130_fd_sc_hd__clkbuf_16)
     9    0.026200    0.035411    0.092744    0.182183 ^ clkbuf_2_2__f_clk/X (sky130_fd_sc_hd__clkbuf_16)
                                                         clknet_2_2__leaf_clk (net)
                      0.035414    0.000324    0.182508 ^ _244_/CLK (sky130_fd_sc_hd__dfxtp_2)
                                  0.000000    0.182508   clock reconvergence pessimism
                                 -0.016388    0.166119   library hold time
                                              0.166119   data required time
---------------------------------------------------------------------------------------------
                                              0.166119   data required time
                                             -0.446068   data arrival time
---------------------------------------------------------------------------------------------
                                              0.279948   slack (MET)


Startpoint: _229_ (rising edge-triggered flip-flop clocked by clk)
Endpoint: _229_ (rising edge-triggered flip-flop clocked by clk)
Path Group: clk
Path Type: min

Fanout         Cap        Slew       Delay        Time   Description
---------------------------------------------------------------------------------------------
                                  0.000000    0.000000   clock clk (rise edge)
                                  0.000000    0.000000   clock source latency
     1    0.014561    0.000000    0.000000    0.000000 ^ clk (in)
                                                         clk (net)
                      0.000782    0.000391    0.000391 ^ clkbuf_0_clk/A (sky130_fd_sc_hd__clkbuf_16)
     4    0.039703    0.044854    0.088543    0.088934 ^ clkbuf_0_clk/X (sky130_fd_sc_hd__clkbuf_16)
                                                         clknet_0_clk (net)
                      0.044860    0.000468    0.089402 ^ clkbuf_2_1__f_clk/A (sky130_fd_sc_hd__clkbuf_16)
     9    0.026231    0.035431    0.092828    0.182230 ^ clkbuf_2_1__f_clk/X (sky130_fd_sc_hd__clkbuf_16)
                                                         clknet_2_1__leaf_clk (net)
                      0.035431    0.000165    0.182394 ^ _229_/CLK (sky130_fd_sc_hd__dfxtp_2)
     3    0.007525    0.036840    0.201714    0.384108 ^ _229_/Q (sky130_fd_sc_hd__dfxtp_2)
                                                         baud_counter[13] (net)
                      0.036840    0.000050    0.384158 ^ _119_/A1 (sky130_fd_sc_hd__o21ba_2)
     1    0.002468    0.021624    0.078698    0.462856 ^ _119_/X (sky130_fd_sc_hd__o21ba_2)
                                                         _015_ (net)
                      0.021624    0.000024    0.462880 ^ _229_/D (sky130_fd_sc_hd__dfxtp_2)
                                              0.462880   data arrival time

                                  0.000000    0.000000   clock clk (rise edge)
                                  0.000000    0.000000   clock source latency
     1    0.014561    0.000000    0.000000    0.000000 ^ clk (in)
                                                         clk (net)
                      0.000782    0.000391    0.000391 ^ clkbuf_0_clk/A (sky130_fd_sc_hd__clkbuf_16)
     4    0.039703    0.044854    0.088543    0.088934 ^ clkbuf_0_clk/X (sky130_fd_sc_hd__clkbuf_16)
                                                         clknet_0_clk (net)
                      0.044860    0.000468    0.089402 ^ clkbuf_2_1__f_clk/A (sky130_fd_sc_hd__clkbuf_16)
     9    0.026231    0.035431    0.092828    0.182230 ^ clkbuf_2_1__f_clk/X (sky130_fd_sc_hd__clkbuf_16)
                                                         clknet_2_1__leaf_clk (net)
                      0.035431    0.000165    0.182394 ^ _229_/CLK (sky130_fd_sc_hd__dfxtp_2)
                                  0.000000    0.182394   clock reconvergence pessimism
                                 -0.016531    0.165863   library hold time
                                              0.165863   data required time
---------------------------------------------------------------------------------------------
                                              0.165863   data required time
                                             -0.462880   data arrival time
---------------------------------------------------------------------------------------------
                                              0.297017   slack (MET)


Startpoint: _219_ (rising edge-triggered flip-flop clocked by clk)
Endpoint: _219_ (rising edge-triggered flip-flop clocked by clk)
Path Group: clk
Path Type: min

Fanout         Cap        Slew       Delay        Time   Description
---------------------------------------------------------------------------------------------
                                  0.000000    0.000000   clock clk (rise edge)
                                  0.000000    0.000000   clock source latency
     1    0.014561    0.000000    0.000000    0.000000 ^ clk (in)
                                                         clk (net)
                      0.000782    0.000391    0.000391 ^ clkbuf_0_clk/A (sky130_fd_sc_hd__clkbuf_16)
     4    0.039703    0.044854    0.088543    0.088934 ^ clkbuf_0_clk/X (sky130_fd_sc_hd__clkbuf_16)
                                                         clknet_0_clk (net)
                      0.044861    0.000505    0.089439 ^ clkbuf_2_2__f_clk/A (sky130_fd_sc_hd__clkbuf_16)
     9    0.026200    0.035411    0.092744    0.182183 ^ clkbuf_2_2__f_clk/X (sky130_fd_sc_hd__clkbuf_16)
                                                         clknet_2_2__leaf_clk (net)
                      0.035411    0.000151    0.182335 ^ _219_/CLK (sky130_fd_sc_hd__dfxtp_2)
     7    0.026756    0.105482    0.251583    0.433917 ^ _219_/Q (sky130_fd_sc_hd__dfxtp_2)
                                                         baud_counter[3] (net)
                      0.105482    0.000234    0.434151 ^ _199_/A1 (sky130_fd_sc_hd__a21oi_2)
     1    0.002181    0.013295    0.028645    0.462796 v _199_/Y (sky130_fd_sc_hd__a21oi_2)
                                                         _005_ (net)
                      0.013295    0.000020    0.462817 v _219_/D (sky130_fd_sc_hd__dfxtp_2)
                                              0.462817   data arrival time

                                  0.000000    0.000000   clock clk (rise edge)
                                  0.000000    0.000000   clock source latency
     1    0.014561    0.000000    0.000000    0.000000 ^ clk (in)
                                                         clk (net)
                      0.000782    0.000391    0.000391 ^ clkbuf_0_clk/A (sky130_fd_sc_hd__clkbuf_16)
     4    0.039703    0.044854    0.088543    0.088934 ^ clkbuf_0_clk/X (sky130_fd_sc_hd__clkbuf_16)
                                                         clknet_0_clk (net)
                      0.044861    0.000505    0.089439 ^ clkbuf_2_2__f_clk/A (sky130_fd_sc_hd__clkbuf_16)
     9    0.026200    0.035411    0.092744    0.182183 ^ clkbuf_2_2__f_clk/X (sky130_fd_sc_hd__clkbuf_16)
                                                         clknet_2_2__leaf_clk (net)
                      0.035411    0.000151    0.182335 ^ _219_/CLK (sky130_fd_sc_hd__dfxtp_2)
                                  0.000000    0.182335   clock reconvergence pessimism
                                 -0.028334    0.154000   library hold time
                                              0.154000   data required time
---------------------------------------------------------------------------------------------
                                              0.154000   data required time
                                             -0.462817   data arrival time
---------------------------------------------------------------------------------------------
                                              0.308816   slack (MET)


Startpoint: _221_ (rising edge-triggered flip-flop clocked by clk)
Endpoint: _221_ (rising edge-triggered flip-flop clocked by clk)
Path Group: clk
Path Type: min

Fanout         Cap        Slew       Delay        Time   Description
---------------------------------------------------------------------------------------------
                                  0.000000    0.000000   clock clk (rise edge)
                                  0.000000    0.000000   clock source latency
     1    0.014561    0.000000    0.000000    0.000000 ^ clk (in)
                                                         clk (net)
                      0.000782    0.000391    0.000391 ^ clkbuf_0_clk/A (sky130_fd_sc_hd__clkbuf_16)
     4    0.039703    0.044854    0.088543    0.088934 ^ clkbuf_0_clk/X (sky130_fd_sc_hd__clkbuf_16)
                                                         clknet_0_clk (net)
                      0.044860    0.000467    0.089401 ^ clkbuf_2_3__f_clk/A (sky130_fd_sc_hd__clkbuf_16)
     8    0.027941    0.036635    0.093993    0.183393 ^ clkbuf_2_3__f_clk/X (sky130_fd_sc_hd__clkbuf_16)
                                                         clknet_2_3__leaf_clk (net)
                      0.036636    0.000182    0.183576 ^ _221_/CLK (sky130_fd_sc_hd__dfxtp_2)
     4    0.011965    0.052115    0.213889    0.397465 ^ _221_/Q (sky130_fd_sc_hd__dfxtp_2)
                                                         baud_counter[5] (net)
                      0.052115    0.000165    0.397630 ^ _204_/A1 (sky130_fd_sc_hd__o21ba_2)
     1    0.002019    0.019996    0.080018    0.477648 ^ _204_/X (sky130_fd_sc_hd__o21ba_2)
                                                         _007_ (net)
                      0.019996    0.000017    0.477665 ^ _221_/D (sky130_fd_sc_hd__dfxtp_2)
                                              0.477665   data arrival time

                                  0.000000    0.000000   clock clk (rise edge)
                                  0.000000    0.000000   clock source latency
     1    0.014561    0.000000    0.000000    0.000000 ^ clk (in)
                                                         clk (net)
                      0.000782    0.000391    0.000391 ^ clkbuf_0_clk/A (sky130_fd_sc_hd__clkbuf_16)
     4    0.039703    0.044854    0.088543    0.088934 ^ clkbuf_0_clk/X (sky130_fd_sc_hd__clkbuf_16)
                                                         clknet_0_clk (net)
                      0.044860    0.000467    0.089401 ^ clkbuf_2_3__f_clk/A (sky130_fd_sc_hd__clkbuf_16)
     8    0.027941    0.036635    0.093993    0.183393 ^ clkbuf_2_3__f_clk/X (sky130_fd_sc_hd__clkbuf_16)
                                                         clknet_2_3__leaf_clk (net)
                      0.036636    0.000182    0.183576 ^ _221_/CLK (sky130_fd_sc_hd__dfxtp_2)
                                  0.000000    0.183576   clock reconvergence pessimism
                                 -0.016387    0.167188   library hold time
                                              0.167188   data required time
---------------------------------------------------------------------------------------------
                                              0.167188   data required time
                                             -0.477665   data arrival time
---------------------------------------------------------------------------------------------
                                              0.310477   slack (MET)


Startpoint: _234_ (rising edge-triggered flip-flop clocked by clk)
Endpoint: _234_ (rising edge-triggered flip-flop clocked by clk)
Path Group: clk
Path Type: min

Fanout         Cap        Slew       Delay        Time   Description
---------------------------------------------------------------------------------------------
                                  0.000000    0.000000   clock clk (rise edge)
                                  0.000000    0.000000   clock source latency
     1    0.014561    0.000000    0.000000    0.000000 ^ clk (in)
                                                         clk (net)
                      0.000782    0.000391    0.000391 ^ clkbuf_0_clk/A (sky130_fd_sc_hd__clkbuf_16)
     4    0.039703    0.044854    0.088543    0.088934 ^ clkbuf_0_clk/X (sky130_fd_sc_hd__clkbuf_16)
                                                         clknet_0_clk (net)
                      0.044860    0.000467    0.089401 ^ clkbuf_2_3__f_clk/A (sky130_fd_sc_hd__clkbuf_16)
     8    0.027941    0.036635    0.093993    0.183393 ^ clkbuf_2_3__f_clk/X (sky130_fd_sc_hd__clkbuf_16)
                                                         clknet_2_3__leaf_clk (net)
                      0.036636    0.000192    0.183586 ^ _234_/CLK (sky130_fd_sc_hd__dfxtp_2)
     4    0.014275    0.059880    0.220067    0.403652 ^ _234_/Q (sky130_fd_sc_hd__dfxtp_2)
                                                         bit_index[2] (net)
                      0.059880    0.000122    0.403774 ^ _135_/A1 (sky130_fd_sc_hd__o21a_2)
     1    0.002921    0.020015    0.079475    0.483250 ^ _135_/X (sky130_fd_sc_hd__o21a_2)
                                                         _020_ (net)
                      0.020015    0.000037    0.483287 ^ _234_/D (sky130_fd_sc_hd__dfxtp_2)
                                              0.483287   data arrival time

                                  0.000000    0.000000   clock clk (rise edge)
                                  0.000000    0.000000   clock source latency
     1    0.014561    0.000000    0.000000    0.000000 ^ clk (in)
                                                         clk (net)
                      0.000782    0.000391    0.000391 ^ clkbuf_0_clk/A (sky130_fd_sc_hd__clkbuf_16)
     4    0.039703    0.044854    0.088543    0.088934 ^ clkbuf_0_clk/X (sky130_fd_sc_hd__clkbuf_16)
                                                         clknet_0_clk (net)
                      0.044860    0.000467    0.089401 ^ clkbuf_2_3__f_clk/A (sky130_fd_sc_hd__clkbuf_16)
     8    0.027941    0.036635    0.093993    0.183393 ^ clkbuf_2_3__f_clk/X (sky130_fd_sc_hd__clkbuf_16)
                                                         clknet_2_3__leaf_clk (net)
                      0.036636    0.000192    0.183586 ^ _234_/CLK (sky130_fd_sc_hd__dfxtp_2)
                                  0.000000    0.183586   clock reconvergence pessimism
                                 -0.016389    0.167197   library hold time
                                              0.167197   data required time
---------------------------------------------------------------------------------------------
                                              0.167197   data required time
                                             -0.483287   data arrival time
---------------------------------------------------------------------------------------------
                                              0.316090   slack (MET)


Startpoint: _217_ (rising edge-triggered flip-flop clocked by clk)
Endpoint: _217_ (rising edge-triggered flip-flop clocked by clk)
Path Group: clk
Path Type: min

Fanout         Cap        Slew       Delay        Time   Description
---------------------------------------------------------------------------------------------
                                  0.000000    0.000000   clock clk (rise edge)
                                  0.000000    0.000000   clock source latency
     1    0.014561    0.000000    0.000000    0.000000 ^ clk (in)
                                                         clk (net)
                      0.000782    0.000391    0.000391 ^ clkbuf_0_clk/A (sky130_fd_sc_hd__clkbuf_16)
     4    0.039703    0.044854    0.088543    0.088934 ^ clkbuf_0_clk/X (sky130_fd_sc_hd__clkbuf_16)
                                                         clknet_0_clk (net)
                      0.044861    0.000505    0.089439 ^ clkbuf_2_2__f_clk/A (sky130_fd_sc_hd__clkbuf_16)
     9    0.026200    0.035411    0.092744    0.182183 ^ clkbuf_2_2__f_clk/X (sky130_fd_sc_hd__clkbuf_16)
                                                         clknet_2_2__leaf_clk (net)
                      0.035416    0.000391    0.182574 ^ _217_/CLK (sky130_fd_sc_hd__dfxtp_2)
     5    0.015893    0.036092    0.215406    0.397980 v _217_/Q (sky130_fd_sc_hd__dfxtp_2)
                                                         baud_counter[1] (net)
                      0.036092    0.000268    0.398248 v _192_/B1 (sky130_fd_sc_hd__a21oi_2)
     1    0.005334    0.049959    0.054884    0.453132 ^ _192_/Y (sky130_fd_sc_hd__a21oi_2)
                                                         _032_ (net)
                      0.049959    0.000059    0.453191 ^ _194_/A (sky130_fd_sc_hd__nor2_2)
     1    0.002261    0.011583    0.022078    0.475268 v _194_/Y (sky130_fd_sc_hd__nor2_2)
                                                         _003_ (net)
                      0.011583    0.000021    0.475290 v _217_/D (sky130_fd_sc_hd__dfxtp_2)
                                              0.475290   data arrival time

                                  0.000000    0.000000   clock clk (rise edge)
                                  0.000000    0.000000   clock source latency
     1    0.014561    0.000000    0.000000    0.000000 ^ clk (in)
                                                         clk (net)
                      0.000782    0.000391    0.000391 ^ clkbuf_0_clk/A (sky130_fd_sc_hd__clkbuf_16)
     4    0.039703    0.044854    0.088543    0.088934 ^ clkbuf_0_clk/X (sky130_fd_sc_hd__clkbuf_16)
                                                         clknet_0_clk (net)
                      0.044861    0.000505    0.089439 ^ clkbuf_2_2__f_clk/A (sky130_fd_sc_hd__clkbuf_16)
     9    0.026200    0.035411    0.092744    0.182183 ^ clkbuf_2_2__f_clk/X (sky130_fd_sc_hd__clkbuf_16)
                                                         clknet_2_2__leaf_clk (net)
                      0.035416    0.000391    0.182574 ^ _217_/CLK (sky130_fd_sc_hd__dfxtp_2)
                                  0.000000    0.182574   clock reconvergence pessimism
                                 -0.027765    0.154810   library hold time
                                              0.154810   data required time
---------------------------------------------------------------------------------------------
                                              0.154810   data required time
                                             -0.475290   data arrival time
---------------------------------------------------------------------------------------------
                                              0.320480   slack (MET)


Startpoint: _216_ (rising edge-triggered flip-flop clocked by clk)
Endpoint: _216_ (rising edge-triggered flip-flop clocked by clk)
Path Group: clk
Path Type: min

Fanout         Cap        Slew       Delay        Time   Description
---------------------------------------------------------------------------------------------
                                  0.000000    0.000000   clock clk (rise edge)
                                  0.000000    0.000000   clock source latency
     1    0.014561    0.000000    0.000000    0.000000 ^ clk (in)
                                                         clk (net)
                      0.000782    0.000391    0.000391 ^ clkbuf_0_clk/A (sky130_fd_sc_hd__clkbuf_16)
     4    0.039703    0.044854    0.088543    0.088934 ^ clkbuf_0_clk/X (sky130_fd_sc_hd__clkbuf_16)
                                                         clknet_0_clk (net)
                      0.044861    0.000505    0.089439 ^ clkbuf_2_2__f_clk/A (sky130_fd_sc_hd__clkbuf_16)
     9    0.026200    0.035411    0.092744    0.182183 ^ clkbuf_2_2__f_clk/X (sky130_fd_sc_hd__clkbuf_16)
                                                         clknet_2_2__leaf_clk (net)
                      0.035415    0.000387    0.182570 ^ _216_/CLK (sky130_fd_sc_hd__dfxtp_2)
     7    0.029767    0.116481    0.259385    0.441955 ^ _216_/Q (sky130_fd_sc_hd__dfxtp_2)
                                                         baud_counter[0] (net)
                      0.116481    0.000187    0.442142 ^ _190_/A2 (sky130_fd_sc_hd__a21oi_2)
     1    0.002564    0.014337    0.035698    0.477840 v _190_/Y (sky130_fd_sc_hd__a21oi_2)
                                                         _002_ (net)
                      0.014337    0.000029    0.477869 v _216_/D (sky130_fd_sc_hd__dfxtp_2)
                                              0.477869   data arrival time

                                  0.000000    0.000000   clock clk (rise edge)
                                  0.000000    0.000000   clock source latency
     1    0.014561    0.000000    0.000000    0.000000 ^ clk (in)
                                                         clk (net)
                      0.000782    0.000391    0.000391 ^ clkbuf_0_clk/A (sky130_fd_sc_hd__clkbuf_16)
     4    0.039703    0.044854    0.088543    0.088934 ^ clkbuf_0_clk/X (sky130_fd_sc_hd__clkbuf_16)
                                                         clknet_0_clk (net)
                      0.044861    0.000505    0.089439 ^ clkbuf_2_2__f_clk/A (sky130_fd_sc_hd__clkbuf_16)
     9    0.026200    0.035411    0.092744    0.182183 ^ clkbuf_2_2__f_clk/X (sky130_fd_sc_hd__clkbuf_16)
                                                         clknet_2_2__leaf_clk (net)
                      0.035415    0.000387    0.182570 ^ _216_/CLK (sky130_fd_sc_hd__dfxtp_2)
                                  0.000000    0.182570   clock reconvergence pessimism
                                 -0.028681    0.153890   library hold time
                                              0.153890   data required time
---------------------------------------------------------------------------------------------
                                              0.153890   data required time
                                             -0.477869   data arrival time
---------------------------------------------------------------------------------------------
                                              0.323980   slack (MET)


Startpoint: _243_ (rising edge-triggered flip-flop clocked by clk)
Endpoint: _243_ (rising edge-triggered flip-flop clocked by clk)
Path Group: clk
Path Type: min

Fanout         Cap        Slew       Delay        Time   Description
---------------------------------------------------------------------------------------------
                                  0.000000    0.000000   clock clk (rise edge)
                                  0.000000    0.000000   clock source latency
     1    0.014561    0.000000    0.000000    0.000000 ^ clk (in)
                                                         clk (net)
                      0.000782    0.000391    0.000391 ^ clkbuf_0_clk/A (sky130_fd_sc_hd__clkbuf_16)
     4    0.039703    0.044854    0.088543    0.088934 ^ clkbuf_0_clk/X (sky130_fd_sc_hd__clkbuf_16)
                                                         clknet_0_clk (net)
                      0.044861    0.000505    0.089439 ^ clkbuf_2_2__f_clk/A (sky130_fd_sc_hd__clkbuf_16)
     9    0.026200    0.035411    0.092744    0.182183 ^ clkbuf_2_2__f_clk/X (sky130_fd_sc_hd__clkbuf_16)
                                                         clknet_2_2__leaf_clk (net)
                      0.035415    0.000374    0.182557 ^ _243_/CLK (sky130_fd_sc_hd__dfxtp_2)
     2    0.005945    0.031553    0.197480    0.380037 ^ _243_/Q (sky130_fd_sc_hd__dfxtp_2)
                                                         tx_shift[8] (net)
                      0.031553    0.000067    0.380104 ^ _161_/B2 (sky130_fd_sc_hd__a32o_2)
     1    0.002476    0.023540    0.063447    0.443551 ^ _161_/X (sky130_fd_sc_hd__a32o_2)
                                                         _082_ (net)
                      0.023540    0.000026    0.443577 ^ _162_/B (sky130_fd_sc_hd__or2_2)
     1    0.002294    0.019095    0.056963    0.500541 ^ _162_/X (sky130_fd_sc_hd__or2_2)
                                                         _029_ (net)
                      0.019095    0.000013    0.500553 ^ _243_/D (sky130_fd_sc_hd__dfxtp_2)
                                              0.500553   data arrival time

                                  0.000000    0.000000   clock clk (rise edge)
                                  0.000000    0.000000   clock source latency
     1    0.014561    0.000000    0.000000    0.000000 ^ clk (in)
                                                         clk (net)
                      0.000782    0.000391    0.000391 ^ clkbuf_0_clk/A (sky130_fd_sc_hd__clkbuf_16)
     4    0.039703    0.044854    0.088543    0.088934 ^ clkbuf_0_clk/X (sky130_fd_sc_hd__clkbuf_16)
                                                         clknet_0_clk (net)
                      0.044861    0.000505    0.089439 ^ clkbuf_2_2__f_clk/A (sky130_fd_sc_hd__clkbuf_16)
     9    0.026200    0.035411    0.092744    0.182183 ^ clkbuf_2_2__f_clk/X (sky130_fd_sc_hd__clkbuf_16)
                                                         clknet_2_2__leaf_clk (net)
                      0.035415    0.000374    0.182557 ^ _243_/CLK (sky130_fd_sc_hd__dfxtp_2)
                                  0.000000    0.182557   clock reconvergence pessimism
                                 -0.016353    0.166204   library hold time
                                              0.166204   data required time
---------------------------------------------------------------------------------------------
                                              0.166204   data required time
                                             -0.500553   data arrival time
---------------------------------------------------------------------------------------------
                                              0.334349   slack (MET)


Startpoint: _239_ (rising edge-triggered flip-flop clocked by clk)
Endpoint: _239_ (rising edge-triggered flip-flop clocked by clk)
Path Group: clk
Path Type: min

Fanout         Cap        Slew       Delay        Time   Description
---------------------------------------------------------------------------------------------
                                  0.000000    0.000000   clock clk (rise edge)
                                  0.000000    0.000000   clock source latency
     1    0.014561    0.000000    0.000000    0.000000 ^ clk (in)
                                                         clk (net)
                      0.000782    0.000391    0.000391 ^ clkbuf_0_clk/A (sky130_fd_sc_hd__clkbuf_16)
     4    0.039703    0.044854    0.088543    0.088934 ^ clkbuf_0_clk/X (sky130_fd_sc_hd__clkbuf_16)
                                                         clknet_0_clk (net)
                      0.044861    0.000497    0.089431 ^ clkbuf_2_0__f_clk/A (sky130_fd_sc_hd__clkbuf_16)
     8    0.028199    0.036828    0.094018    0.183450 ^ clkbuf_2_0__f_clk/X (sky130_fd_sc_hd__clkbuf_16)
                                                         clknet_2_0__leaf_clk (net)
                      0.036843    0.000670    0.184120 ^ _239_/CLK (sky130_fd_sc_hd__dfxtp_2)
     2    0.005268    0.029336    0.196112    0.380232 ^ _239_/Q (sky130_fd_sc_hd__dfxtp_2)
                                                         tx_shift[4] (net)
                      0.029336    0.000051    0.380283 ^ _149_/A1 (sky130_fd_sc_hd__mux2_1)
     1    0.001945    0.023946    0.067916    0.448199 ^ _149_/X (sky130_fd_sc_hd__mux2_1)
                                                         _074_ (net)
                      0.023946    0.000017    0.448216 ^ _150_/B (sky130_fd_sc_hd__or2_2)
     1    0.002119    0.018541    0.056537    0.504753 ^ _150_/X (sky130_fd_sc_hd__or2_2)
                                                         _025_ (net)
                      0.018541    0.000019    0.504772 ^ _239_/D (sky130_fd_sc_hd__dfxtp_2)
                                              0.504772   data arrival time

                                  0.000000    0.000000   clock clk (rise edge)
                                  0.000000    0.000000   clock source latency
     1    0.014561    0.000000    0.000000    0.000000 ^ clk (in)
                                                         clk (net)
                      0.000782    0.000391    0.000391 ^ clkbuf_0_clk/A (sky130_fd_sc_hd__clkbuf_16)
     4    0.039703    0.044854    0.088543    0.088934 ^ clkbuf_0_clk/X (sky130_fd_sc_hd__clkbuf_16)
                                                         clknet_0_clk (net)
                      0.044861    0.000497    0.089431 ^ clkbuf_2_0__f_clk/A (sky130_fd_sc_hd__clkbuf_16)
     8    0.028199    0.036828    0.094018    0.183450 ^ clkbuf_2_0__f_clk/X (sky130_fd_sc_hd__clkbuf_16)
                                                         clknet_2_0__leaf_clk (net)
                      0.036843    0.000670    0.184120 ^ _239_/CLK (sky130_fd_sc_hd__dfxtp_2)
                                  0.000000    0.184120   clock reconvergence pessimism
                                 -0.016280    0.167840   library hold time
                                              0.167840   data required time
---------------------------------------------------------------------------------------------
                                              0.167840   data required time
                                             -0.504772   data arrival time
---------------------------------------------------------------------------------------------
                                              0.336932   slack (MET)


Startpoint: _242_ (rising edge-triggered flip-flop clocked by clk)
Endpoint: _242_ (rising edge-triggered flip-flop clocked by clk)
Path Group: clk
Path Type: min

Fanout         Cap        Slew       Delay        Time   Description
---------------------------------------------------------------------------------------------
                                  0.000000    0.000000   clock clk (rise edge)
                                  0.000000    0.000000   clock source latency
     1    0.014561    0.000000    0.000000    0.000000 ^ clk (in)
                                                         clk (net)
                      0.000782    0.000391    0.000391 ^ clkbuf_0_clk/A (sky130_fd_sc_hd__clkbuf_16)
     4    0.039703    0.044854    0.088543    0.088934 ^ clkbuf_0_clk/X (sky130_fd_sc_hd__clkbuf_16)
                                                         clknet_0_clk (net)
                      0.044861    0.000497    0.089431 ^ clkbuf_2_0__f_clk/A (sky130_fd_sc_hd__clkbuf_16)
     8    0.028199    0.036828    0.094018    0.183450 ^ clkbuf_2_0__f_clk/X (sky130_fd_sc_hd__clkbuf_16)
                                                         clknet_2_0__leaf_clk (net)
                      0.036837    0.000536    0.183985 ^ _242_/CLK (sky130_fd_sc_hd__dfxtp_2)
     2    0.004749    0.027667    0.194728    0.378713 ^ _242_/Q (sky130_fd_sc_hd__dfxtp_2)
                                                         tx_shift[7] (net)
                      0.027667    0.000041    0.378755 ^ _158_/A1 (sky130_fd_sc_hd__mux2_1)
     1    0.002216    0.025431    0.068843    0.447597 ^ _158_/X (sky130_fd_sc_hd__mux2_1)
                                                         _080_ (net)
                      0.025431    0.000021    0.447619 ^ _159_/B (sky130_fd_sc_hd__or2_2)
     1    0.002225    0.018882    0.057335    0.504954 ^ _159_/X (sky130_fd_sc_hd__or2_2)
                                                         _028_ (net)
                      0.018882    0.000013    0.504967 ^ _242_/D (sky130_fd_sc_hd__dfxtp_2)
                                              0.504967   data arrival time

                                  0.000000    0.000000   clock clk (rise edge)
                                  0.000000    0.000000   clock source latency
     1    0.014561    0.000000    0.000000    0.000000 ^ clk (in)
                                                         clk (net)
                      0.000782    0.000391    0.000391 ^ clkbuf_0_clk/A (sky130_fd_sc_hd__clkbuf_16)
     4    0.039703    0.044854    0.088543    0.088934 ^ clkbuf_0_clk/X (sky130_fd_sc_hd__clkbuf_16)
                                                         clknet_0_clk (net)
                      0.044861    0.000497    0.089431 ^ clkbuf_2_0__f_clk/A (sky130_fd_sc_hd__clkbuf_16)
     8    0.028199    0.036828    0.094018    0.183450 ^ clkbuf_2_0__f_clk/X (sky130_fd_sc_hd__clkbuf_16)
                                                         clknet_2_0__leaf_clk (net)
                      0.036837    0.000536    0.183985 ^ _242_/CLK (sky130_fd_sc_hd__dfxtp_2)
                                  0.000000    0.183985   clock reconvergence pessimism
                                 -0.016304    0.167682   library hold time
                                              0.167682   data required time
---------------------------------------------------------------------------------------------
                                              0.167682   data required time
                                             -0.504967   data arrival time
---------------------------------------------------------------------------------------------
                                              0.337285   slack (MET)


Startpoint: _240_ (rising edge-triggered flip-flop clocked by clk)
Endpoint: _240_ (rising edge-triggered flip-flop clocked by clk)
Path Group: clk
Path Type: min

Fanout         Cap        Slew       Delay        Time   Description
---------------------------------------------------------------------------------------------
                                  0.000000    0.000000   clock clk (rise edge)
                                  0.000000    0.000000   clock source latency
     1    0.014561    0.000000    0.000000    0.000000 ^ clk (in)
                                                         clk (net)
                      0.000782    0.000391    0.000391 ^ clkbuf_0_clk/A (sky130_fd_sc_hd__clkbuf_16)
     4    0.039703    0.044854    0.088543    0.088934 ^ clkbuf_0_clk/X (sky130_fd_sc_hd__clkbuf_16)
                                                         clknet_0_clk (net)
                      0.044861    0.000497    0.089431 ^ clkbuf_2_0__f_clk/A (sky130_fd_sc_hd__clkbuf_16)
     8    0.028199    0.036828    0.094018    0.183450 ^ clkbuf_2_0__f_clk/X (sky130_fd_sc_hd__clkbuf_16)
                                                         clknet_2_0__leaf_clk (net)
                      0.036841    0.000622    0.184071 ^ _240_/CLK (sky130_fd_sc_hd__dfxtp_2)
     2    0.004844    0.027972    0.194984    0.379055 ^ _240_/Q (sky130_fd_sc_hd__dfxtp_2)
                                                         tx_shift[5] (net)
                      0.027972    0.000033    0.379088 ^ _152_/A1 (sky130_fd_sc_hd__mux2_1)
     1    0.002253    0.025630    0.069116    0.448203 ^ _152_/X (sky130_fd_sc_hd__mux2_1)
                                                         _076_ (net)
                      0.025630    0.000024    0.448227 ^ _153_/B (sky130_fd_sc_hd__or2_2)
     1    0.002174    0.018719    0.057233    0.505461 ^ _153_/X (sky130_fd_sc_hd__or2_2)
                                                         _026_ (net)
                      0.018719    0.000020    0.505481 ^ _240_/D (sky130_fd_sc_hd__dfxtp_2)
                                              0.505481   data arrival time

                                  0.000000    0.000000   clock clk (rise edge)
                                  0.000000    0.000000   clock source latency
     1    0.014561    0.000000    0.000000    0.000000 ^ clk (in)
                                                         clk (net)
                      0.000782    0.000391    0.000391 ^ clkbuf_0_clk/A (sky130_fd_sc_hd__clkbuf_16)
     4    0.039703    0.044854    0.088543    0.088934 ^ clkbuf_0_clk/X (sky130_fd_sc_hd__clkbuf_16)
                                                         clknet_0_clk (net)
                      0.044861    0.000497    0.089431 ^ clkbuf_2_0__f_clk/A (sky130_fd_sc_hd__clkbuf_16)
     8    0.028199    0.036828    0.094018    0.183450 ^ clkbuf_2_0__f_clk/X (sky130_fd_sc_hd__clkbuf_16)
                                                         clknet_2_0__leaf_clk (net)
                      0.036841    0.000622    0.184071 ^ _240_/CLK (sky130_fd_sc_hd__dfxtp_2)
                                  0.000000    0.184071   clock reconvergence pessimism
                                 -0.016292    0.167779   library hold time
                                              0.167779   data required time
---------------------------------------------------------------------------------------------
                                              0.167779   data required time
                                             -0.505481   data arrival time
---------------------------------------------------------------------------------------------
                                              0.337702   slack (MET)


Startpoint: _241_ (rising edge-triggered flip-flop clocked by clk)
Endpoint: _241_ (rising edge-triggered flip-flop clocked by clk)
Path Group: clk
Path Type: min

Fanout         Cap        Slew       Delay        Time   Description
---------------------------------------------------------------------------------------------
                                  0.000000    0.000000   clock clk (rise edge)
                                  0.000000    0.000000   clock source latency
     1    0.014561    0.000000    0.000000    0.000000 ^ clk (in)
                                                         clk (net)
                      0.000782    0.000391    0.000391 ^ clkbuf_0_clk/A (sky130_fd_sc_hd__clkbuf_16)
     4    0.039703    0.044854    0.088543    0.088934 ^ clkbuf_0_clk/X (sky130_fd_sc_hd__clkbuf_16)
                                                         clknet_0_clk (net)
                      0.044861    0.000497    0.089431 ^ clkbuf_2_0__f_clk/A (sky130_fd_sc_hd__clkbuf_16)
     8    0.028199    0.036828    0.094018    0.183450 ^ clkbuf_2_0__f_clk/X (sky130_fd_sc_hd__clkbuf_16)
                                                         clknet_2_0__leaf_clk (net)
                      0.036835    0.000479    0.183929 ^ _241_/CLK (sky130_fd_sc_hd__dfxtp_2)
     2    0.004983    0.028418    0.195352    0.379281 ^ _241_/Q (sky130_fd_sc_hd__dfxtp_2)
                                                         tx_shift[6] (net)
                      0.028418    0.000036    0.379317 ^ _155_/A1 (sky130_fd_sc_hd__mux2_1)
     1    0.002190    0.025285    0.068917    0.448233 ^ _155_/X (sky130_fd_sc_hd__mux2_1)
                                                         _078_ (net)
                      0.025285    0.000020    0.448253 ^ _156_/B (sky130_fd_sc_hd__or2_2)
     1    0.002382    0.019380    0.057784    0.506038 ^ _156_/X (sky130_fd_sc_hd__or2_2)
                                                         _027_ (net)
                      0.019380    0.000014    0.506052 ^ _241_/D (sky130_fd_sc_hd__dfxtp_2)
                                              0.506052   data arrival time

                                  0.000000    0.000000   clock clk (rise edge)
                                  0.000000    0.000000   clock source latency
     1    0.014561    0.000000    0.000000    0.000000 ^ clk (in)
                                                         clk (net)
                      0.000782    0.000391    0.000391 ^ clkbuf_0_clk/A (sky130_fd_sc_hd__clkbuf_16)
     4    0.039703    0.044854    0.088543    0.088934 ^ clkbuf_0_clk/X (sky130_fd_sc_hd__clkbuf_16)
                                                         clknet_0_clk (net)
                      0.044861    0.000497    0.089431 ^ clkbuf_2_0__f_clk/A (sky130_fd_sc_hd__clkbuf_16)
     8    0.028199    0.036828    0.094018    0.183450 ^ clkbuf_2_0__f_clk/X (sky130_fd_sc_hd__clkbuf_16)
                                                         clknet_2_0__leaf_clk (net)
                      0.036835    0.000479    0.183929 ^ _241_/CLK (sky130_fd_sc_hd__dfxtp_2)
                                  0.000000    0.183929   clock reconvergence pessimism
                                 -0.016339    0.167590   library hold time
                                              0.167590   data required time
---------------------------------------------------------------------------------------------
                                              0.167590   data required time
                                             -0.506052   data arrival time
---------------------------------------------------------------------------------------------
                                              0.338462   slack (MET)


Startpoint: _236_ (rising edge-triggered flip-flop clocked by clk)
Endpoint: _214_ (rising edge-triggered flip-flop clocked by clk)
Path Group: clk
Path Type: min

Fanout         Cap        Slew       Delay        Time   Description
---------------------------------------------------------------------------------------------
                                  0.000000    0.000000   clock clk (rise edge)
                                  0.000000    0.000000   clock source latency
     1    0.014561    0.000000    0.000000    0.000000 ^ clk (in)
                                                         clk (net)
                      0.000782    0.000391    0.000391 ^ clkbuf_0_clk/A (sky130_fd_sc_hd__clkbuf_16)
     4    0.039703    0.044854    0.088543    0.088934 ^ clkbuf_0_clk/X (sky130_fd_sc_hd__clkbuf_16)
                                                         clknet_0_clk (net)
                      0.044861    0.000497    0.089431 ^ clkbuf_2_0__f_clk/A (sky130_fd_sc_hd__clkbuf_16)
     8    0.028199    0.036828    0.094018    0.183450 ^ clkbuf_2_0__f_clk/X (sky130_fd_sc_hd__clkbuf_16)
                                                         clknet_2_0__leaf_clk (net)
                      0.036829    0.000251    0.183701 ^ _236_/CLK (sky130_fd_sc_hd__dfxtp_2)
     2    0.004447    0.026702    0.193812    0.377513 ^ _236_/Q (sky130_fd_sc_hd__dfxtp_2)
                                                         tx_shift[1] (net)
                      0.026702    0.000035    0.377549 ^ _183_/A (sky130_fd_sc_hd__or2_2)
     1    0.003503    0.023144    0.063506    0.441054 ^ _183_/X (sky130_fd_sc_hd__or2_2)
                                                         _102_ (net)
                      0.023144    0.000027    0.441081 ^ _184_/A2 (sky130_fd_sc_hd__a211o_2)
     1    0.002141    0.015570    0.065953    0.507034 ^ _184_/X (sky130_fd_sc_hd__a211o_2)
                                                         _000_ (net)
                      0.015570    0.000019    0.507053 ^ _214_/D (sky130_fd_sc_hd__dfxtp_2)
                                              0.507053   data arrival time

                                  0.000000    0.000000   clock clk (rise edge)
                                  0.000000    0.000000   clock source latency
     1    0.014561    0.000000    0.000000    0.000000 ^ clk (in)
                                                         clk (net)
                      0.000782    0.000391    0.000391 ^ clkbuf_0_clk/A (sky130_fd_sc_hd__clkbuf_16)
     4    0.039703    0.044854    0.088543    0.088934 ^ clkbuf_0_clk/X (sky130_fd_sc_hd__clkbuf_16)
                                                         clknet_0_clk (net)
                      0.044861    0.000497    0.089431 ^ clkbuf_2_0__f_clk/A (sky130_fd_sc_hd__clkbuf_16)
     8    0.028199    0.036828    0.094018    0.183450 ^ clkbuf_2_0__f_clk/X (sky130_fd_sc_hd__clkbuf_16)
                                                         clknet_2_0__leaf_clk (net)
                      0.036829    0.000266    0.183715 ^ _214_/CLK (sky130_fd_sc_hd__dfxtp_2)
                                  0.000000    0.183715   clock reconvergence pessimism
                                 -0.016070    0.167645   library hold time
                                              0.167645   data required time
---------------------------------------------------------------------------------------------
                                              0.167645   data required time
                                             -0.507053   data arrival time
---------------------------------------------------------------------------------------------
                                              0.339408   slack (MET)


Startpoint: _238_ (rising edge-triggered flip-flop clocked by clk)
Endpoint: _238_ (rising edge-triggered flip-flop clocked by clk)
Path Group: clk
Path Type: min

Fanout         Cap        Slew       Delay        Time   Description
---------------------------------------------------------------------------------------------
                                  0.000000    0.000000   clock clk (rise edge)
                                  0.000000    0.000000   clock source latency
     1    0.014561    0.000000    0.000000    0.000000 ^ clk (in)
                                                         clk (net)
                      0.000782    0.000391    0.000391 ^ clkbuf_0_clk/A (sky130_fd_sc_hd__clkbuf_16)
     4    0.039703    0.044854    0.088543    0.088934 ^ clkbuf_0_clk/X (sky130_fd_sc_hd__clkbuf_16)
                                                         clknet_0_clk (net)
                      0.044860    0.000468    0.089402 ^ clkbuf_2_1__f_clk/A (sky130_fd_sc_hd__clkbuf_16)
     9    0.026231    0.035431    0.092828    0.182230 ^ clkbuf_2_1__f_clk/X (sky130_fd_sc_hd__clkbuf_16)
                                                         clknet_2_1__leaf_clk (net)
                      0.035432    0.000195    0.182425 ^ _238_/CLK (sky130_fd_sc_hd__dfxtp_2)
     2    0.005106    0.028814    0.195256    0.377681 ^ _238_/Q (sky130_fd_sc_hd__dfxtp_2)
                                                         tx_shift[3] (net)
                      0.028814    0.000054    0.377735 ^ _146_/A1 (sky130_fd_sc_hd__mux2_1)
     1    0.001718    0.022709    0.066611    0.444346 ^ _146_/X (sky130_fd_sc_hd__mux2_1)
                                                         _072_ (net)
                      0.022709    0.000007    0.444353 ^ _147_/B (sky130_fd_sc_hd__or2_2)
     1    0.003924    0.024361    0.061839    0.506192 ^ _147_/X (sky130_fd_sc_hd__or2_2)
                                                         _024_ (net)
                      0.024361    0.000066    0.506258 ^ _238_/D (sky130_fd_sc_hd__dfxtp_2)
                                              0.506258   data arrival time

                                  0.000000    0.000000   clock clk (rise edge)
                                  0.000000    0.000000   clock source latency
     1    0.014561    0.000000    0.000000    0.000000 ^ clk (in)
                                                         clk (net)
                      0.000782    0.000391    0.000391 ^ clkbuf_0_clk/A (sky130_fd_sc_hd__clkbuf_16)
     4    0.039703    0.044854    0.088543    0.088934 ^ clkbuf_0_clk/X (sky130_fd_sc_hd__clkbuf_16)
                                                         clknet_0_clk (net)
                      0.044860    0.000468    0.089402 ^ clkbuf_2_1__f_clk/A (sky130_fd_sc_hd__clkbuf_16)
     9    0.026231    0.035431    0.092828    0.182230 ^ clkbuf_2_1__f_clk/X (sky130_fd_sc_hd__clkbuf_16)
                                                         clknet_2_1__leaf_clk (net)
                      0.035432    0.000195    0.182425 ^ _238_/CLK (sky130_fd_sc_hd__dfxtp_2)
                                  0.000000    0.182425   clock reconvergence pessimism
                                 -0.016725    0.165700   library hold time
                                              0.165700   data required time
---------------------------------------------------------------------------------------------
                                              0.165700   data required time
                                             -0.506258   data arrival time
---------------------------------------------------------------------------------------------
                                              0.340557   slack (MET)


Startpoint: _237_ (rising edge-triggered flip-flop clocked by clk)
Endpoint: _237_ (rising edge-triggered flip-flop clocked by clk)
Path Group: clk
Path Type: min

Fanout         Cap        Slew       Delay        Time   Description
---------------------------------------------------------------------------------------------
                                  0.000000    0.000000   clock clk (rise edge)
                                  0.000000    0.000000   clock source latency
     1    0.014561    0.000000    0.000000    0.000000 ^ clk (in)
                                                         clk (net)
                      0.000782    0.000391    0.000391 ^ clkbuf_0_clk/A (sky130_fd_sc_hd__clkbuf_16)
     4    0.039703    0.044854    0.088543    0.088934 ^ clkbuf_0_clk/X (sky130_fd_sc_hd__clkbuf_16)
                                                         clknet_0_clk (net)
                      0.044861    0.000497    0.089431 ^ clkbuf_2_0__f_clk/A (sky130_fd_sc_hd__clkbuf_16)
     8    0.028199    0.036828    0.094018    0.183450 ^ clkbuf_2_0__f_clk/X (sky130_fd_sc_hd__clkbuf_16)
                                                         clknet_2_0__leaf_clk (net)
                      0.036845    0.000696    0.184146 ^ _237_/CLK (sky130_fd_sc_hd__dfxtp_2)
     2    0.005122    0.028861    0.195720    0.379866 ^ _237_/Q (sky130_fd_sc_hd__dfxtp_2)
                                                         tx_shift[2] (net)
                      0.028861    0.000047    0.379913 ^ _143_/A1 (sky130_fd_sc_hd__mux2_1)
     1    0.002552    0.027282    0.070900    0.450813 ^ _143_/X (sky130_fd_sc_hd__mux2_1)
                                                         _070_ (net)
                      0.027282    0.000017    0.450830 ^ _144_/B (sky130_fd_sc_hd__or2_2)
     1    0.002874    0.020951    0.059948    0.510778 ^ _144_/X (sky130_fd_sc_hd__or2_2)
                                                         _023_ (net)
                      0.020951    0.000032    0.510810 ^ _237_/D (sky130_fd_sc_hd__dfxtp_2)
                                              0.510810   data arrival time

                                  0.000000    0.000000   clock clk (rise edge)
                                  0.000000    0.000000   clock source latency
     1    0.014561    0.000000    0.000000    0.000000 ^ clk (in)
                                                         clk (net)
                      0.000782    0.000391    0.000391 ^ clkbuf_0_clk/A (sky130_fd_sc_hd__clkbuf_16)
     4    0.039703    0.044854    0.088543    0.088934 ^ clkbuf_0_clk/X (sky130_fd_sc_hd__clkbuf_16)
                                                         clknet_0_clk (net)
                      0.044861    0.000497    0.089431 ^ clkbuf_2_0__f_clk/A (sky130_fd_sc_hd__clkbuf_16)
     8    0.028199    0.036828    0.094018    0.183450 ^ clkbuf_2_0__f_clk/X (sky130_fd_sc_hd__clkbuf_16)
                                                         clknet_2_0__leaf_clk (net)
                      0.036845    0.000696    0.184146 ^ _237_/CLK (sky130_fd_sc_hd__dfxtp_2)
                                  0.000000    0.184146   clock reconvergence pessimism
                                 -0.016450    0.167696   library hold time
                                              0.167696   data required time
---------------------------------------------------------------------------------------------
                                              0.167696   data required time
                                             -0.510810   data arrival time
---------------------------------------------------------------------------------------------
                                              0.343114   slack (MET)


Startpoint: _236_ (rising edge-triggered flip-flop clocked by clk)
Endpoint: _236_ (rising edge-triggered flip-flop clocked by clk)
Path Group: clk
Path Type: min

Fanout         Cap        Slew       Delay        Time   Description
---------------------------------------------------------------------------------------------
                                  0.000000    0.000000   clock clk (rise edge)
                                  0.000000    0.000000   clock source latency
     1    0.014561    0.000000    0.000000    0.000000 ^ clk (in)
                                                         clk (net)
                      0.000782    0.000391    0.000391 ^ clkbuf_0_clk/A (sky130_fd_sc_hd__clkbuf_16)
     4    0.039703    0.044854    0.088543    0.088934 ^ clkbuf_0_clk/X (sky130_fd_sc_hd__clkbuf_16)
                                                         clknet_0_clk (net)
                      0.044861    0.000497    0.089431 ^ clkbuf_2_0__f_clk/A (sky130_fd_sc_hd__clkbuf_16)
     8    0.028199    0.036828    0.094018    0.183450 ^ clkbuf_2_0__f_clk/X (sky130_fd_sc_hd__clkbuf_16)
                                                         clknet_2_0__leaf_clk (net)
                      0.036829    0.000251    0.183701 ^ _236_/CLK (sky130_fd_sc_hd__dfxtp_2)
     2    0.004447    0.026702    0.193812    0.377513 ^ _236_/Q (sky130_fd_sc_hd__dfxtp_2)
                                                         tx_shift[1] (net)
                      0.026702    0.000037    0.377550 ^ _140_/A1 (sky130_fd_sc_hd__mux2_1)
     1    0.003018    0.029945    0.072683    0.450233 ^ _140_/X (sky130_fd_sc_hd__mux2_1)
                                                         _068_ (net)
                      0.029945    0.000041    0.450274 ^ _141_/B (sky130_fd_sc_hd__or2_2)
     1    0.003023    0.021433    0.061242    0.511516 ^ _141_/X (sky130_fd_sc_hd__or2_2)
                                                         _022_ (net)
                      0.021433    0.000039    0.511555 ^ _236_/D (sky130_fd_sc_hd__dfxtp_2)
                                              0.511555   data arrival time

                                  0.000000    0.000000   clock clk (rise edge)
                                  0.000000    0.000000   clock source latency
     1    0.014561    0.000000    0.000000    0.000000 ^ clk (in)
                                                         clk (net)
                      0.000782    0.000391    0.000391 ^ clkbuf_0_clk/A (sky130_fd_sc_hd__clkbuf_16)
     4    0.039703    0.044854    0.088543    0.088934 ^ clkbuf_0_clk/X (sky130_fd_sc_hd__clkbuf_16)
                                                         clknet_0_clk (net)
                      0.044861    0.000497    0.089431 ^ clkbuf_2_0__f_clk/A (sky130_fd_sc_hd__clkbuf_16)
     8    0.028199    0.036828    0.094018    0.183450 ^ clkbuf_2_0__f_clk/X (sky130_fd_sc_hd__clkbuf_16)
                                                         clknet_2_0__leaf_clk (net)
                      0.036829    0.000251    0.183701 ^ _236_/CLK (sky130_fd_sc_hd__dfxtp_2)
                                  0.000000    0.183701   clock reconvergence pessimism
                                 -0.016484    0.167216   library hold time
                                              0.167216   data required time
---------------------------------------------------------------------------------------------
                                              0.167216   data required time
                                             -0.511555   data arrival time
---------------------------------------------------------------------------------------------
                                              0.344339   slack (MET)


Startpoint: _231_ (rising edge-triggered flip-flop clocked by clk)
Endpoint: _231_ (rising edge-triggered flip-flop clocked by clk)
Path Group: clk
Path Type: min

Fanout         Cap        Slew       Delay        Time   Description
---------------------------------------------------------------------------------------------
                                  0.000000    0.000000   clock clk (rise edge)
                                  0.000000    0.000000   clock source latency
     1    0.014561    0.000000    0.000000    0.000000 ^ clk (in)
                                                         clk (net)
                      0.000782    0.000391    0.000391 ^ clkbuf_0_clk/A (sky130_fd_sc_hd__clkbuf_16)
     4    0.039703    0.044854    0.088543    0.088934 ^ clkbuf_0_clk/X (sky130_fd_sc_hd__clkbuf_16)
                                                         clknet_0_clk (net)
                      0.044860    0.000468    0.089402 ^ clkbuf_2_1__f_clk/A (sky130_fd_sc_hd__clkbuf_16)
     9    0.026231    0.035431    0.092828    0.182230 ^ clkbuf_2_1__f_clk/X (sky130_fd_sc_hd__clkbuf_16)
                                                         clknet_2_1__leaf_clk (net)
                      0.035431    0.000110    0.182340 ^ _231_/CLK (sky130_fd_sc_hd__dfxtp_2)
     3    0.010454    0.028757    0.206667    0.389006 v _231_/Q (sky130_fd_sc_hd__dfxtp_2)
                                                         baud_counter[15] (net)
                      0.028757    0.000123    0.389129 v _124_/A (sky130_fd_sc_hd__nand4_2)
     1    0.003852    0.031527    0.040675    0.429804 ^ _124_/Y (sky130_fd_sc_hd__nand4_2)
                                                         _057_ (net)
                      0.031527    0.000048    0.429852 ^ _125_/A2 (sky130_fd_sc_hd__o211a_2)
     1    0.002117    0.023415    0.088094    0.517947 ^ _125_/X (sky130_fd_sc_hd__o211a_2)
                                                         _017_ (net)
                      0.023415    0.000019    0.517966 ^ _231_/D (sky130_fd_sc_hd__dfxtp_2)
                                              0.517966   data arrival time

                                  0.000000    0.000000   clock clk (rise edge)
                                  0.000000    0.000000   clock source latency
     1    0.014561    0.000000    0.000000    0.000000 ^ clk (in)
                                                         clk (net)
                      0.000782    0.000391    0.000391 ^ clkbuf_0_clk/A (sky130_fd_sc_hd__clkbuf_16)
     4    0.039703    0.044854    0.088543    0.088934 ^ clkbuf_0_clk/X (sky130_fd_sc_hd__clkbuf_16)
                                                         clknet_0_clk (net)
                      0.044860    0.000468    0.089402 ^ clkbuf_2_1__f_clk/A (sky130_fd_sc_hd__clkbuf_16)
     9    0.026231    0.035431    0.092828    0.182230 ^ clkbuf_2_1__f_clk/X (sky130_fd_sc_hd__clkbuf_16)
                                                         clknet_2_1__leaf_clk (net)
                      0.035431    0.000110    0.182340 ^ _231_/CLK (sky130_fd_sc_hd__dfxtp_2)
                                  0.000000    0.182340   clock reconvergence pessimism
                                 -0.016658    0.165682   library hold time
                                              0.165682   data required time
---------------------------------------------------------------------------------------------
                                              0.165682   data required time
                                             -0.517966   data arrival time
---------------------------------------------------------------------------------------------
                                              0.352284   slack (MET)


Startpoint: _232_ (rising edge-triggered flip-flop clocked by clk)
Endpoint: _232_ (rising edge-triggered flip-flop clocked by clk)
Path Group: clk
Path Type: min

Fanout         Cap        Slew       Delay        Time   Description
---------------------------------------------------------------------------------------------
                                  0.000000    0.000000   clock clk (rise edge)
                                  0.000000    0.000000   clock source latency
     1    0.014561    0.000000    0.000000    0.000000 ^ clk (in)
                                                         clk (net)
                      0.000782    0.000391    0.000391 ^ clkbuf_0_clk/A (sky130_fd_sc_hd__clkbuf_16)
     4    0.039703    0.044854    0.088543    0.088934 ^ clkbuf_0_clk/X (sky130_fd_sc_hd__clkbuf_16)
                                                         clknet_0_clk (net)
                      0.044860    0.000468    0.089402 ^ clkbuf_2_1__f_clk/A (sky130_fd_sc_hd__clkbuf_16)
     9    0.026231    0.035431    0.092828    0.182230 ^ clkbuf_2_1__f_clk/X (sky130_fd_sc_hd__clkbuf_16)
                                                         clknet_2_1__leaf_clk (net)
                      0.035431    0.000080    0.182310 ^ _232_/CLK (sky130_fd_sc_hd__dfxtp_2)
     5    0.024871    0.098595    0.246728    0.429038 ^ _232_/Q (sky130_fd_sc_hd__dfxtp_2)
                                                         bit_index[0] (net)
                      0.098595    0.000278    0.429316 ^ _126_/A (sky130_fd_sc_hd__xnor2_2)
     1    0.004973    0.027772    0.047767    0.477083 v _126_/Y (sky130_fd_sc_hd__xnor2_2)
                                                         _058_ (net)
                      0.027772    0.000056    0.477138 v _127_/B (sky130_fd_sc_hd__nor2_2)
     1    0.002092    0.038362    0.041373    0.518512 ^ _127_/Y (sky130_fd_sc_hd__nor2_2)
                                                         _018_ (net)
                      0.038362    0.000018    0.518530 ^ _232_/D (sky130_fd_sc_hd__dfxtp_2)
                                              0.518530   data arrival time

                                  0.000000    0.000000   clock clk (rise edge)
                                  0.000000    0.000000   clock source latency
     1    0.014561    0.000000    0.000000    0.000000 ^ clk (in)
                                                         clk (net)
                      0.000782    0.000391    0.000391 ^ clkbuf_0_clk/A (sky130_fd_sc_hd__clkbuf_16)
     4    0.039703    0.044854    0.088543    0.088934 ^ clkbuf_0_clk/X (sky130_fd_sc_hd__clkbuf_16)
                                                         clknet_0_clk (net)
                      0.044860    0.000468    0.089402 ^ clkbuf_2_1__f_clk/A (sky130_fd_sc_hd__clkbuf_16)
     9    0.026231    0.035431    0.092828    0.182230 ^ clkbuf_2_1__f_clk/X (sky130_fd_sc_hd__clkbuf_16)
                                                         clknet_2_1__leaf_clk (net)
                      0.035431    0.000080    0.182310 ^ _232_/CLK (sky130_fd_sc_hd__dfxtp_2)
                                  0.000000    0.182310   clock reconvergence pessimism
                                 -0.017715    0.164595   library hold time
                                              0.164595   data required time
---------------------------------------------------------------------------------------------
                                              0.164595   data required time
                                             -0.518530   data arrival time
---------------------------------------------------------------------------------------------
                                              0.353935   slack (MET)


Startpoint: _220_ (rising edge-triggered flip-flop clocked by clk)
Endpoint: _220_ (rising edge-triggered flip-flop clocked by clk)
Path Group: clk
Path Type: min

Fanout         Cap        Slew       Delay        Time   Description
---------------------------------------------------------------------------------------------
                                  0.000000    0.000000   clock clk (rise edge)
                                  0.000000    0.000000   clock source latency
     1    0.014561    0.000000    0.000000    0.000000 ^ clk (in)
                                                         clk (net)
                      0.000782    0.000391    0.000391 ^ clkbuf_0_clk/A (sky130_fd_sc_hd__clkbuf_16)
     4    0.039703    0.044854    0.088543    0.088934 ^ clkbuf_0_clk/X (sky130_fd_sc_hd__clkbuf_16)
                                                         clknet_0_clk (net)
                      0.044860    0.000467    0.089401 ^ clkbuf_2_3__f_clk/A (sky130_fd_sc_hd__clkbuf_16)
     8    0.027941    0.036635    0.093993    0.183393 ^ clkbuf_2_3__f_clk/X (sky130_fd_sc_hd__clkbuf_16)
                                                         clknet_2_3__leaf_clk (net)
                      0.036636    0.000175    0.183568 ^ _220_/CLK (sky130_fd_sc_hd__dfxtp_2)
     4    0.010277    0.046269    0.209421    0.392989 ^ _220_/Q (sky130_fd_sc_hd__dfxtp_2)
                                                         baud_counter[4] (net)
                      0.046269    0.000076    0.393065 ^ _201_/B1 (sky130_fd_sc_hd__a21o_2)
     1    0.001958    0.015728    0.049703    0.442768 ^ _201_/X (sky130_fd_sc_hd__a21o_2)
                                                         _038_ (net)
                      0.015728    0.000017    0.442785 ^ _202_/B (sky130_fd_sc_hd__and3b_2)
     1    0.002134    0.025263    0.088994    0.531779 ^ _202_/X (sky130_fd_sc_hd__and3b_2)
                                                         _006_ (net)
                      0.025263    0.000011    0.531790 ^ _220_/D (sky130_fd_sc_hd__dfxtp_2)
                                              0.531790   data arrival time

                                  0.000000    0.000000   clock clk (rise edge)
                                  0.000000    0.000000   clock source latency
     1    0.014561    0.000000    0.000000    0.000000 ^ clk (in)
                                                         clk (net)
                      0.000782    0.000391    0.000391 ^ clkbuf_0_clk/A (sky130_fd_sc_hd__clkbuf_16)
     4    0.039703    0.044854    0.088543    0.088934 ^ clkbuf_0_clk/X (sky130_fd_sc_hd__clkbuf_16)
                                                         clknet_0_clk (net)
                      0.044860    0.000467    0.089401 ^ clkbuf_2_3__f_clk/A (sky130_fd_sc_hd__clkbuf_16)
     8    0.027941    0.036635    0.093993    0.183393 ^ clkbuf_2_3__f_clk/X (sky130_fd_sc_hd__clkbuf_16)
                                                         clknet_2_3__leaf_clk (net)
                      0.036636    0.000175    0.183568 ^ _220_/CLK (sky130_fd_sc_hd__dfxtp_2)
                                  0.000000    0.183568   clock reconvergence pessimism
                                 -0.016760    0.166808   library hold time
                                              0.166808   data required time
---------------------------------------------------------------------------------------------
                                              0.166808   data required time
                                             -0.531790   data arrival time
---------------------------------------------------------------------------------------------
                                              0.364981   slack (MET)


Startpoint: _222_ (rising edge-triggered flip-flop clocked by clk)
Endpoint: _222_ (rising edge-triggered flip-flop clocked by clk)
Path Group: clk
Path Type: min

Fanout         Cap        Slew       Delay        Time   Description
---------------------------------------------------------------------------------------------
                                  0.000000    0.000000   clock clk (rise edge)
                                  0.000000    0.000000   clock source latency
     1    0.014561    0.000000    0.000000    0.000000 ^ clk (in)
                                                         clk (net)
                      0.000782    0.000391    0.000391 ^ clkbuf_0_clk/A (sky130_fd_sc_hd__clkbuf_16)
     4    0.039703    0.044854    0.088543    0.088934 ^ clkbuf_0_clk/X (sky130_fd_sc_hd__clkbuf_16)
                                                         clknet_0_clk (net)
                      0.044860    0.000467    0.089401 ^ clkbuf_2_3__f_clk/A (sky130_fd_sc_hd__clkbuf_16)
     8    0.027941    0.036635    0.093993    0.183393 ^ clkbuf_2_3__f_clk/X (sky130_fd_sc_hd__clkbuf_16)
                                                         clknet_2_3__leaf_clk (net)
                      0.036635    0.000131    0.183524 ^ _222_/CLK (sky130_fd_sc_hd__dfxtp_2)
     3    0.008119    0.038882    0.203654    0.387179 ^ _222_/Q (sky130_fd_sc_hd__dfxtp_2)
                                                         baud_counter[6] (net)
                      0.038882    0.000065    0.387244 ^ _205_/B1 (sky130_fd_sc_hd__a31o_2)
     1    0.002367    0.019013    0.053317    0.440561 ^ _205_/X (sky130_fd_sc_hd__a31o_2)
                                                         _040_ (net)
                      0.019013    0.000025    0.440586 ^ _207_/C (sky130_fd_sc_hd__and3b_2)
     1    0.002308    0.025850    0.094932    0.535517 ^ _207_/X (sky130_fd_sc_hd__and3b_2)
                                                         _008_ (net)
                      0.025850    0.000022    0.535539 ^ _222_/D (sky130_fd_sc_hd__dfxtp_2)
                                              0.535539   data arrival time

                                  0.000000    0.000000   clock clk (rise edge)
                                  0.000000    0.000000   clock source latency
     1    0.014561    0.000000    0.000000    0.000000 ^ clk (in)
                                                         clk (net)
                      0.000782    0.000391    0.000391 ^ clkbuf_0_clk/A (sky130_fd_sc_hd__clkbuf_16)
     4    0.039703    0.044854    0.088543    0.088934 ^ clkbuf_0_clk/X (sky130_fd_sc_hd__clkbuf_16)
                                                         clknet_0_clk (net)
                      0.044860    0.000467    0.089401 ^ clkbuf_2_3__f_clk/A (sky130_fd_sc_hd__clkbuf_16)
     8    0.027941    0.036635    0.093993    0.183393 ^ clkbuf_2_3__f_clk/X (sky130_fd_sc_hd__clkbuf_16)
                                                         clknet_2_3__leaf_clk (net)
                      0.036635    0.000131    0.183524 ^ _222_/CLK (sky130_fd_sc_hd__dfxtp_2)
                                  0.000000    0.183524   clock reconvergence pessimism
                                 -0.016801    0.166723   library hold time
                                              0.166723   data required time
---------------------------------------------------------------------------------------------
                                              0.166723   data required time
                                             -0.535539   data arrival time
---------------------------------------------------------------------------------------------
                                              0.368816   slack (MET)


Startpoint: _218_ (rising edge-triggered flip-flop clocked by clk)
Endpoint: _218_ (rising edge-triggered flip-flop clocked by clk)
Path Group: clk
Path Type: min

Fanout         Cap        Slew       Delay        Time   Description
---------------------------------------------------------------------------------------------
                                  0.000000    0.000000   clock clk (rise edge)
                                  0.000000    0.000000   clock source latency
     1    0.014561    0.000000    0.000000    0.000000 ^ clk (in)
                                                         clk (net)
                      0.000782    0.000391    0.000391 ^ clkbuf_0_clk/A (sky130_fd_sc_hd__clkbuf_16)
     4    0.039703    0.044854    0.088543    0.088934 ^ clkbuf_0_clk/X (sky130_fd_sc_hd__clkbuf_16)
                                                         clknet_0_clk (net)
                      0.044861    0.000505    0.089439 ^ clkbuf_2_2__f_clk/A (sky130_fd_sc_hd__clkbuf_16)
     9    0.026200    0.035411    0.092744    0.182183 ^ clkbuf_2_2__f_clk/X (sky130_fd_sc_hd__clkbuf_16)
                                                         clknet_2_2__leaf_clk (net)
                      0.035411    0.000134    0.182317 ^ _218_/CLK (sky130_fd_sc_hd__dfxtp_2)
     3    0.008037    0.038604    0.203080    0.385397 ^ _218_/Q (sky130_fd_sc_hd__dfxtp_2)
                                                         baud_counter[2] (net)
                      0.038604    0.000046    0.385443 ^ _195_/B1 (sky130_fd_sc_hd__a31o_2)
     1    0.002785    0.020535    0.054592    0.440035 ^ _195_/X (sky130_fd_sc_hd__a31o_2)
                                                         _034_ (net)
                      0.020535    0.000031    0.440066 ^ _197_/C (sky130_fd_sc_hd__and3b_2)
     1    0.002317    0.025882    0.095295    0.535361 ^ _197_/X (sky130_fd_sc_hd__and3b_2)
                                                         _004_ (net)
                      0.025882    0.000022    0.535383 ^ _218_/D (sky130_fd_sc_hd__dfxtp_2)
                                              0.535383   data arrival time

                                  0.000000    0.000000   clock clk (rise edge)
                                  0.000000    0.000000   clock source latency
     1    0.014561    0.000000    0.000000    0.000000 ^ clk (in)
                                                         clk (net)
                      0.000782    0.000391    0.000391 ^ clkbuf_0_clk/A (sky130_fd_sc_hd__clkbuf_16)
     4    0.039703    0.044854    0.088543    0.088934 ^ clkbuf_0_clk/X (sky130_fd_sc_hd__clkbuf_16)
                                                         clknet_0_clk (net)
                      0.044861    0.000505    0.089439 ^ clkbuf_2_2__f_clk/A (sky130_fd_sc_hd__clkbuf_16)
     9    0.026200    0.035411    0.092744    0.182183 ^ clkbuf_2_2__f_clk/X (sky130_fd_sc_hd__clkbuf_16)
                                                         clknet_2_2__leaf_clk (net)
                      0.035411    0.000134    0.182317 ^ _218_/CLK (sky130_fd_sc_hd__dfxtp_2)
                                  0.000000    0.182317   clock reconvergence pessimism
                                 -0.016833    0.165484   library hold time
                                              0.165484   data required time
---------------------------------------------------------------------------------------------
                                              0.165484   data required time
                                             -0.535383   data arrival time
---------------------------------------------------------------------------------------------
                                              0.369899   slack (MET)


Startpoint: _228_ (rising edge-triggered flip-flop clocked by clk)
Endpoint: _228_ (rising edge-triggered flip-flop clocked by clk)
Path Group: clk
Path Type: min

Fanout         Cap        Slew       Delay        Time   Description
---------------------------------------------------------------------------------------------
                                  0.000000    0.000000   clock clk (rise edge)
                                  0.000000    0.000000   clock source latency
     1    0.014561    0.000000    0.000000    0.000000 ^ clk (in)
                                                         clk (net)
                      0.000782    0.000391    0.000391 ^ clkbuf_0_clk/A (sky130_fd_sc_hd__clkbuf_16)
     4    0.039703    0.044854    0.088543    0.088934 ^ clkbuf_0_clk/X (sky130_fd_sc_hd__clkbuf_16)
                                                         clknet_0_clk (net)
                      0.044860    0.000468    0.089402 ^ clkbuf_2_1__f_clk/A (sky130_fd_sc_hd__clkbuf_16)
     9    0.026231    0.035431    0.092828    0.182230 ^ clkbuf_2_1__f_clk/X (sky130_fd_sc_hd__clkbuf_16)
                                                         clknet_2_1__leaf_clk (net)
                      0.035432    0.000188    0.182418 ^ _228_/CLK (sky130_fd_sc_hd__dfxtp_2)
     4    0.010401    0.046704    0.209371    0.391789 ^ _228_/Q (sky130_fd_sc_hd__dfxtp_2)
                                                         baud_counter[12] (net)
                      0.046704    0.000089    0.391878 ^ _114_/B1 (sky130_fd_sc_hd__a21o_2)
     1    0.002627    0.017832    0.051718    0.443596 ^ _114_/X (sky130_fd_sc_hd__a21o_2)
                                                         _050_ (net)
                      0.017832    0.000028    0.443624 ^ _116_/C (sky130_fd_sc_hd__and3b_2)
     1    0.002171    0.025406    0.094137    0.537761 ^ _116_/X (sky130_fd_sc_hd__and3b_2)
                                                         _014_ (net)
                      0.025406    0.000020    0.537781 ^ _228_/D (sky130_fd_sc_hd__dfxtp_2)
                                              0.537781   data arrival time

                                  0.000000    0.000000   clock clk (rise edge)
                                  0.000000    0.000000   clock source latency
     1    0.014561    0.000000    0.000000    0.000000 ^ clk (in)
                                                         clk (net)
                      0.000782    0.000391    0.000391 ^ clkbuf_0_clk/A (sky130_fd_sc_hd__clkbuf_16)
     4    0.039703    0.044854    0.088543    0.088934 ^ clkbuf_0_clk/X (sky130_fd_sc_hd__clkbuf_16)
                                                         clknet_0_clk (net)
                      0.044860    0.000468    0.089402 ^ clkbuf_2_1__f_clk/A (sky130_fd_sc_hd__clkbuf_16)
     9    0.026231    0.035431    0.092828    0.182230 ^ clkbuf_2_1__f_clk/X (sky130_fd_sc_hd__clkbuf_16)
                                                         clknet_2_1__leaf_clk (net)
                      0.035432    0.000188    0.182418 ^ _228_/CLK (sky130_fd_sc_hd__dfxtp_2)
                                  0.000000    0.182418   clock reconvergence pessimism
                                 -0.016799    0.165620   library hold time
                                              0.165620   data required time
---------------------------------------------------------------------------------------------
                                              0.165620   data required time
                                             -0.537781   data arrival time
---------------------------------------------------------------------------------------------
                                              0.372162   slack (MET)


Startpoint: _230_ (rising edge-triggered flip-flop clocked by clk)
Endpoint: _230_ (rising edge-triggered flip-flop clocked by clk)
Path Group: clk
Path Type: min

Fanout         Cap        Slew       Delay        Time   Description
---------------------------------------------------------------------------------------------
                                  0.000000    0.000000   clock clk (rise edge)
                                  0.000000    0.000000   clock source latency
     1    0.014561    0.000000    0.000000    0.000000 ^ clk (in)
                                                         clk (net)
                      0.000782    0.000391    0.000391 ^ clkbuf_0_clk/A (sky130_fd_sc_hd__clkbuf_16)
     4    0.039703    0.044854    0.088543    0.088934 ^ clkbuf_0_clk/X (sky130_fd_sc_hd__clkbuf_16)
                                                         clknet_0_clk (net)
                      0.044860    0.000468    0.089402 ^ clkbuf_2_1__f_clk/A (sky130_fd_sc_hd__clkbuf_16)
     9    0.026231    0.035431    0.092828    0.182230 ^ clkbuf_2_1__f_clk/X (sky130_fd_sc_hd__clkbuf_16)
                                                         clknet_2_1__leaf_clk (net)
                      0.035431    0.000098    0.182328 ^ _230_/CLK (sky130_fd_sc_hd__dfxtp_2)
     5    0.018801    0.040224    0.219201    0.401529 v _230_/Q (sky130_fd_sc_hd__dfxtp_2)
                                                         baud_counter[14] (net)
                      0.040225    0.000198    0.401727 v _121_/A (sky130_fd_sc_hd__nand4_2)
     1    0.002184    0.026988    0.040733    0.442460 ^ _121_/Y (sky130_fd_sc_hd__nand4_2)
                                                         _055_ (net)
                      0.026988    0.000012    0.442472 ^ _122_/C (sky130_fd_sc_hd__and3_2)
     1    0.002666    0.026820    0.095663    0.538135 ^ _122_/X (sky130_fd_sc_hd__and3_2)
                                                         _016_ (net)
                      0.026820    0.000028    0.538163 ^ _230_/D (sky130_fd_sc_hd__dfxtp_2)
                                              0.538163   data arrival time

                                  0.000000    0.000000   clock clk (rise edge)
                                  0.000000    0.000000   clock source latency
     1    0.014561    0.000000    0.000000    0.000000 ^ clk (in)
                                                         clk (net)
                      0.000782    0.000391    0.000391 ^ clkbuf_0_clk/A (sky130_fd_sc_hd__clkbuf_16)
     4    0.039703    0.044854    0.088543    0.088934 ^ clkbuf_0_clk/X (sky130_fd_sc_hd__clkbuf_16)
                                                         clknet_0_clk (net)
                      0.044860    0.000468    0.089402 ^ clkbuf_2_1__f_clk/A (sky130_fd_sc_hd__clkbuf_16)
     9    0.026231    0.035431    0.092828    0.182230 ^ clkbuf_2_1__f_clk/X (sky130_fd_sc_hd__clkbuf_16)
                                                         clknet_2_1__leaf_clk (net)
                      0.035431    0.000098    0.182328 ^ _230_/CLK (sky130_fd_sc_hd__dfxtp_2)
                                  0.000000    0.182328   clock reconvergence pessimism
                                 -0.016899    0.165430   library hold time
                                              0.165430   data required time
---------------------------------------------------------------------------------------------
                                              0.165430   data required time
                                             -0.538163   data arrival time
---------------------------------------------------------------------------------------------
                                              0.372734   slack (MET)


Startpoint: _224_ (rising edge-triggered flip-flop clocked by clk)
Endpoint: _224_ (rising edge-triggered flip-flop clocked by clk)
Path Group: clk
Path Type: min

Fanout         Cap        Slew       Delay        Time   Description
---------------------------------------------------------------------------------------------
                                  0.000000    0.000000   clock clk (rise edge)
                                  0.000000    0.000000   clock source latency
     1    0.014561    0.000000    0.000000    0.000000 ^ clk (in)
                                                         clk (net)
                      0.000782    0.000391    0.000391 ^ clkbuf_0_clk/A (sky130_fd_sc_hd__clkbuf_16)
     4    0.039703    0.044854    0.088543    0.088934 ^ clkbuf_0_clk/X (sky130_fd_sc_hd__clkbuf_16)
                                                         clknet_0_clk (net)
                      0.044860    0.000467    0.089401 ^ clkbuf_2_3__f_clk/A (sky130_fd_sc_hd__clkbuf_16)
     8    0.027941    0.036635    0.093993    0.183393 ^ clkbuf_2_3__f_clk/X (sky130_fd_sc_hd__clkbuf_16)
                                                         clknet_2_3__leaf_clk (net)
                      0.036635    0.000125    0.183518 ^ _224_/CLK (sky130_fd_sc_hd__dfxtp_2)
     4    0.016804    0.037384    0.216891    0.400409 v _224_/Q (sky130_fd_sc_hd__dfxtp_2)
                                                         baud_counter[8] (net)
                      0.037384    0.000170    0.400578 v _167_/A (sky130_fd_sc_hd__inv_2)
     2    0.008613    0.035116    0.044253    0.444832 ^ _167_/Y (sky130_fd_sc_hd__inv_2)
                                                         _086_ (net)
                      0.035116    0.000057    0.444889 ^ _212_/A1 (sky130_fd_sc_hd__o211a_2)
     1    0.002326    0.024193    0.095298    0.540187 ^ _212_/X (sky130_fd_sc_hd__o211a_2)
                                                         _010_ (net)
                      0.024193    0.000024    0.540211 ^ _224_/D (sky130_fd_sc_hd__dfxtp_2)
                                              0.540211   data arrival time

                                  0.000000    0.000000   clock clk (rise edge)
                                  0.000000    0.000000   clock source latency
     1    0.014561    0.000000    0.000000    0.000000 ^ clk (in)
                                                         clk (net)
                      0.000782    0.000391    0.000391 ^ clkbuf_0_clk/A (sky130_fd_sc_hd__clkbuf_16)
     4    0.039703    0.044854    0.088543    0.088934 ^ clkbuf_0_clk/X (sky130_fd_sc_hd__clkbuf_16)
                                                         clknet_0_clk (net)
                      0.044860    0.000467    0.089401 ^ clkbuf_2_3__f_clk/A (sky130_fd_sc_hd__clkbuf_16)
     8    0.027941    0.036635    0.093993    0.183393 ^ clkbuf_2_3__f_clk/X (sky130_fd_sc_hd__clkbuf_16)
                                                         clknet_2_3__leaf_clk (net)
                      0.036635    0.000125    0.183518 ^ _224_/CLK (sky130_fd_sc_hd__dfxtp_2)
                                  0.000000    0.183518   clock reconvergence pessimism
                                 -0.016684    0.166834   library hold time
                                              0.166834   data required time
---------------------------------------------------------------------------------------------
                                              0.166834   data required time
                                             -0.540211   data arrival time
---------------------------------------------------------------------------------------------
                                              0.373378   slack (MET)


Startpoint: _225_ (rising edge-triggered flip-flop clocked by clk)
Endpoint: _225_ (rising edge-triggered flip-flop clocked by clk)
Path Group: clk
Path Type: min

Fanout         Cap        Slew       Delay        Time   Description
---------------------------------------------------------------------------------------------
                                  0.000000    0.000000   clock clk (rise edge)
                                  0.000000    0.000000   clock source latency
     1    0.014561    0.000000    0.000000    0.000000 ^ clk (in)
                                                         clk (net)
                      0.000782    0.000391    0.000391 ^ clkbuf_0_clk/A (sky130_fd_sc_hd__clkbuf_16)
     4    0.039703    0.044854    0.088543    0.088934 ^ clkbuf_0_clk/X (sky130_fd_sc_hd__clkbuf_16)
                                                         clknet_0_clk (net)
                      0.044860    0.000467    0.089401 ^ clkbuf_2_3__f_clk/A (sky130_fd_sc_hd__clkbuf_16)
     8    0.027941    0.036635    0.093993    0.183393 ^ clkbuf_2_3__f_clk/X (sky130_fd_sc_hd__clkbuf_16)
                                                         clknet_2_3__leaf_clk (net)
                      0.036636    0.000192    0.183586 ^ _225_/CLK (sky130_fd_sc_hd__dfxtp_2)
     4    0.010847    0.048237    0.210924    0.394510 ^ _225_/Q (sky130_fd_sc_hd__dfxtp_2)
                                                         baud_counter[9] (net)
                      0.048237    0.000097    0.394607 ^ _213_/B1 (sky130_fd_sc_hd__a21o_2)
     1    0.002706    0.018104    0.052325    0.446932 ^ _213_/X (sky130_fd_sc_hd__a21o_2)
                                                         _045_ (net)
                      0.018104    0.000032    0.446964 ^ _108_/C (sky130_fd_sc_hd__and3b_2)
     1    0.002102    0.025179    0.093921    0.540885 ^ _108_/X (sky130_fd_sc_hd__and3b_2)
                                                         _011_ (net)
                      0.025179    0.000019    0.540905 ^ _225_/D (sky130_fd_sc_hd__dfxtp_2)
                                              0.540905   data arrival time

                                  0.000000    0.000000   clock clk (rise edge)
                                  0.000000    0.000000   clock source latency
     1    0.014561    0.000000    0.000000    0.000000 ^ clk (in)
                                                         clk (net)
                      0.000782    0.000391    0.000391 ^ clkbuf_0_clk/A (sky130_fd_sc_hd__clkbuf_16)
     4    0.039703    0.044854    0.088543    0.088934 ^ clkbuf_0_clk/X (sky130_fd_sc_hd__clkbuf_16)
                                                         clknet_0_clk (net)
                      0.044860    0.000467    0.089401 ^ clkbuf_2_3__f_clk/A (sky130_fd_sc_hd__clkbuf_16)
     8    0.027941    0.036635    0.093993    0.183393 ^ clkbuf_2_3__f_clk/X (sky130_fd_sc_hd__clkbuf_16)
                                                         clknet_2_3__leaf_clk (net)
                      0.036636    0.000192    0.183586 ^ _225_/CLK (sky130_fd_sc_hd__dfxtp_2)
                                  0.000000    0.183586   clock reconvergence pessimism
                                 -0.016754    0.166832   library hold time
                                              0.166832   data required time
---------------------------------------------------------------------------------------------
                                              0.166832   data required time
                                             -0.540905   data arrival time
---------------------------------------------------------------------------------------------
                                              0.374072   slack (MET)


Startpoint: _227_ (rising edge-triggered flip-flop clocked by clk)
Endpoint: _227_ (rising edge-triggered flip-flop clocked by clk)
Path Group: clk
Path Type: min

Fanout         Cap        Slew       Delay        Time   Description
---------------------------------------------------------------------------------------------
                                  0.000000    0.000000   clock clk (rise edge)
                                  0.000000    0.000000   clock source latency
     1    0.014561    0.000000    0.000000    0.000000 ^ clk (in)
                                                         clk (net)
                      0.000782    0.000391    0.000391 ^ clkbuf_0_clk/A (sky130_fd_sc_hd__clkbuf_16)
     4    0.039703    0.044854    0.088543    0.088934 ^ clkbuf_0_clk/X (sky130_fd_sc_hd__clkbuf_16)
                                                         clknet_0_clk (net)
                      0.044860    0.000468    0.089402 ^ clkbuf_2_1__f_clk/A (sky130_fd_sc_hd__clkbuf_16)
     9    0.026231    0.035431    0.092828    0.182230 ^ clkbuf_2_1__f_clk/X (sky130_fd_sc_hd__clkbuf_16)
                                                         clknet_2_1__leaf_clk (net)
                      0.035431    0.000106    0.182336 ^ _227_/CLK (sky130_fd_sc_hd__dfxtp_2)
    10    0.035323    0.136880    0.273413    0.455749 ^ _227_/Q (sky130_fd_sc_hd__dfxtp_2)
                                                         baud_counter[11] (net)
                      0.136880    0.000354    0.456103 ^ _113_/A1 (sky130_fd_sc_hd__o21ba_2)
     1    0.002346    0.021171    0.093836    0.549939 ^ _113_/X (sky130_fd_sc_hd__o21ba_2)
                                                         _013_ (net)
                      0.021171    0.000022    0.549961 ^ _227_/D (sky130_fd_sc_hd__dfxtp_2)
                                              0.549961   data arrival time

                                  0.000000    0.000000   clock clk (rise edge)
                                  0.000000    0.000000   clock source latency
     1    0.014561    0.000000    0.000000    0.000000 ^ clk (in)
                                                         clk (net)
                      0.000782    0.000391    0.000391 ^ clkbuf_0_clk/A (sky130_fd_sc_hd__clkbuf_16)
     4    0.039703    0.044854    0.088543    0.088934 ^ clkbuf_0_clk/X (sky130_fd_sc_hd__clkbuf_16)
                                                         clknet_0_clk (net)
                      0.044860    0.000468    0.089402 ^ clkbuf_2_1__f_clk/A (sky130_fd_sc_hd__clkbuf_16)
     9    0.026231    0.035431    0.092828    0.182230 ^ clkbuf_2_1__f_clk/X (sky130_fd_sc_hd__clkbuf_16)
                                                         clknet_2_1__leaf_clk (net)
                      0.035431    0.000106    0.182336 ^ _227_/CLK (sky130_fd_sc_hd__dfxtp_2)
                                  0.000000    0.182336   clock reconvergence pessimism
                                 -0.016499    0.165837   library hold time
                                              0.165837   data required time
---------------------------------------------------------------------------------------------
                                              0.165837   data required time
                                             -0.549961   data arrival time
---------------------------------------------------------------------------------------------
                                              0.384125   slack (MET)


Startpoint: _223_ (rising edge-triggered flip-flop clocked by clk)
Endpoint: _223_ (rising edge-triggered flip-flop clocked by clk)
Path Group: clk
Path Type: min

Fanout         Cap        Slew       Delay        Time   Description
---------------------------------------------------------------------------------------------
                                  0.000000    0.000000   clock clk (rise edge)
                                  0.000000    0.000000   clock source latency
     1    0.014561    0.000000    0.000000    0.000000 ^ clk (in)
                                                         clk (net)
                      0.000782    0.000391    0.000391 ^ clkbuf_0_clk/A (sky130_fd_sc_hd__clkbuf_16)
     4    0.039703    0.044854    0.088543    0.088934 ^ clkbuf_0_clk/X (sky130_fd_sc_hd__clkbuf_16)
                                                         clknet_0_clk (net)
                      0.044860    0.000467    0.089401 ^ clkbuf_2_3__f_clk/A (sky130_fd_sc_hd__clkbuf_16)
     8    0.027941    0.036635    0.093993    0.183393 ^ clkbuf_2_3__f_clk/X (sky130_fd_sc_hd__clkbuf_16)
                                                         clknet_2_3__leaf_clk (net)
                      0.036635    0.000115    0.183508 ^ _223_/CLK (sky130_fd_sc_hd__dfxtp_2)
     5    0.017866    0.038905    0.218308    0.401816 v _223_/Q (sky130_fd_sc_hd__dfxtp_2)
                                                         baud_counter[7] (net)
                      0.038905    0.000186    0.402002 v _209_/A (sky130_fd_sc_hd__nand2_2)
     3    0.010724    0.048954    0.056845    0.458847 ^ _209_/Y (sky130_fd_sc_hd__nand2_2)
                                                         _043_ (net)
                      0.048970    0.000128    0.458975 ^ _210_/C (sky130_fd_sc_hd__and3_2)
     1    0.002265    0.025512    0.098288    0.557264 ^ _210_/X (sky130_fd_sc_hd__and3_2)
                                                         _009_ (net)
                      0.025512    0.000012    0.557276 ^ _223_/D (sky130_fd_sc_hd__dfxtp_2)
                                              0.557276   data arrival time

                                  0.000000    0.000000   clock clk (rise edge)
                                  0.000000    0.000000   clock source latency
     1    0.014561    0.000000    0.000000    0.000000 ^ clk (in)
                                                         clk (net)
                      0.000782    0.000391    0.000391 ^ clkbuf_0_clk/A (sky130_fd_sc_hd__clkbuf_16)
     4    0.039703    0.044854    0.088543    0.088934 ^ clkbuf_0_clk/X (sky130_fd_sc_hd__clkbuf_16)
                                                         clknet_0_clk (net)
                      0.044860    0.000467    0.089401 ^ clkbuf_2_3__f_clk/A (sky130_fd_sc_hd__clkbuf_16)
     8    0.027941    0.036635    0.093993    0.183393 ^ clkbuf_2_3__f_clk/X (sky130_fd_sc_hd__clkbuf_16)
                                                         clknet_2_3__leaf_clk (net)
                      0.036635    0.000115    0.183508 ^ _223_/CLK (sky130_fd_sc_hd__dfxtp_2)
                                  0.000000    0.183508   clock reconvergence pessimism
                                 -0.016777    0.166731   library hold time
                                              0.166731   data required time
---------------------------------------------------------------------------------------------
                                              0.166731   data required time
                                             -0.557276   data arrival time
---------------------------------------------------------------------------------------------
                                              0.390545   slack (MET)


Startpoint: _233_ (rising edge-triggered flip-flop clocked by clk)
Endpoint: _233_ (rising edge-triggered flip-flop clocked by clk)
Path Group: clk
Path Type: min

Fanout         Cap        Slew       Delay        Time   Description
---------------------------------------------------------------------------------------------
                                  0.000000    0.000000   clock clk (rise edge)
                                  0.000000    0.000000   clock source latency
     1    0.014561    0.000000    0.000000    0.000000 ^ clk (in)
                                                         clk (net)
                      0.000782    0.000391    0.000391 ^ clkbuf_0_clk/A (sky130_fd_sc_hd__clkbuf_16)
     4    0.039703    0.044854    0.088543    0.088934 ^ clkbuf_0_clk/X (sky130_fd_sc_hd__clkbuf_16)
                                                         clknet_0_clk (net)
                      0.044860    0.000468    0.089402 ^ clkbuf_2_1__f_clk/A (sky130_fd_sc_hd__clkbuf_16)
     9    0.026231    0.035431    0.092828    0.182230 ^ clkbuf_2_1__f_clk/X (sky130_fd_sc_hd__clkbuf_16)
                                                         clknet_2_1__leaf_clk (net)
                      0.035431    0.000119    0.182349 ^ _233_/CLK (sky130_fd_sc_hd__dfxtp_2)
     5    0.016389    0.067600    0.225023    0.407372 ^ _233_/Q (sky130_fd_sc_hd__dfxtp_2)
                                                         bit_index[1] (net)
                      0.067600    0.000189    0.407561 ^ _129_/B1 (sky130_fd_sc_hd__a31o_2)
     1    0.002453    0.019924    0.059218    0.466779 ^ _129_/X (sky130_fd_sc_hd__a31o_2)
                                                         _060_ (net)
                      0.019927    0.000024    0.466803 ^ _131_/C (sky130_fd_sc_hd__and3b_2)
     1    0.003135    0.028545    0.098402    0.565205 ^ _131_/X (sky130_fd_sc_hd__and3b_2)
                                                         _019_ (net)
                      0.028545    0.000042    0.565247 ^ _233_/D (sky130_fd_sc_hd__dfxtp_2)
                                              0.565247   data arrival time

                                  0.000000    0.000000   clock clk (rise edge)
                                  0.000000    0.000000   clock source latency
     1    0.014561    0.000000    0.000000    0.000000 ^ clk (in)
                                                         clk (net)
                      0.000782    0.000391    0.000391 ^ clkbuf_0_clk/A (sky130_fd_sc_hd__clkbuf_16)
     4    0.039703    0.044854    0.088543    0.088934 ^ clkbuf_0_clk/X (sky130_fd_sc_hd__clkbuf_16)
                                                         clknet_0_clk (net)
                      0.044860    0.000468    0.089402 ^ clkbuf_2_1__f_clk/A (sky130_fd_sc_hd__clkbuf_16)
     9    0.026231    0.035431    0.092828    0.182230 ^ clkbuf_2_1__f_clk/X (sky130_fd_sc_hd__clkbuf_16)
                                                         clknet_2_1__leaf_clk (net)
                      0.035431    0.000119    0.182349 ^ _233_/CLK (sky130_fd_sc_hd__dfxtp_2)
                                  0.000000    0.182349   clock reconvergence pessimism
                                 -0.017021    0.165328   library hold time
                                              0.165328   data required time
---------------------------------------------------------------------------------------------
                                              0.165328   data required time
                                             -0.565247   data arrival time
---------------------------------------------------------------------------------------------
                                              0.399919   slack (MET)


Startpoint: _226_ (rising edge-triggered flip-flop clocked by clk)
Endpoint: _226_ (rising edge-triggered flip-flop clocked by clk)
Path Group: clk
Path Type: min

Fanout         Cap        Slew       Delay        Time   Description
---------------------------------------------------------------------------------------------
                                  0.000000    0.000000   clock clk (rise edge)
                                  0.000000    0.000000   clock source latency
     1    0.014561    0.000000    0.000000    0.000000 ^ clk (in)
                                                         clk (net)
                      0.000782    0.000391    0.000391 ^ clkbuf_0_clk/A (sky130_fd_sc_hd__clkbuf_16)
     4    0.039703    0.044854    0.088543    0.088934 ^ clkbuf_0_clk/X (sky130_fd_sc_hd__clkbuf_16)
                                                         clknet_0_clk (net)
                      0.044860    0.000468    0.089402 ^ clkbuf_2_1__f_clk/A (sky130_fd_sc_hd__clkbuf_16)
     9    0.026231    0.035431    0.092828    0.182230 ^ clkbuf_2_1__f_clk/X (sky130_fd_sc_hd__clkbuf_16)
                                                         clknet_2_1__leaf_clk (net)
                      0.035431    0.000110    0.182339 ^ _226_/CLK (sky130_fd_sc_hd__dfxtp_2)
     5    0.014301    0.059981    0.219757    0.402097 ^ _226_/Q (sky130_fd_sc_hd__dfxtp_2)
                                                         baud_counter[10] (net)
                      0.059981    0.000088    0.402185 ^ _109_/A (sky130_fd_sc_hd__or2_2)
     1    0.002525    0.020154    0.070145    0.472330 ^ _109_/X (sky130_fd_sc_hd__or2_2)
                                                         _047_ (net)
                      0.020154    0.000028    0.472358 ^ _111_/C (sky130_fd_sc_hd__and3b_2)
     1    0.002329    0.025923    0.095262    0.567620 ^ _111_/X (sky130_fd_sc_hd__and3b_2)
                                                         _012_ (net)
                      0.025923    0.000023    0.567643 ^ _226_/D (sky130_fd_sc_hd__dfxtp_2)
                                              0.567643   data arrival time

                                  0.000000    0.000000   clock clk (rise edge)
                                  0.000000    0.000000   clock source latency
     1    0.014561    0.000000    0.000000    0.000000 ^ clk (in)
                                                         clk (net)
                      0.000782    0.000391    0.000391 ^ clkbuf_0_clk/A (sky130_fd_sc_hd__clkbuf_16)
     4    0.039703    0.044854    0.088543    0.088934 ^ clkbuf_0_clk/X (sky130_fd_sc_hd__clkbuf_16)
                                                         clknet_0_clk (net)
                      0.044860    0.000468    0.089402 ^ clkbuf_2_1__f_clk/A (sky130_fd_sc_hd__clkbuf_16)
     9    0.026231    0.035431    0.092828    0.182230 ^ clkbuf_2_1__f_clk/X (sky130_fd_sc_hd__clkbuf_16)
                                                         clknet_2_1__leaf_clk (net)
                      0.035431    0.000110    0.182339 ^ _226_/CLK (sky130_fd_sc_hd__dfxtp_2)
                                  0.000000    0.182339   clock reconvergence pessimism
                                 -0.016835    0.165504   library hold time
                                              0.165504   data required time
---------------------------------------------------------------------------------------------
                                              0.165504   data required time
                                             -0.567643   data arrival time
---------------------------------------------------------------------------------------------
                                              0.402139   slack (MET)


Startpoint: _235_ (rising edge-triggered flip-flop clocked by clk)
Endpoint: _235_ (rising edge-triggered flip-flop clocked by clk)
Path Group: clk
Path Type: min

Fanout         Cap        Slew       Delay        Time   Description
---------------------------------------------------------------------------------------------
                                  0.000000    0.000000   clock clk (rise edge)
                                  0.000000    0.000000   clock source latency
     1    0.014561    0.000000    0.000000    0.000000 ^ clk (in)
                                                         clk (net)
                      0.000782    0.000391    0.000391 ^ clkbuf_0_clk/A (sky130_fd_sc_hd__clkbuf_16)
     4    0.039703    0.044854    0.088543    0.088934 ^ clkbuf_0_clk/X (sky130_fd_sc_hd__clkbuf_16)
                                                         clknet_0_clk (net)
                      0.044861    0.000505    0.089439 ^ clkbuf_2_2__f_clk/A (sky130_fd_sc_hd__clkbuf_16)
     9    0.026200    0.035411    0.092744    0.182183 ^ clkbuf_2_2__f_clk/X (sky130_fd_sc_hd__clkbuf_16)
                                                         clknet_2_2__leaf_clk (net)
                      0.035412    0.000237    0.182420 ^ _235_/CLK (sky130_fd_sc_hd__dfxtp_2)
     3    0.013606    0.057697    0.217910    0.400330 ^ _235_/Q (sky130_fd_sc_hd__dfxtp_2)
                                                         bit_index[3] (net)
                      0.057697    0.000135    0.400466 ^ _136_/A (sky130_fd_sc_hd__xor2_2)
     1    0.003071    0.052199    0.074792    0.475258 ^ _136_/X (sky130_fd_sc_hd__xor2_2)
                                                         _065_ (net)
                      0.052199    0.000041    0.475299 ^ _137_/C (sky130_fd_sc_hd__and3_2)
     1    0.002040    0.024738    0.098015    0.573314 ^ _137_/X (sky130_fd_sc_hd__and3_2)
                                                         _021_ (net)
                      0.024738    0.000009    0.573324 ^ _235_/D (sky130_fd_sc_hd__dfxtp_2)
                                              0.573324   data arrival time

                                  0.000000    0.000000   clock clk (rise edge)
                                  0.000000    0.000000   clock source latency
     1    0.014561    0.000000    0.000000    0.000000 ^ clk (in)
                                                         clk (net)
                      0.000782    0.000391    0.000391 ^ clkbuf_0_clk/A (sky130_fd_sc_hd__clkbuf_16)
     4    0.039703    0.044854    0.088543    0.088934 ^ clkbuf_0_clk/X (sky130_fd_sc_hd__clkbuf_16)
                                                         clknet_0_clk (net)
                      0.044861    0.000505    0.089439 ^ clkbuf_2_2__f_clk/A (sky130_fd_sc_hd__clkbuf_16)
     9    0.026200    0.035411    0.092744    0.182183 ^ clkbuf_2_2__f_clk/X (sky130_fd_sc_hd__clkbuf_16)
                                                         clknet_2_2__leaf_clk (net)
                      0.035412    0.000237    0.182420 ^ _235_/CLK (sky130_fd_sc_hd__dfxtp_2)
                                  0.000000    0.182420   clock reconvergence pessimism
                                 -0.016752    0.165669   library hold time
                                              0.165669   data required time
---------------------------------------------------------------------------------------------
                                              0.165669   data required time
                                             -0.573324   data arrival time
---------------------------------------------------------------------------------------------
                                              0.407655   slack (MET)


Startpoint: _215_ (rising edge-triggered flip-flop clocked by clk)
Endpoint: _215_ (rising edge-triggered flip-flop clocked by clk)
Path Group: clk
Path Type: min

Fanout         Cap        Slew       Delay        Time   Description
---------------------------------------------------------------------------------------------
                                  0.000000    0.000000   clock clk (rise edge)
                                  0.000000    0.000000   clock source latency
     1    0.014561    0.000000    0.000000    0.000000 ^ clk (in)
                                                         clk (net)
                      0.000782    0.000391    0.000391 ^ clkbuf_0_clk/A (sky130_fd_sc_hd__clkbuf_16)
     4    0.039703    0.044854    0.088543    0.088934 ^ clkbuf_0_clk/X (sky130_fd_sc_hd__clkbuf_16)
                                                         clknet_0_clk (net)
                      0.044861    0.000505    0.089439 ^ clkbuf_2_2__f_clk/A (sky130_fd_sc_hd__clkbuf_16)
     9    0.026200    0.035411    0.092744    0.182183 ^ clkbuf_2_2__f_clk/X (sky130_fd_sc_hd__clkbuf_16)
                                                         clknet_2_2__leaf_clk (net)
                      0.035412    0.000220    0.182403 ^ _215_/CLK (sky130_fd_sc_hd__dfxtp_2)
     9    0.038325    0.147873    0.281110    0.463514 ^ _215_/Q (sky130_fd_sc_hd__dfxtp_2)
                                                         net11 (net)
                      0.147873    0.000029    0.463543 ^ _186_/A1 (sky130_fd_sc_hd__o211a_2)
     1    0.002906    0.026324    0.111575    0.575117 ^ _186_/X (sky130_fd_sc_hd__o211a_2)
                                                         _001_ (net)
                      0.026324    0.000035    0.575152 ^ _215_/D (sky130_fd_sc_hd__dfxtp_2)
                                              0.575152   data arrival time

                                  0.000000    0.000000   clock clk (rise edge)
                                  0.000000    0.000000   clock source latency
     1    0.014561    0.000000    0.000000    0.000000 ^ clk (in)
                                                         clk (net)
                      0.000782    0.000391    0.000391 ^ clkbuf_0_clk/A (sky130_fd_sc_hd__clkbuf_16)
     4    0.039703    0.044854    0.088543    0.088934 ^ clkbuf_0_clk/X (sky130_fd_sc_hd__clkbuf_16)
                                                         clknet_0_clk (net)
                      0.044861    0.000505    0.089439 ^ clkbuf_2_2__f_clk/A (sky130_fd_sc_hd__clkbuf_16)
     9    0.026200    0.035411    0.092744    0.182183 ^ clkbuf_2_2__f_clk/X (sky130_fd_sc_hd__clkbuf_16)
                                                         clknet_2_2__leaf_clk (net)
                      0.035412    0.000220    0.182403 ^ _215_/CLK (sky130_fd_sc_hd__dfxtp_2)
                                  0.000000    0.182403   clock reconvergence pessimism
                                 -0.016864    0.165539   library hold time
                                              0.165539   data required time
---------------------------------------------------------------------------------------------
                                              0.165539   data required time
                                             -0.575152   data arrival time
---------------------------------------------------------------------------------------------
                                              0.409613   slack (MET)


Startpoint: _214_ (rising edge-triggered flip-flop clocked by clk)
Endpoint: tx (output port clocked by clk)
Path Group: clk
Path Type: min

Fanout         Cap        Slew       Delay        Time   Description
---------------------------------------------------------------------------------------------
                                  0.000000    0.000000   clock clk (rise edge)
                                  0.000000    0.000000   clock source latency
     1    0.014561    0.000000    0.000000    0.000000 ^ clk (in)
                                                         clk (net)
                      0.000782    0.000391    0.000391 ^ clkbuf_0_clk/A (sky130_fd_sc_hd__clkbuf_16)
     4    0.039703    0.044854    0.088543    0.088934 ^ clkbuf_0_clk/X (sky130_fd_sc_hd__clkbuf_16)
                                                         clknet_0_clk (net)
                      0.044861    0.000497    0.089431 ^ clkbuf_2_0__f_clk/A (sky130_fd_sc_hd__clkbuf_16)
     8    0.028199    0.036828    0.094018    0.183450 ^ clkbuf_2_0__f_clk/X (sky130_fd_sc_hd__clkbuf_16)
                                                         clknet_2_0__leaf_clk (net)
                      0.036829    0.000266    0.183715 ^ _214_/CLK (sky130_fd_sc_hd__dfxtp_2)
     2    0.007083    0.023505    0.201182    0.384897 v _214_/Q (sky130_fd_sc_hd__dfxtp_2)
                                                         net12 (net)
                      0.023505    0.000068    0.384965 v output12/A (sky130_fd_sc_hd__clkdlybuf4s25_1)
     1    0.000913    0.019092    0.143977    0.528942 v output12/X (sky130_fd_sc_hd__clkdlybuf4s25_1)
                                                         tx (net)
                      0.019092    0.000003    0.528946 v tx (out)
                                              0.528946   data arrival time

                                  0.000000    0.000000   clock clk (rise edge)
                                  0.000000    0.000000   clock network delay (propagated)
                                  0.000000    0.000000   clock reconvergence pessimism
                                 -2.000000   -2.000000   output external delay
                                             -2.000000   data required time
---------------------------------------------------------------------------------------------
                                             -2.000000   data required time
                                             -0.528946   data arrival time
---------------------------------------------------------------------------------------------
                                              2.528946   slack (MET)


Startpoint: _215_ (rising edge-triggered flip-flop clocked by clk)
Endpoint: busy (output port clocked by clk)
Path Group: clk
Path Type: min

Fanout         Cap        Slew       Delay        Time   Description
---------------------------------------------------------------------------------------------
                                  0.000000    0.000000   clock clk (rise edge)
                                  0.000000    0.000000   clock source latency
     1    0.014561    0.000000    0.000000    0.000000 ^ clk (in)
                                                         clk (net)
                      0.000782    0.000391    0.000391 ^ clkbuf_0_clk/A (sky130_fd_sc_hd__clkbuf_16)
     4    0.039703    0.044854    0.088543    0.088934 ^ clkbuf_0_clk/X (sky130_fd_sc_hd__clkbuf_16)
                                                         clknet_0_clk (net)
                      0.044861    0.000505    0.089439 ^ clkbuf_2_2__f_clk/A (sky130_fd_sc_hd__clkbuf_16)
     9    0.026200    0.035411    0.092744    0.182183 ^ clkbuf_2_2__f_clk/X (sky130_fd_sc_hd__clkbuf_16)
                                                         clknet_2_2__leaf_clk (net)
                      0.035412    0.000220    0.182403 ^ _215_/CLK (sky130_fd_sc_hd__dfxtp_2)
     9    0.035889    0.065470    0.241191    0.423594 v _215_/Q (sky130_fd_sc_hd__dfxtp_2)
                                                         net11 (net)
                      0.065471    0.000370    0.423965 v output11/A (sky130_fd_sc_hd__clkdlybuf4s25_1)
     1    0.000849    0.018744    0.160321    0.584286 v output11/X (sky130_fd_sc_hd__clkdlybuf4s25_1)
                                                         busy (net)
                      0.018744    0.000004    0.584290 v busy (out)
                                              0.584290   data arrival time

                                  0.000000    0.000000   clock clk (rise edge)
                                  0.000000    0.000000   clock network delay (propagated)
                                  0.000000    0.000000   clock reconvergence pessimism
                                 -2.000000   -2.000000   output external delay
                                             -2.000000   data required time
---------------------------------------------------------------------------------------------
                                             -2.000000   data required time
                                             -0.584290   data arrival time
---------------------------------------------------------------------------------------------
                                              2.584290   slack (MET)



