
===========================================================================
report_checks -path_delay min (Hold)
============================================================================
======================= nom_ss_100C_1v60 Corner ===================================

Startpoint: _244_ (rising edge-triggered flip-flop clocked by clk)
Endpoint: _244_ (rising edge-triggered flip-flop clocked by clk)
Path Group: clk
Path Type: min

Fanout         Cap        Slew       Delay        Time   Description
---------------------------------------------------------------------------------------------
                                  0.000000    0.000000   clock clk (rise edge)
                                  0.000000    0.000000   clock source latency
     1    0.015134    0.000000    0.000000    0.000000 ^ clk (in)
                                                         clk (net)
                      0.001178    0.000589    0.000589 ^ clkbuf_0_clk/A (sky130_fd_sc_hd__clkbuf_16)
     4    0.040131    0.094563    0.219765    0.220354 ^ clkbuf_0_clk/X (sky130_fd_sc_hd__clkbuf_16)
                                                         clknet_0_clk (net)
                      0.094574    0.001084    0.221438 ^ clkbuf_2_2__f_clk/A (sky130_fd_sc_hd__clkbuf_16)
     9    0.025156    0.073942    0.240005    0.461443 ^ clkbuf_2_2__f_clk/X (sky130_fd_sc_hd__clkbuf_16)
                                                         clknet_2_2__leaf_clk (net)
                      0.073949    0.000658    0.462101 ^ _244_/CLK (sky130_fd_sc_hd__dfxtp_2)
     2    0.006869    0.080187    0.664360    1.126460 ^ _244_/Q (sky130_fd_sc_hd__dfxtp_2)
                                                         tx_shift[9] (net)
                      0.080187    0.000149    1.126609 ^ _163_/A1 (sky130_fd_sc_hd__a21o_2)
     1    0.002375    0.047935    0.220725    1.347334 ^ _163_/X (sky130_fd_sc_hd__a21o_2)
                                                         _030_ (net)
                      0.047935    0.000070    1.347404 ^ _244_/D (sky130_fd_sc_hd__dfxtp_2)
                                              1.347404   data arrival time

                                  0.000000    0.000000   clock clk (rise edge)
                                  0.000000    0.000000   clock source latency
     1    0.015134    0.000000    0.000000    0.000000 ^ clk (in)
                                                         clk (net)
                      0.001178    0.000589    0.000589 ^ clkbuf_0_clk/A (sky130_fd_sc_hd__clkbuf_16)
     4    0.040131    0.094563    0.219765    0.220354 ^ clkbuf_0_clk/X (sky130_fd_sc_hd__clkbuf_16)
                                                         clknet_0_clk (net)
                      0.094574    0.001084    0.221438 ^ clkbuf_2_2__f_clk/A (sky130_fd_sc_hd__clkbuf_16)
     9    0.025156    0.073942    0.240005    0.461443 ^ clkbuf_2_2__f_clk/X (sky130_fd_sc_hd__clkbuf_16)
                                                         clknet_2_2__leaf_clk (net)
                      0.073949    0.000658    0.462101 ^ _244_/CLK (sky130_fd_sc_hd__dfxtp_2)
                                  0.000000    0.462101   clock reconvergence pessimism
                                 -0.066204    0.395897   library hold time
                                              0.395897   data required time
---------------------------------------------------------------------------------------------
                                              0.395897   data required time
                                             -1.347404   data arrival time
---------------------------------------------------------------------------------------------
                                              0.951507   slack (MET)


Startpoint: _219_ (rising edge-triggered flip-flop clocked by clk)
Endpoint: _219_ (rising edge-triggered flip-flop clocked by clk)
Path Group: clk
Path Type: min

Fanout         Cap        Slew       Delay        Time   Description
---------------------------------------------------------------------------------------------
                                  0.000000    0.000000   clock clk (rise edge)
                                  0.000000    0.000000   clock source latency
     1    0.015134    0.000000    0.000000    0.000000 ^ clk (in)
                                                         clk (net)
                      0.001178    0.000589    0.000589 ^ clkbuf_0_clk/A (sky130_fd_sc_hd__clkbuf_16)
     4    0.040131    0.094563    0.219765    0.220354 ^ clkbuf_0_clk/X (sky130_fd_sc_hd__clkbuf_16)
                                                         clknet_0_clk (net)
                      0.094574    0.001084    0.221438 ^ clkbuf_2_2__f_clk/A (sky130_fd_sc_hd__clkbuf_16)
     9    0.025156    0.073942    0.240005    0.461443 ^ clkbuf_2_2__f_clk/X (sky130_fd_sc_hd__clkbuf_16)
                                                         clknet_2_2__leaf_clk (net)
                      0.073943    0.000435    0.461878 ^ _219_/CLK (sky130_fd_sc_hd__dfxtp_2)
     7    0.025715    0.128067    0.686911    1.148789 v _219_/Q (sky130_fd_sc_hd__dfxtp_2)
                                                         baud_counter[3] (net)
                      0.128067    0.000585    1.149374 v _199_/A1 (sky130_fd_sc_hd__a21oi_2)
     1    0.001972    0.098032    0.191127    1.340501 ^ _199_/Y (sky130_fd_sc_hd__a21oi_2)
                                                         _005_ (net)
                      0.098032    0.000056    1.340557 ^ _219_/D (sky130_fd_sc_hd__dfxtp_2)
                                              1.340557   data arrival time

                                  0.000000    0.000000   clock clk (rise edge)
                                  0.000000    0.000000   clock source latency
     1    0.015134    0.000000    0.000000    0.000000 ^ clk (in)
                                                         clk (net)
                      0.001178    0.000589    0.000589 ^ clkbuf_0_clk/A (sky130_fd_sc_hd__clkbuf_16)
     4    0.040131    0.094563    0.219765    0.220354 ^ clkbuf_0_clk/X (sky130_fd_sc_hd__clkbuf_16)
                                                         clknet_0_clk (net)
                      0.094574    0.001084    0.221438 ^ clkbuf_2_2__f_clk/A (sky130_fd_sc_hd__clkbuf_16)
     9    0.025156    0.073942    0.240005    0.461443 ^ clkbuf_2_2__f_clk/X (sky130_fd_sc_hd__clkbuf_16)
                                                         clknet_2_2__leaf_clk (net)
                      0.073943    0.000435    0.461878 ^ _219_/CLK (sky130_fd_sc_hd__dfxtp_2)
                                  0.000000    0.461878   clock reconvergence pessimism
                                 -0.077788    0.384090   library hold time
                                              0.384090   data required time
---------------------------------------------------------------------------------------------
                                              0.384090   data required time
                                             -1.340557   data arrival time
---------------------------------------------------------------------------------------------
                                              0.956467   slack (MET)


Startpoint: _216_ (rising edge-triggered flip-flop clocked by clk)
Endpoint: _216_ (rising edge-triggered flip-flop clocked by clk)
Path Group: clk
Path Type: min

Fanout         Cap        Slew       Delay        Time   Description
---------------------------------------------------------------------------------------------
                                  0.000000    0.000000   clock clk (rise edge)
                                  0.000000    0.000000   clock source latency
     1    0.015134    0.000000    0.000000    0.000000 ^ clk (in)
                                                         clk (net)
                      0.001178    0.000589    0.000589 ^ clkbuf_0_clk/A (sky130_fd_sc_hd__clkbuf_16)
     4    0.040131    0.094563    0.219765    0.220354 ^ clkbuf_0_clk/X (sky130_fd_sc_hd__clkbuf_16)
                                                         clknet_0_clk (net)
                      0.094574    0.001084    0.221438 ^ clkbuf_2_2__f_clk/A (sky130_fd_sc_hd__clkbuf_16)
     9    0.025156    0.073942    0.240005    0.461443 ^ clkbuf_2_2__f_clk/X (sky130_fd_sc_hd__clkbuf_16)
                                                         clknet_2_2__leaf_clk (net)
                      0.073951    0.000748    0.462191 ^ _216_/CLK (sky130_fd_sc_hd__dfxtp_2)
     7    0.028157    0.137607    0.694774    1.156965 v _216_/Q (sky130_fd_sc_hd__dfxtp_2)
                                                         baud_counter[0] (net)
                      0.137607    0.000510    1.157475 v _190_/A2 (sky130_fd_sc_hd__a21oi_2)
     1    0.002386    0.105432    0.228360    1.385835 ^ _190_/Y (sky130_fd_sc_hd__a21oi_2)
                                                         _002_ (net)
                      0.105432    0.000071    1.385905 ^ _216_/D (sky130_fd_sc_hd__dfxtp_2)
                                              1.385905   data arrival time

                                  0.000000    0.000000   clock clk (rise edge)
                                  0.000000    0.000000   clock source latency
     1    0.015134    0.000000    0.000000    0.000000 ^ clk (in)
                                                         clk (net)
                      0.001178    0.000589    0.000589 ^ clkbuf_0_clk/A (sky130_fd_sc_hd__clkbuf_16)
     4    0.040131    0.094563    0.219765    0.220354 ^ clkbuf_0_clk/X (sky130_fd_sc_hd__clkbuf_16)
                                                         clknet_0_clk (net)
                      0.094574    0.001084    0.221438 ^ clkbuf_2_2__f_clk/A (sky130_fd_sc_hd__clkbuf_16)
     9    0.025156    0.073942    0.240005    0.461443 ^ clkbuf_2_2__f_clk/X (sky130_fd_sc_hd__clkbuf_16)
                                                         clknet_2_2__leaf_clk (net)
                      0.073951    0.000748    0.462191 ^ _216_/CLK (sky130_fd_sc_hd__dfxtp_2)
                                  0.000000    0.462191   clock reconvergence pessimism
                                 -0.079498    0.382694   library hold time
                                              0.382694   data required time
---------------------------------------------------------------------------------------------
                                              0.382694   data required time
                                             -1.385905   data arrival time
---------------------------------------------------------------------------------------------
                                              1.003212   slack (MET)


Startpoint: _229_ (rising edge-triggered flip-flop clocked by clk)
Endpoint: _229_ (rising edge-triggered flip-flop clocked by clk)
Path Group: clk
Path Type: min

Fanout         Cap        Slew       Delay        Time   Description
---------------------------------------------------------------------------------------------
                                  0.000000    0.000000   clock clk (rise edge)
                                  0.000000    0.000000   clock source latency
     1    0.015134    0.000000    0.000000    0.000000 ^ clk (in)
                                                         clk (net)
                      0.001178    0.000589    0.000589 ^ clkbuf_0_clk/A (sky130_fd_sc_hd__clkbuf_16)
     4    0.040131    0.094563    0.219765    0.220354 ^ clkbuf_0_clk/X (sky130_fd_sc_hd__clkbuf_16)
                                                         clknet_0_clk (net)
                      0.094575    0.001102    0.221455 ^ clkbuf_2_1__f_clk/A (sky130_fd_sc_hd__clkbuf_16)
     9    0.025071    0.073825    0.240014    0.461470 ^ clkbuf_2_1__f_clk/X (sky130_fd_sc_hd__clkbuf_16)
                                                         clknet_2_1__leaf_clk (net)
                      0.073826    0.000301    0.461770 ^ _229_/CLK (sky130_fd_sc_hd__dfxtp_2)
     3    0.007337    0.083415    0.667125    1.128896 ^ _229_/Q (sky130_fd_sc_hd__dfxtp_2)
                                                         baud_counter[13] (net)
                      0.083415    0.000151    1.129047 ^ _119_/A1 (sky130_fd_sc_hd__o21ba_2)
     1    0.002346    0.055910    0.272693    1.401740 ^ _119_/X (sky130_fd_sc_hd__o21ba_2)
                                                         _015_ (net)
                      0.055910    0.000065    1.401804 ^ _229_/D (sky130_fd_sc_hd__dfxtp_2)
                                              1.401804   data arrival time

                                  0.000000    0.000000   clock clk (rise edge)
                                  0.000000    0.000000   clock source latency
     1    0.015134    0.000000    0.000000    0.000000 ^ clk (in)
                                                         clk (net)
                      0.001178    0.000589    0.000589 ^ clkbuf_0_clk/A (sky130_fd_sc_hd__clkbuf_16)
     4    0.040131    0.094563    0.219765    0.220354 ^ clkbuf_0_clk/X (sky130_fd_sc_hd__clkbuf_16)
                                                         clknet_0_clk (net)
                      0.094575    0.001102    0.221455 ^ clkbuf_2_1__f_clk/A (sky130_fd_sc_hd__clkbuf_16)
     9    0.025071    0.073825    0.240014    0.461470 ^ clkbuf_2_1__f_clk/X (sky130_fd_sc_hd__clkbuf_16)
                                                         clknet_2_1__leaf_clk (net)
                      0.073826    0.000301    0.461770 ^ _229_/CLK (sky130_fd_sc_hd__dfxtp_2)
                                  0.000000    0.461770   clock reconvergence pessimism
                                 -0.068068    0.393703   library hold time
                                              0.393703   data required time
---------------------------------------------------------------------------------------------
                                              0.393703   data required time
                                             -1.401804   data arrival time
---------------------------------------------------------------------------------------------
                                              1.008101   slack (MET)


Startpoint: _217_ (rising edge-triggered flip-flop clocked by clk)
Endpoint: _217_ (rising edge-triggered flip-flop clocked by clk)
Path Group: clk
Path Type: min

Fanout         Cap        Slew       Delay        Time   Description
---------------------------------------------------------------------------------------------
                                  0.000000    0.000000   clock clk (rise edge)
                                  0.000000    0.000000   clock source latency
     1    0.015134    0.000000    0.000000    0.000000 ^ clk (in)
                                                         clk (net)
                      0.001178    0.000589    0.000589 ^ clkbuf_0_clk/A (sky130_fd_sc_hd__clkbuf_16)
     4    0.040131    0.094563    0.219765    0.220354 ^ clkbuf_0_clk/X (sky130_fd_sc_hd__clkbuf_16)
                                                         clknet_0_clk (net)
                      0.094574    0.001084    0.221438 ^ clkbuf_2_2__f_clk/A (sky130_fd_sc_hd__clkbuf_16)
     9    0.025156    0.073942    0.240005    0.461443 ^ clkbuf_2_2__f_clk/X (sky130_fd_sc_hd__clkbuf_16)
                                                         clknet_2_2__leaf_clk (net)
                      0.073952    0.000754    0.462197 ^ _217_/CLK (sky130_fd_sc_hd__dfxtp_2)
     5    0.016208    0.094411    0.655178    1.117375 v _217_/Q (sky130_fd_sc_hd__dfxtp_2)
                                                         baud_counter[1] (net)
                      0.094413    0.000591    1.117966 v _192_/B1 (sky130_fd_sc_hd__a21oi_2)
     1    0.005370    0.155577    0.198633    1.316599 ^ _192_/Y (sky130_fd_sc_hd__a21oi_2)
                                                         _032_ (net)
                      0.155577    0.000168    1.316768 ^ _194_/A (sky130_fd_sc_hd__nor2_2)
     1    0.002103    0.025685    0.096205    1.412973 v _194_/Y (sky130_fd_sc_hd__nor2_2)
                                                         _003_ (net)
                      0.025685    0.000058    1.413031 v _217_/D (sky130_fd_sc_hd__dfxtp_2)
                                              1.413031   data arrival time

                                  0.000000    0.000000   clock clk (rise edge)
                                  0.000000    0.000000   clock source latency
     1    0.015134    0.000000    0.000000    0.000000 ^ clk (in)
                                                         clk (net)
                      0.001178    0.000589    0.000589 ^ clkbuf_0_clk/A (sky130_fd_sc_hd__clkbuf_16)
     4    0.040131    0.094563    0.219765    0.220354 ^ clkbuf_0_clk/X (sky130_fd_sc_hd__clkbuf_16)
                                                         clknet_0_clk (net)
                      0.094574    0.001084    0.221438 ^ clkbuf_2_2__f_clk/A (sky130_fd_sc_hd__clkbuf_16)
     9    0.025156    0.073942    0.240005    0.461443 ^ clkbuf_2_2__f_clk/X (sky130_fd_sc_hd__clkbuf_16)
                                                         clknet_2_2__leaf_clk (net)
                      0.073952    0.000754    0.462197 ^ _217_/CLK (sky130_fd_sc_hd__dfxtp_2)
                                  0.000000    0.462197   clock reconvergence pessimism
                                 -0.072888    0.389309   library hold time
                                              0.389309   data required time
---------------------------------------------------------------------------------------------
                                              0.389309   data required time
                                             -1.413031   data arrival time
---------------------------------------------------------------------------------------------
                                              1.023722   slack (MET)


Startpoint: _221_ (rising edge-triggered flip-flop clocked by clk)
Endpoint: _221_ (rising edge-triggered flip-flop clocked by clk)
Path Group: clk
Path Type: min

Fanout         Cap        Slew       Delay        Time   Description
---------------------------------------------------------------------------------------------
                                  0.000000    0.000000   clock clk (rise edge)
                                  0.000000    0.000000   clock source latency
     1    0.015134    0.000000    0.000000    0.000000 ^ clk (in)
                                                         clk (net)
                      0.001178    0.000589    0.000589 ^ clkbuf_0_clk/A (sky130_fd_sc_hd__clkbuf_16)
     4    0.040131    0.094563    0.219765    0.220354 ^ clkbuf_0_clk/X (sky130_fd_sc_hd__clkbuf_16)
                                                         clknet_0_clk (net)
                      0.094573    0.001038    0.221392 ^ clkbuf_2_3__f_clk/A (sky130_fd_sc_hd__clkbuf_16)
     8    0.027400    0.076882    0.243310    0.464701 ^ clkbuf_2_3__f_clk/X (sky130_fd_sc_hd__clkbuf_16)
                                                         clknet_2_3__leaf_clk (net)
                      0.076882    0.000363    0.465064 ^ _221_/CLK (sky130_fd_sc_hd__dfxtp_2)
     4    0.012064    0.117284    0.696898    1.161962 ^ _221_/Q (sky130_fd_sc_hd__dfxtp_2)
                                                         baud_counter[5] (net)
                      0.117284    0.000369    1.162331 ^ _204_/A1 (sky130_fd_sc_hd__o21ba_2)
     1    0.001839    0.052136    0.280516    1.442847 ^ _204_/X (sky130_fd_sc_hd__o21ba_2)
                                                         _007_ (net)
                      0.052136    0.000052    1.442899 ^ _221_/D (sky130_fd_sc_hd__dfxtp_2)
                                              1.442899   data arrival time

                                  0.000000    0.000000   clock clk (rise edge)
                                  0.000000    0.000000   clock source latency
     1    0.015134    0.000000    0.000000    0.000000 ^ clk (in)
                                                         clk (net)
                      0.001178    0.000589    0.000589 ^ clkbuf_0_clk/A (sky130_fd_sc_hd__clkbuf_16)
     4    0.040131    0.094563    0.219765    0.220354 ^ clkbuf_0_clk/X (sky130_fd_sc_hd__clkbuf_16)
                                                         clknet_0_clk (net)
                      0.094573    0.001038    0.221392 ^ clkbuf_2_3__f_clk/A (sky130_fd_sc_hd__clkbuf_16)
     8    0.027400    0.076882    0.243310    0.464701 ^ clkbuf_2_3__f_clk/X (sky130_fd_sc_hd__clkbuf_16)
                                                         clknet_2_3__leaf_clk (net)
                      0.076882    0.000363    0.465064 ^ _221_/CLK (sky130_fd_sc_hd__dfxtp_2)
                                  0.000000    0.465064   clock reconvergence pessimism
                                 -0.066710    0.398354   library hold time
                                              0.398354   data required time
---------------------------------------------------------------------------------------------
                                              0.398354   data required time
                                             -1.442899   data arrival time
---------------------------------------------------------------------------------------------
                                              1.044544   slack (MET)


Startpoint: _234_ (rising edge-triggered flip-flop clocked by clk)
Endpoint: _234_ (rising edge-triggered flip-flop clocked by clk)
Path Group: clk
Path Type: min

Fanout         Cap        Slew       Delay        Time   Description
---------------------------------------------------------------------------------------------
                                  0.000000    0.000000   clock clk (rise edge)
                                  0.000000    0.000000   clock source latency
     1    0.015134    0.000000    0.000000    0.000000 ^ clk (in)
                                                         clk (net)
                      0.001178    0.000589    0.000589 ^ clkbuf_0_clk/A (sky130_fd_sc_hd__clkbuf_16)
     4    0.040131    0.094563    0.219765    0.220354 ^ clkbuf_0_clk/X (sky130_fd_sc_hd__clkbuf_16)
                                                         clknet_0_clk (net)
                      0.094573    0.001038    0.221392 ^ clkbuf_2_3__f_clk/A (sky130_fd_sc_hd__clkbuf_16)
     8    0.027400    0.076882    0.243310    0.464701 ^ clkbuf_2_3__f_clk/X (sky130_fd_sc_hd__clkbuf_16)
                                                         clknet_2_3__leaf_clk (net)
                      0.076883    0.000397    0.465099 ^ _234_/CLK (sky130_fd_sc_hd__dfxtp_2)
     4    0.014359    0.134059    0.710738    1.175837 ^ _234_/Q (sky130_fd_sc_hd__dfxtp_2)
                                                         bit_index[2] (net)
                      0.134059    0.000304    1.176141 ^ _135_/A1 (sky130_fd_sc_hd__o21a_2)
     1    0.002830    0.054146    0.273317    1.449458 ^ _135_/X (sky130_fd_sc_hd__o21a_2)
                                                         _020_ (net)
                      0.054146    0.000092    1.449550 ^ _234_/D (sky130_fd_sc_hd__dfxtp_2)
                                              1.449550   data arrival time

                                  0.000000    0.000000   clock clk (rise edge)
                                  0.000000    0.000000   clock source latency
     1    0.015134    0.000000    0.000000    0.000000 ^ clk (in)
                                                         clk (net)
                      0.001178    0.000589    0.000589 ^ clkbuf_0_clk/A (sky130_fd_sc_hd__clkbuf_16)
     4    0.040131    0.094563    0.219765    0.220354 ^ clkbuf_0_clk/X (sky130_fd_sc_hd__clkbuf_16)
                                                         clknet_0_clk (net)
                      0.094573    0.001038    0.221392 ^ clkbuf_2_3__f_clk/A (sky130_fd_sc_hd__clkbuf_16)
     8    0.027400    0.076882    0.243310    0.464701 ^ clkbuf_2_3__f_clk/X (sky130_fd_sc_hd__clkbuf_16)
                                                         clknet_2_3__leaf_clk (net)
                      0.076883    0.000397    0.465099 ^ _234_/CLK (sky130_fd_sc_hd__dfxtp_2)
                                  0.000000    0.465099   clock reconvergence pessimism
                                 -0.067174    0.397925   library hold time
                                              0.397925   data required time
---------------------------------------------------------------------------------------------
                                              0.397925   data required time
                                             -1.449550   data arrival time
---------------------------------------------------------------------------------------------
                                              1.051625   slack (MET)


Startpoint: _232_ (rising edge-triggered flip-flop clocked by clk)
Endpoint: _232_ (rising edge-triggered flip-flop clocked by clk)
Path Group: clk
Path Type: min

Fanout         Cap        Slew       Delay        Time   Description
---------------------------------------------------------------------------------------------
                                  0.000000    0.000000   clock clk (rise edge)
                                  0.000000    0.000000   clock source latency
     1    0.015134    0.000000    0.000000    0.000000 ^ clk (in)
                                                         clk (net)
                      0.001178    0.000589    0.000589 ^ clkbuf_0_clk/A (sky130_fd_sc_hd__clkbuf_16)
     4    0.040131    0.094563    0.219765    0.220354 ^ clkbuf_0_clk/X (sky130_fd_sc_hd__clkbuf_16)
                                                         clknet_0_clk (net)
                      0.094575    0.001102    0.221455 ^ clkbuf_2_1__f_clk/A (sky130_fd_sc_hd__clkbuf_16)
     9    0.025071    0.073825    0.240014    0.461470 ^ clkbuf_2_1__f_clk/X (sky130_fd_sc_hd__clkbuf_16)
                                                         clknet_2_1__leaf_clk (net)
                      0.073825    0.000176    0.461645 ^ _232_/CLK (sky130_fd_sc_hd__dfxtp_2)
     5    0.024025    0.121454    0.681495    1.143141 v _232_/Q (sky130_fd_sc_hd__dfxtp_2)
                                                         bit_index[0] (net)
                      0.121455    0.000624    1.143764 v _126_/A (sky130_fd_sc_hd__xnor2_2)
     1    0.005606    0.076405    0.278393    1.422157 ^ _126_/Y (sky130_fd_sc_hd__xnor2_2)
                                                         _058_ (net)
                      0.076405    0.000177    1.422334 ^ _127_/B (sky130_fd_sc_hd__nor2_2)
     1    0.001958    0.024553    0.057420    1.479754 v _127_/Y (sky130_fd_sc_hd__nor2_2)
                                                         _018_ (net)
                      0.024553    0.000055    1.479808 v _232_/D (sky130_fd_sc_hd__dfxtp_2)
                                              1.479808   data arrival time

                                  0.000000    0.000000   clock clk (rise edge)
                                  0.000000    0.000000   clock source latency
     1    0.015134    0.000000    0.000000    0.000000 ^ clk (in)
                                                         clk (net)
                      0.001178    0.000589    0.000589 ^ clkbuf_0_clk/A (sky130_fd_sc_hd__clkbuf_16)
     4    0.040131    0.094563    0.219765    0.220354 ^ clkbuf_0_clk/X (sky130_fd_sc_hd__clkbuf_16)
                                                         clknet_0_clk (net)
                      0.094575    0.001102    0.221455 ^ clkbuf_2_1__f_clk/A (sky130_fd_sc_hd__clkbuf_16)
     9    0.025071    0.073825    0.240014    0.461470 ^ clkbuf_2_1__f_clk/X (sky130_fd_sc_hd__clkbuf_16)
                                                         clknet_2_1__leaf_clk (net)
                      0.073825    0.000176    0.461645 ^ _232_/CLK (sky130_fd_sc_hd__dfxtp_2)
                                  0.000000    0.461645   clock reconvergence pessimism
                                 -0.072500    0.389145   library hold time
                                              0.389145   data required time
---------------------------------------------------------------------------------------------
                                              0.389145   data required time
                                             -1.479808   data arrival time
---------------------------------------------------------------------------------------------
                                              1.090663   slack (MET)


Startpoint: _239_ (rising edge-triggered flip-flop clocked by clk)
Endpoint: _239_ (rising edge-triggered flip-flop clocked by clk)
Path Group: clk
Path Type: min

Fanout         Cap        Slew       Delay        Time   Description
---------------------------------------------------------------------------------------------
                                  0.000000    0.000000   clock clk (rise edge)
                                  0.000000    0.000000   clock source latency
     1    0.015134    0.000000    0.000000    0.000000 ^ clk (in)
                                                         clk (net)
                      0.001178    0.000589    0.000589 ^ clkbuf_0_clk/A (sky130_fd_sc_hd__clkbuf_16)
     4    0.040131    0.094563    0.219765    0.220354 ^ clkbuf_0_clk/X (sky130_fd_sc_hd__clkbuf_16)
                                                         clknet_0_clk (net)
                      0.094573    0.001057    0.221410 ^ clkbuf_2_0__f_clk/A (sky130_fd_sc_hd__clkbuf_16)
     8    0.027742    0.077368    0.243551    0.464961 ^ clkbuf_2_0__f_clk/X (sky130_fd_sc_hd__clkbuf_16)
                                                         clknet_2_0__leaf_clk (net)
                      0.077388    0.001148    0.466109 ^ _239_/CLK (sky130_fd_sc_hd__dfxtp_2)
     2    0.005114    0.068133    0.654828    1.120937 ^ _239_/Q (sky130_fd_sc_hd__dfxtp_2)
                                                         tx_shift[4] (net)
                      0.068133    0.000126    1.121063 ^ _149_/A1 (sky130_fd_sc_hd__mux2_1)
     1    0.001812    0.061115    0.215577    1.336639 ^ _149_/X (sky130_fd_sc_hd__mux2_1)
                                                         _074_ (net)
                      0.061115    0.000051    1.336690 ^ _150_/B (sky130_fd_sc_hd__or2_2)
     1    0.001948    0.043170    0.160705    1.497395 ^ _150_/X (sky130_fd_sc_hd__or2_2)
                                                         _025_ (net)
                      0.043170    0.000055    1.497450 ^ _239_/D (sky130_fd_sc_hd__dfxtp_2)
                                              1.497450   data arrival time

                                  0.000000    0.000000   clock clk (rise edge)
                                  0.000000    0.000000   clock source latency
     1    0.015134    0.000000    0.000000    0.000000 ^ clk (in)
                                                         clk (net)
                      0.001178    0.000589    0.000589 ^ clkbuf_0_clk/A (sky130_fd_sc_hd__clkbuf_16)
     4    0.040131    0.094563    0.219765    0.220354 ^ clkbuf_0_clk/X (sky130_fd_sc_hd__clkbuf_16)
                                                         clknet_0_clk (net)
                      0.094573    0.001057    0.221410 ^ clkbuf_2_0__f_clk/A (sky130_fd_sc_hd__clkbuf_16)
     8    0.027742    0.077368    0.243551    0.464961 ^ clkbuf_2_0__f_clk/X (sky130_fd_sc_hd__clkbuf_16)
                                                         clknet_2_0__leaf_clk (net)
                      0.077388    0.001148    0.466109 ^ _239_/CLK (sky130_fd_sc_hd__dfxtp_2)
                                  0.000000    0.466109   clock reconvergence pessimism
                                 -0.064556    0.401553   library hold time
                                              0.401553   data required time
---------------------------------------------------------------------------------------------
                                              0.401553   data required time
                                             -1.497450   data arrival time
---------------------------------------------------------------------------------------------
                                              1.095897   slack (MET)


Startpoint: _242_ (rising edge-triggered flip-flop clocked by clk)
Endpoint: _242_ (rising edge-triggered flip-flop clocked by clk)
Path Group: clk
Path Type: min

Fanout         Cap        Slew       Delay        Time   Description
---------------------------------------------------------------------------------------------
                                  0.000000    0.000000   clock clk (rise edge)
                                  0.000000    0.000000   clock source latency
     1    0.015134    0.000000    0.000000    0.000000 ^ clk (in)
                                                         clk (net)
                      0.001178    0.000589    0.000589 ^ clkbuf_0_clk/A (sky130_fd_sc_hd__clkbuf_16)
     4    0.040131    0.094563    0.219765    0.220354 ^ clkbuf_0_clk/X (sky130_fd_sc_hd__clkbuf_16)
                                                         clknet_0_clk (net)
                      0.094573    0.001057    0.221410 ^ clkbuf_2_0__f_clk/A (sky130_fd_sc_hd__clkbuf_16)
     8    0.027742    0.077368    0.243551    0.464961 ^ clkbuf_2_0__f_clk/X (sky130_fd_sc_hd__clkbuf_16)
                                                         clknet_2_0__leaf_clk (net)
                      0.077381    0.000971    0.465931 ^ _242_/CLK (sky130_fd_sc_hd__dfxtp_2)
     2    0.004536    0.064164    0.650365    1.116296 ^ _242_/Q (sky130_fd_sc_hd__dfxtp_2)
                                                         tx_shift[7] (net)
                      0.064164    0.000109    1.116405 ^ _158_/A1 (sky130_fd_sc_hd__mux2_1)
     1    0.002121    0.064298    0.218073    1.334478 ^ _158_/X (sky130_fd_sc_hd__mux2_1)
                                                         _080_ (net)
                      0.064298    0.000058    1.334535 ^ _159_/B (sky130_fd_sc_hd__or2_2)
     1    0.002061    0.043920    0.163039    1.497575 ^ _159_/X (sky130_fd_sc_hd__or2_2)
                                                         _028_ (net)
                      0.043920    0.000042    1.497616 ^ _242_/D (sky130_fd_sc_hd__dfxtp_2)
                                              1.497616   data arrival time

                                  0.000000    0.000000   clock clk (rise edge)
                                  0.000000    0.000000   clock source latency
     1    0.015134    0.000000    0.000000    0.000000 ^ clk (in)
                                                         clk (net)
                      0.001178    0.000589    0.000589 ^ clkbuf_0_clk/A (sky130_fd_sc_hd__clkbuf_16)
     4    0.040131    0.094563    0.219765    0.220354 ^ clkbuf_0_clk/X (sky130_fd_sc_hd__clkbuf_16)
                                                         clknet_0_clk (net)
                      0.094573    0.001057    0.221410 ^ clkbuf_2_0__f_clk/A (sky130_fd_sc_hd__clkbuf_16)
     8    0.027742    0.077368    0.243551    0.464961 ^ clkbuf_2_0__f_clk/X (sky130_fd_sc_hd__clkbuf_16)
                                                         clknet_2_0__leaf_clk (net)
                      0.077381    0.000971    0.465931 ^ _242_/CLK (sky130_fd_sc_hd__dfxtp_2)
                                  0.000000    0.465931   clock reconvergence pessimism
                                 -0.064731    0.401200   library hold time
                                              0.401200   data required time
---------------------------------------------------------------------------------------------
                                              0.401200   data required time
                                             -1.497616   data arrival time
---------------------------------------------------------------------------------------------
                                              1.096416   slack (MET)


Startpoint: _240_ (rising edge-triggered flip-flop clocked by clk)
Endpoint: _240_ (rising edge-triggered flip-flop clocked by clk)
Path Group: clk
Path Type: min

Fanout         Cap        Slew       Delay        Time   Description
---------------------------------------------------------------------------------------------
                                  0.000000    0.000000   clock clk (rise edge)
                                  0.000000    0.000000   clock source latency
     1    0.015134    0.000000    0.000000    0.000000 ^ clk (in)
                                                         clk (net)
                      0.001178    0.000589    0.000589 ^ clkbuf_0_clk/A (sky130_fd_sc_hd__clkbuf_16)
     4    0.040131    0.094563    0.219765    0.220354 ^ clkbuf_0_clk/X (sky130_fd_sc_hd__clkbuf_16)
                                                         clknet_0_clk (net)
                      0.094573    0.001057    0.221410 ^ clkbuf_2_0__f_clk/A (sky130_fd_sc_hd__clkbuf_16)
     8    0.027742    0.077368    0.243551    0.464961 ^ clkbuf_2_0__f_clk/X (sky130_fd_sc_hd__clkbuf_16)
                                                         clknet_2_0__leaf_clk (net)
                      0.077386    0.001082    0.466043 ^ _240_/CLK (sky130_fd_sc_hd__dfxtp_2)
     2    0.004647    0.064909    0.651217    1.117260 ^ _240_/Q (sky130_fd_sc_hd__dfxtp_2)
                                                         tx_shift[5] (net)
                      0.064909    0.000100    1.117360 ^ _152_/A1 (sky130_fd_sc_hd__mux2_1)
     1    0.002147    0.064545    0.218727    1.336087 ^ _152_/X (sky130_fd_sc_hd__mux2_1)
                                                         _076_ (net)
                      0.064545    0.000063    1.336150 ^ _153_/B (sky130_fd_sc_hd__or2_2)
     1    0.002007    0.043562    0.162759    1.498909 ^ _153_/X (sky130_fd_sc_hd__or2_2)
                                                         _026_ (net)
                      0.043562    0.000057    1.498966 ^ _240_/D (sky130_fd_sc_hd__dfxtp_2)
                                              1.498966   data arrival time

                                  0.000000    0.000000   clock clk (rise edge)
                                  0.000000    0.000000   clock source latency
     1    0.015134    0.000000    0.000000    0.000000 ^ clk (in)
                                                         clk (net)
                      0.001178    0.000589    0.000589 ^ clkbuf_0_clk/A (sky130_fd_sc_hd__clkbuf_16)
     4    0.040131    0.094563    0.219765    0.220354 ^ clkbuf_0_clk/X (sky130_fd_sc_hd__clkbuf_16)
                                                         clknet_0_clk (net)
                      0.094573    0.001057    0.221410 ^ clkbuf_2_0__f_clk/A (sky130_fd_sc_hd__clkbuf_16)
     8    0.027742    0.077368    0.243551    0.464961 ^ clkbuf_2_0__f_clk/X (sky130_fd_sc_hd__clkbuf_16)
                                                         clknet_2_0__leaf_clk (net)
                      0.077386    0.001082    0.466043 ^ _240_/CLK (sky130_fd_sc_hd__dfxtp_2)
                                  0.000000    0.466043   clock reconvergence pessimism
                                 -0.064647    0.401395   library hold time
                                              0.401395   data required time
---------------------------------------------------------------------------------------------
                                              0.401395   data required time
                                             -1.498966   data arrival time
---------------------------------------------------------------------------------------------
                                              1.097571   slack (MET)


Startpoint: _241_ (rising edge-triggered flip-flop clocked by clk)
Endpoint: _241_ (rising edge-triggered flip-flop clocked by clk)
Path Group: clk
Path Type: min

Fanout         Cap        Slew       Delay        Time   Description
---------------------------------------------------------------------------------------------
                                  0.000000    0.000000   clock clk (rise edge)
                                  0.000000    0.000000   clock source latency
     1    0.015134    0.000000    0.000000    0.000000 ^ clk (in)
                                                         clk (net)
                      0.001178    0.000589    0.000589 ^ clkbuf_0_clk/A (sky130_fd_sc_hd__clkbuf_16)
     4    0.040131    0.094563    0.219765    0.220354 ^ clkbuf_0_clk/X (sky130_fd_sc_hd__clkbuf_16)
                                                         clknet_0_clk (net)
                      0.094573    0.001057    0.221410 ^ clkbuf_2_0__f_clk/A (sky130_fd_sc_hd__clkbuf_16)
     8    0.027742    0.077368    0.243551    0.464961 ^ clkbuf_2_0__f_clk/X (sky130_fd_sc_hd__clkbuf_16)
                                                         clknet_2_0__leaf_clk (net)
                      0.077378    0.000867    0.465828 ^ _241_/CLK (sky130_fd_sc_hd__dfxtp_2)
     2    0.004787    0.065865    0.652294    1.118122 ^ _241_/Q (sky130_fd_sc_hd__dfxtp_2)
                                                         tx_shift[6] (net)
                      0.065865    0.000106    1.118228 ^ _155_/A1 (sky130_fd_sc_hd__mux2_1)
     1    0.002095    0.064040    0.218436    1.336663 ^ _155_/X (sky130_fd_sc_hd__mux2_1)
                                                         _078_ (net)
                      0.064040    0.000057    1.336720 ^ _156_/B (sky130_fd_sc_hd__or2_2)
     1    0.002253    0.045180    0.164301    1.501022 ^ _156_/X (sky130_fd_sc_hd__or2_2)
                                                         _027_ (net)
                      0.045180    0.000045    1.501067 ^ _241_/D (sky130_fd_sc_hd__dfxtp_2)
                                              1.501067   data arrival time

                                  0.000000    0.000000   clock clk (rise edge)
                                  0.000000    0.000000   clock source latency
     1    0.015134    0.000000    0.000000    0.000000 ^ clk (in)
                                                         clk (net)
                      0.001178    0.000589    0.000589 ^ clkbuf_0_clk/A (sky130_fd_sc_hd__clkbuf_16)
     4    0.040131    0.094563    0.219765    0.220354 ^ clkbuf_0_clk/X (sky130_fd_sc_hd__clkbuf_16)
                                                         clknet_0_clk (net)
                      0.094573    0.001057    0.221410 ^ clkbuf_2_0__f_clk/A (sky130_fd_sc_hd__clkbuf_16)
     8    0.027742    0.077368    0.243551    0.464961 ^ clkbuf_2_0__f_clk/X (sky130_fd_sc_hd__clkbuf_16)
                                                         clknet_2_0__leaf_clk (net)
                      0.077378    0.000867    0.465828 ^ _241_/CLK (sky130_fd_sc_hd__dfxtp_2)
                                  0.000000    0.465828   clock reconvergence pessimism
                                 -0.065023    0.400806   library hold time
                                              0.400806   data required time
---------------------------------------------------------------------------------------------
                                              0.400806   data required time
                                             -1.501067   data arrival time
---------------------------------------------------------------------------------------------
                                              1.100261   slack (MET)


Startpoint: _238_ (rising edge-triggered flip-flop clocked by clk)
Endpoint: _238_ (rising edge-triggered flip-flop clocked by clk)
Path Group: clk
Path Type: min

Fanout         Cap        Slew       Delay        Time   Description
---------------------------------------------------------------------------------------------
                                  0.000000    0.000000   clock clk (rise edge)
                                  0.000000    0.000000   clock source latency
     1    0.015134    0.000000    0.000000    0.000000 ^ clk (in)
                                                         clk (net)
                      0.001178    0.000589    0.000589 ^ clkbuf_0_clk/A (sky130_fd_sc_hd__clkbuf_16)
     4    0.040131    0.094563    0.219765    0.220354 ^ clkbuf_0_clk/X (sky130_fd_sc_hd__clkbuf_16)
                                                         clknet_0_clk (net)
                      0.094575    0.001102    0.221455 ^ clkbuf_2_1__f_clk/A (sky130_fd_sc_hd__clkbuf_16)
     9    0.025071    0.073825    0.240014    0.461470 ^ clkbuf_2_1__f_clk/X (sky130_fd_sc_hd__clkbuf_16)
                                                         clknet_2_1__leaf_clk (net)
                      0.073826    0.000353    0.461823 ^ _238_/CLK (sky130_fd_sc_hd__dfxtp_2)
     2    0.004932    0.066857    0.651790    1.113613 ^ _238_/Q (sky130_fd_sc_hd__dfxtp_2)
                                                         tx_shift[3] (net)
                      0.066857    0.000127    1.113740 ^ _146_/A1 (sky130_fd_sc_hd__mux2_1)
     1    0.001562    0.058300    0.211661    1.325401 ^ _146_/X (sky130_fd_sc_hd__mux2_1)
                                                         _072_ (net)
                      0.058300    0.000029    1.325430 ^ _147_/B (sky130_fd_sc_hd__or2_2)
     1    0.003923    0.056301    0.173637    1.499067 ^ _147_/X (sky130_fd_sc_hd__or2_2)
                                                         _024_ (net)
                      0.056301    0.000136    1.499203 ^ _238_/D (sky130_fd_sc_hd__dfxtp_2)
                                              1.499203   data arrival time

                                  0.000000    0.000000   clock clk (rise edge)
                                  0.000000    0.000000   clock source latency
     1    0.015134    0.000000    0.000000    0.000000 ^ clk (in)
                                                         clk (net)
                      0.001178    0.000589    0.000589 ^ clkbuf_0_clk/A (sky130_fd_sc_hd__clkbuf_16)
     4    0.040131    0.094563    0.219765    0.220354 ^ clkbuf_0_clk/X (sky130_fd_sc_hd__clkbuf_16)
                                                         clknet_0_clk (net)
                      0.094575    0.001102    0.221455 ^ clkbuf_2_1__f_clk/A (sky130_fd_sc_hd__clkbuf_16)
     9    0.025071    0.073825    0.240014    0.461470 ^ clkbuf_2_1__f_clk/X (sky130_fd_sc_hd__clkbuf_16)
                                                         clknet_2_1__leaf_clk (net)
                      0.073826    0.000353    0.461823 ^ _238_/CLK (sky130_fd_sc_hd__dfxtp_2)
                                  0.000000    0.461823   clock reconvergence pessimism
                                 -0.068158    0.393665   library hold time
                                              0.393665   data required time
---------------------------------------------------------------------------------------------
                                              0.393665   data required time
                                             -1.499203   data arrival time
---------------------------------------------------------------------------------------------
                                              1.105538   slack (MET)


Startpoint: _243_ (rising edge-triggered flip-flop clocked by clk)
Endpoint: _243_ (rising edge-triggered flip-flop clocked by clk)
Path Group: clk
Path Type: min

Fanout         Cap        Slew       Delay        Time   Description
---------------------------------------------------------------------------------------------
                                  0.000000    0.000000   clock clk (rise edge)
                                  0.000000    0.000000   clock source latency
     1    0.015134    0.000000    0.000000    0.000000 ^ clk (in)
                                                         clk (net)
                      0.001178    0.000589    0.000589 ^ clkbuf_0_clk/A (sky130_fd_sc_hd__clkbuf_16)
     4    0.040131    0.094563    0.219765    0.220354 ^ clkbuf_0_clk/X (sky130_fd_sc_hd__clkbuf_16)
                                                         clknet_0_clk (net)
                      0.094574    0.001084    0.221438 ^ clkbuf_2_2__f_clk/A (sky130_fd_sc_hd__clkbuf_16)
     9    0.025156    0.073942    0.240005    0.461443 ^ clkbuf_2_2__f_clk/X (sky130_fd_sc_hd__clkbuf_16)
                                                         clknet_2_2__leaf_clk (net)
                      0.073951    0.000744    0.462187 ^ _243_/CLK (sky130_fd_sc_hd__dfxtp_2)
     2    0.005907    0.073627    0.658570    1.120757 ^ _243_/Q (sky130_fd_sc_hd__dfxtp_2)
                                                         tx_shift[8] (net)
                      0.073627    0.000164    1.120921 ^ _161_/B2 (sky130_fd_sc_hd__a32o_2)
     1    0.002414    0.070353    0.222287    1.343208 ^ _161_/X (sky130_fd_sc_hd__a32o_2)
                                                         _082_ (net)
                      0.070353    0.000067    1.343275 ^ _162_/B (sky130_fd_sc_hd__or2_2)
     1    0.002151    0.044516    0.166562    1.509836 ^ _162_/X (sky130_fd_sc_hd__or2_2)
                                                         _029_ (net)
                      0.044516    0.000043    1.509879 ^ _243_/D (sky130_fd_sc_hd__dfxtp_2)
                                              1.509879   data arrival time

                                  0.000000    0.000000   clock clk (rise edge)
                                  0.000000    0.000000   clock source latency
     1    0.015134    0.000000    0.000000    0.000000 ^ clk (in)
                                                         clk (net)
                      0.001178    0.000589    0.000589 ^ clkbuf_0_clk/A (sky130_fd_sc_hd__clkbuf_16)
     4    0.040131    0.094563    0.219765    0.220354 ^ clkbuf_0_clk/X (sky130_fd_sc_hd__clkbuf_16)
                                                         clknet_0_clk (net)
                      0.094574    0.001084    0.221438 ^ clkbuf_2_2__f_clk/A (sky130_fd_sc_hd__clkbuf_16)
     9    0.025156    0.073942    0.240005    0.461443 ^ clkbuf_2_2__f_clk/X (sky130_fd_sc_hd__clkbuf_16)
                                                         clknet_2_2__leaf_clk (net)
                      0.073951    0.000744    0.462187 ^ _243_/CLK (sky130_fd_sc_hd__dfxtp_2)
                                  0.000000    0.462187   clock reconvergence pessimism
                                 -0.065413    0.396773   library hold time
                                              0.396773   data required time
---------------------------------------------------------------------------------------------
                                              0.396773   data required time
                                             -1.509879   data arrival time
---------------------------------------------------------------------------------------------
                                              1.113106   slack (MET)


Startpoint: _237_ (rising edge-triggered flip-flop clocked by clk)
Endpoint: _237_ (rising edge-triggered flip-flop clocked by clk)
Path Group: clk
Path Type: min

Fanout         Cap        Slew       Delay        Time   Description
---------------------------------------------------------------------------------------------
                                  0.000000    0.000000   clock clk (rise edge)
                                  0.000000    0.000000   clock source latency
     1    0.015134    0.000000    0.000000    0.000000 ^ clk (in)
                                                         clk (net)
                      0.001178    0.000589    0.000589 ^ clkbuf_0_clk/A (sky130_fd_sc_hd__clkbuf_16)
     4    0.040131    0.094563    0.219765    0.220354 ^ clkbuf_0_clk/X (sky130_fd_sc_hd__clkbuf_16)
                                                         clknet_0_clk (net)
                      0.094573    0.001057    0.221410 ^ clkbuf_2_0__f_clk/A (sky130_fd_sc_hd__clkbuf_16)
     8    0.027742    0.077368    0.243551    0.464961 ^ clkbuf_2_0__f_clk/X (sky130_fd_sc_hd__clkbuf_16)
                                                         clknet_2_0__leaf_clk (net)
                      0.077390    0.001184    0.466144 ^ _237_/CLK (sky130_fd_sc_hd__dfxtp_2)
     2    0.004958    0.067033    0.653616    1.119761 ^ _237_/Q (sky130_fd_sc_hd__dfxtp_2)
                                                         tx_shift[2] (net)
                      0.067033    0.000123    1.119884 ^ _143_/A1 (sky130_fd_sc_hd__mux2_1)
     1    0.002510    0.068956    0.224544    1.344428 ^ _143_/X (sky130_fd_sc_hd__mux2_1)
                                                         _070_ (net)
                      0.068956    0.000051    1.344479 ^ _144_/B (sky130_fd_sc_hd__or2_2)
     1    0.002813    0.048871    0.170682    1.515161 ^ _144_/X (sky130_fd_sc_hd__or2_2)
                                                         _023_ (net)
                      0.048871    0.000081    1.515242 ^ _237_/D (sky130_fd_sc_hd__dfxtp_2)
                                              1.515242   data arrival time

                                  0.000000    0.000000   clock clk (rise edge)
                                  0.000000    0.000000   clock source latency
     1    0.015134    0.000000    0.000000    0.000000 ^ clk (in)
                                                         clk (net)
                      0.001178    0.000589    0.000589 ^ clkbuf_0_clk/A (sky130_fd_sc_hd__clkbuf_16)
     4    0.040131    0.094563    0.219765    0.220354 ^ clkbuf_0_clk/X (sky130_fd_sc_hd__clkbuf_16)
                                                         clknet_0_clk (net)
                      0.094573    0.001057    0.221410 ^ clkbuf_2_0__f_clk/A (sky130_fd_sc_hd__clkbuf_16)
     8    0.027742    0.077368    0.243551    0.464961 ^ clkbuf_2_0__f_clk/X (sky130_fd_sc_hd__clkbuf_16)
                                                         clknet_2_0__leaf_clk (net)
                      0.077390    0.001184    0.466144 ^ _237_/CLK (sky130_fd_sc_hd__dfxtp_2)
                                  0.000000    0.466144   clock reconvergence pessimism
                                 -0.065874    0.400270   library hold time
                                              0.400270   data required time
---------------------------------------------------------------------------------------------
                                              0.400270   data required time
                                             -1.515242   data arrival time
---------------------------------------------------------------------------------------------
                                              1.114971   slack (MET)


Startpoint: _236_ (rising edge-triggered flip-flop clocked by clk)
Endpoint: _214_ (rising edge-triggered flip-flop clocked by clk)
Path Group: clk
Path Type: min

Fanout         Cap        Slew       Delay        Time   Description
---------------------------------------------------------------------------------------------
                                  0.000000    0.000000   clock clk (rise edge)
                                  0.000000    0.000000   clock source latency
     1    0.015134    0.000000    0.000000    0.000000 ^ clk (in)
                                                         clk (net)
                      0.001178    0.000589    0.000589 ^ clkbuf_0_clk/A (sky130_fd_sc_hd__clkbuf_16)
     4    0.040131    0.094563    0.219765    0.220354 ^ clkbuf_0_clk/X (sky130_fd_sc_hd__clkbuf_16)
                                                         clknet_0_clk (net)
                      0.094573    0.001057    0.221410 ^ clkbuf_2_0__f_clk/A (sky130_fd_sc_hd__clkbuf_16)
     8    0.027742    0.077368    0.243551    0.464961 ^ clkbuf_2_0__f_clk/X (sky130_fd_sc_hd__clkbuf_16)
                                                         clknet_2_0__leaf_clk (net)
                      0.077370    0.000568    0.465529 ^ _236_/CLK (sky130_fd_sc_hd__dfxtp_2)
     2    0.004186    0.061772    0.647653    1.113181 ^ _236_/Q (sky130_fd_sc_hd__dfxtp_2)
                                                         tx_shift[1] (net)
                      0.061772    0.000100    1.113281 ^ _183_/A (sky130_fd_sc_hd__or2_2)
     1    0.003584    0.053939    0.175125    1.288406 ^ _183_/X (sky130_fd_sc_hd__or2_2)
                                                         _102_ (net)
                      0.053939    0.000080    1.288486 ^ _184_/A2 (sky130_fd_sc_hd__a211o_2)
     1    0.001976    0.040227    0.230056    1.518542 ^ _184_/X (sky130_fd_sc_hd__a211o_2)
                                                         _000_ (net)
                      0.040227    0.000056    1.518598 ^ _214_/D (sky130_fd_sc_hd__dfxtp_2)
                                              1.518598   data arrival time

                                  0.000000    0.000000   clock clk (rise edge)
                                  0.000000    0.000000   clock source latency
     1    0.015134    0.000000    0.000000    0.000000 ^ clk (in)
                                                         clk (net)
                      0.001178    0.000589    0.000589 ^ clkbuf_0_clk/A (sky130_fd_sc_hd__clkbuf_16)
     4    0.040131    0.094563    0.219765    0.220354 ^ clkbuf_0_clk/X (sky130_fd_sc_hd__clkbuf_16)
                                                         clknet_0_clk (net)
                      0.094573    0.001057    0.221410 ^ clkbuf_2_0__f_clk/A (sky130_fd_sc_hd__clkbuf_16)
     8    0.027742    0.077368    0.243551    0.464961 ^ clkbuf_2_0__f_clk/X (sky130_fd_sc_hd__clkbuf_16)
                                                         clknet_2_0__leaf_clk (net)
                      0.077371    0.000590    0.465551 ^ _214_/CLK (sky130_fd_sc_hd__dfxtp_2)
                                  0.000000    0.465551   clock reconvergence pessimism
                                 -0.063879    0.401672   library hold time
                                              0.401672   data required time
---------------------------------------------------------------------------------------------
                                              0.401672   data required time
                                             -1.518598   data arrival time
---------------------------------------------------------------------------------------------
                                              1.116925   slack (MET)


Startpoint: _236_ (rising edge-triggered flip-flop clocked by clk)
Endpoint: _236_ (rising edge-triggered flip-flop clocked by clk)
Path Group: clk
Path Type: min

Fanout         Cap        Slew       Delay        Time   Description
---------------------------------------------------------------------------------------------
                                  0.000000    0.000000   clock clk (rise edge)
                                  0.000000    0.000000   clock source latency
     1    0.015134    0.000000    0.000000    0.000000 ^ clk (in)
                                                         clk (net)
                      0.001178    0.000589    0.000589 ^ clkbuf_0_clk/A (sky130_fd_sc_hd__clkbuf_16)
     4    0.040131    0.094563    0.219765    0.220354 ^ clkbuf_0_clk/X (sky130_fd_sc_hd__clkbuf_16)
                                                         clknet_0_clk (net)
                      0.094573    0.001057    0.221410 ^ clkbuf_2_0__f_clk/A (sky130_fd_sc_hd__clkbuf_16)
     8    0.027742    0.077368    0.243551    0.464961 ^ clkbuf_2_0__f_clk/X (sky130_fd_sc_hd__clkbuf_16)
                                                         clknet_2_0__leaf_clk (net)
                      0.077370    0.000568    0.465529 ^ _236_/CLK (sky130_fd_sc_hd__dfxtp_2)
     2    0.004186    0.061772    0.647653    1.113181 ^ _236_/Q (sky130_fd_sc_hd__dfxtp_2)
                                                         tx_shift[1] (net)
                      0.061772    0.000105    1.113286 ^ _140_/A1 (sky130_fd_sc_hd__mux2_1)
     1    0.003007    0.074656    0.229018    1.342304 ^ _140_/X (sky130_fd_sc_hd__mux2_1)
                                                         _068_ (net)
                      0.074656    0.000096    1.342400 ^ _141_/B (sky130_fd_sc_hd__or2_2)
     1    0.002940    0.049709    0.174303    1.516704 ^ _141_/X (sky130_fd_sc_hd__or2_2)
                                                         _022_ (net)
                      0.049722    0.000092    1.516795 ^ _236_/D (sky130_fd_sc_hd__dfxtp_2)
                                              1.516795   data arrival time

                                  0.000000    0.000000   clock clk (rise edge)
                                  0.000000    0.000000   clock source latency
     1    0.015134    0.000000    0.000000    0.000000 ^ clk (in)
                                                         clk (net)
                      0.001178    0.000589    0.000589 ^ clkbuf_0_clk/A (sky130_fd_sc_hd__clkbuf_16)
     4    0.040131    0.094563    0.219765    0.220354 ^ clkbuf_0_clk/X (sky130_fd_sc_hd__clkbuf_16)
                                                         clknet_0_clk (net)
                      0.094573    0.001057    0.221410 ^ clkbuf_2_0__f_clk/A (sky130_fd_sc_hd__clkbuf_16)
     8    0.027742    0.077368    0.243551    0.464961 ^ clkbuf_2_0__f_clk/X (sky130_fd_sc_hd__clkbuf_16)
                                                         clknet_2_0__leaf_clk (net)
                      0.077370    0.000568    0.465529 ^ _236_/CLK (sky130_fd_sc_hd__dfxtp_2)
                                  0.000000    0.465529   clock reconvergence pessimism
                                 -0.066074    0.399455   library hold time
                                              0.399455   data required time
---------------------------------------------------------------------------------------------
                                              0.399455   data required time
                                             -1.516795   data arrival time
---------------------------------------------------------------------------------------------
                                              1.117340   slack (MET)


Startpoint: _231_ (rising edge-triggered flip-flop clocked by clk)
Endpoint: _231_ (rising edge-triggered flip-flop clocked by clk)
Path Group: clk
Path Type: min

Fanout         Cap        Slew       Delay        Time   Description
---------------------------------------------------------------------------------------------
                                  0.000000    0.000000   clock clk (rise edge)
                                  0.000000    0.000000   clock source latency
     1    0.015134    0.000000    0.000000    0.000000 ^ clk (in)
                                                         clk (net)
                      0.001178    0.000589    0.000589 ^ clkbuf_0_clk/A (sky130_fd_sc_hd__clkbuf_16)
     4    0.040131    0.094563    0.219765    0.220354 ^ clkbuf_0_clk/X (sky130_fd_sc_hd__clkbuf_16)
                                                         clknet_0_clk (net)
                      0.094575    0.001102    0.221455 ^ clkbuf_2_1__f_clk/A (sky130_fd_sc_hd__clkbuf_16)
     9    0.025071    0.073825    0.240014    0.461470 ^ clkbuf_2_1__f_clk/X (sky130_fd_sc_hd__clkbuf_16)
                                                         clknet_2_1__leaf_clk (net)
                      0.073826    0.000293    0.461762 ^ _231_/CLK (sky130_fd_sc_hd__dfxtp_2)
     3    0.010624    0.070730    0.632506    1.094268 v _231_/Q (sky130_fd_sc_hd__dfxtp_2)
                                                         baud_counter[15] (net)
                      0.070730    0.000274    1.094542 v _124_/A (sky130_fd_sc_hd__nand4_2)
     1    0.003996    0.072017    0.100347    1.194888 ^ _124_/Y (sky130_fd_sc_hd__nand4_2)
                                                         _057_ (net)
                      0.072017    0.000126    1.195014 ^ _125_/A2 (sky130_fd_sc_hd__o211a_2)
     1    0.001952    0.070035    0.336474    1.531489 ^ _125_/X (sky130_fd_sc_hd__o211a_2)
                                                         _017_ (net)
                      0.070035    0.000055    1.531544 ^ _231_/D (sky130_fd_sc_hd__dfxtp_2)
                                              1.531544   data arrival time

                                  0.000000    0.000000   clock clk (rise edge)
                                  0.000000    0.000000   clock source latency
     1    0.015134    0.000000    0.000000    0.000000 ^ clk (in)
                                                         clk (net)
                      0.001178    0.000589    0.000589 ^ clkbuf_0_clk/A (sky130_fd_sc_hd__clkbuf_16)
     4    0.040131    0.094563    0.219765    0.220354 ^ clkbuf_0_clk/X (sky130_fd_sc_hd__clkbuf_16)
                                                         clknet_0_clk (net)
                      0.094575    0.001102    0.221455 ^ clkbuf_2_1__f_clk/A (sky130_fd_sc_hd__clkbuf_16)
     9    0.025071    0.073825    0.240014    0.461470 ^ clkbuf_2_1__f_clk/X (sky130_fd_sc_hd__clkbuf_16)
                                                         clknet_2_1__leaf_clk (net)
                      0.073826    0.000293    0.461762 ^ _231_/CLK (sky130_fd_sc_hd__dfxtp_2)
                                  0.000000    0.461762   clock reconvergence pessimism
                                 -0.071333    0.390429   library hold time
                                              0.390429   data required time
---------------------------------------------------------------------------------------------
                                              0.390429   data required time
                                             -1.531544   data arrival time
---------------------------------------------------------------------------------------------
                                              1.141115   slack (MET)


Startpoint: _224_ (rising edge-triggered flip-flop clocked by clk)
Endpoint: _224_ (rising edge-triggered flip-flop clocked by clk)
Path Group: clk
Path Type: min

Fanout         Cap        Slew       Delay        Time   Description
---------------------------------------------------------------------------------------------
                                  0.000000    0.000000   clock clk (rise edge)
                                  0.000000    0.000000   clock source latency
     1    0.015134    0.000000    0.000000    0.000000 ^ clk (in)
                                                         clk (net)
                      0.001178    0.000589    0.000589 ^ clkbuf_0_clk/A (sky130_fd_sc_hd__clkbuf_16)
     4    0.040131    0.094563    0.219765    0.220354 ^ clkbuf_0_clk/X (sky130_fd_sc_hd__clkbuf_16)
                                                         clknet_0_clk (net)
                      0.094573    0.001038    0.221392 ^ clkbuf_2_3__f_clk/A (sky130_fd_sc_hd__clkbuf_16)
     8    0.027400    0.076882    0.243310    0.464701 ^ clkbuf_2_3__f_clk/X (sky130_fd_sc_hd__clkbuf_16)
                                                         clknet_2_3__leaf_clk (net)
                      0.076882    0.000283    0.464984 ^ _224_/CLK (sky130_fd_sc_hd__dfxtp_2)
     4    0.017112    0.097321    0.660057    1.125041 v _224_/Q (sky130_fd_sc_hd__dfxtp_2)
                                                         baud_counter[8] (net)
                      0.097480    0.000434    1.125475 v _167_/A (sky130_fd_sc_hd__inv_2)
     2    0.008703    0.076071    0.108888    1.234363 ^ _167_/Y (sky130_fd_sc_hd__inv_2)
                                                         _086_ (net)
                      0.076071    0.000194    1.234557 ^ _211_/A (sky130_fd_sc_hd__nand2_2)
     1    0.003215    0.050021    0.081411    1.315968 v _211_/Y (sky130_fd_sc_hd__nand2_2)
                                                         _044_ (net)
                      0.050022    0.000098    1.316066 v _212_/B1 (sky130_fd_sc_hd__o211a_2)
     1    0.002205    0.041078    0.221703    1.537769 v _212_/X (sky130_fd_sc_hd__o211a_2)
                                                         _010_ (net)
                      0.041078    0.000064    1.537833 v _224_/D (sky130_fd_sc_hd__dfxtp_2)
                                              1.537833   data arrival time

                                  0.000000    0.000000   clock clk (rise edge)
                                  0.000000    0.000000   clock source latency
     1    0.015134    0.000000    0.000000    0.000000 ^ clk (in)
                                                         clk (net)
                      0.001178    0.000589    0.000589 ^ clkbuf_0_clk/A (sky130_fd_sc_hd__clkbuf_16)
     4    0.040131    0.094563    0.219765    0.220354 ^ clkbuf_0_clk/X (sky130_fd_sc_hd__clkbuf_16)
                                                         clknet_0_clk (net)
                      0.094573    0.001038    0.221392 ^ clkbuf_2_3__f_clk/A (sky130_fd_sc_hd__clkbuf_16)
     8    0.027400    0.076882    0.243310    0.464701 ^ clkbuf_2_3__f_clk/X (sky130_fd_sc_hd__clkbuf_16)
                                                         clknet_2_3__leaf_clk (net)
                      0.076882    0.000283    0.464984 ^ _224_/CLK (sky130_fd_sc_hd__dfxtp_2)
                                  0.000000    0.464984   clock reconvergence pessimism
                                 -0.077879    0.387104   library hold time
                                              0.387104   data required time
---------------------------------------------------------------------------------------------
                                              0.387104   data required time
                                             -1.537833   data arrival time
---------------------------------------------------------------------------------------------
                                              1.150729   slack (MET)


Startpoint: _230_ (rising edge-triggered flip-flop clocked by clk)
Endpoint: _230_ (rising edge-triggered flip-flop clocked by clk)
Path Group: clk
Path Type: min

Fanout         Cap        Slew       Delay        Time   Description
---------------------------------------------------------------------------------------------
                                  0.000000    0.000000   clock clk (rise edge)
                                  0.000000    0.000000   clock source latency
     1    0.015134    0.000000    0.000000    0.000000 ^ clk (in)
                                                         clk (net)
                      0.001178    0.000589    0.000589 ^ clkbuf_0_clk/A (sky130_fd_sc_hd__clkbuf_16)
     4    0.040131    0.094563    0.219765    0.220354 ^ clkbuf_0_clk/X (sky130_fd_sc_hd__clkbuf_16)
                                                         clknet_0_clk (net)
                      0.094575    0.001102    0.221455 ^ clkbuf_2_1__f_clk/A (sky130_fd_sc_hd__clkbuf_16)
     9    0.025071    0.073825    0.240014    0.461470 ^ clkbuf_2_1__f_clk/X (sky130_fd_sc_hd__clkbuf_16)
                                                         clknet_2_1__leaf_clk (net)
                      0.073825    0.000272    0.461742 ^ _230_/CLK (sky130_fd_sc_hd__dfxtp_2)
     5    0.019221    0.102647    0.666408    1.128150 v _230_/Q (sky130_fd_sc_hd__dfxtp_2)
                                                         baud_counter[14] (net)
                      0.102647    0.000469    1.128619 v _121_/A (sky130_fd_sc_hd__nand4_2)
     1    0.002070    0.061139    0.103054    1.231673 ^ _121_/Y (sky130_fd_sc_hd__nand4_2)
                                                         _055_ (net)
                      0.061139    0.000042    1.231715 ^ _122_/C (sky130_fd_sc_hd__and3_2)
     1    0.002569    0.077568    0.348239    1.579954 ^ _122_/X (sky130_fd_sc_hd__and3_2)
                                                         _016_ (net)
                      0.077568    0.000074    1.580029 ^ _230_/D (sky130_fd_sc_hd__dfxtp_2)
                                              1.580029   data arrival time

                                  0.000000    0.000000   clock clk (rise edge)
                                  0.000000    0.000000   clock source latency
     1    0.015134    0.000000    0.000000    0.000000 ^ clk (in)
                                                         clk (net)
                      0.001178    0.000589    0.000589 ^ clkbuf_0_clk/A (sky130_fd_sc_hd__clkbuf_16)
     4    0.040131    0.094563    0.219765    0.220354 ^ clkbuf_0_clk/X (sky130_fd_sc_hd__clkbuf_16)
                                                         clknet_0_clk (net)
                      0.094575    0.001102    0.221455 ^ clkbuf_2_1__f_clk/A (sky130_fd_sc_hd__clkbuf_16)
     9    0.025071    0.073825    0.240014    0.461470 ^ clkbuf_2_1__f_clk/X (sky130_fd_sc_hd__clkbuf_16)
                                                         clknet_2_1__leaf_clk (net)
                      0.073825    0.000272    0.461742 ^ _230_/CLK (sky130_fd_sc_hd__dfxtp_2)
                                  0.000000    0.461742   clock reconvergence pessimism
                                 -0.073075    0.388667   library hold time
                                              0.388667   data required time
---------------------------------------------------------------------------------------------
                                              0.388667   data required time
                                             -1.580029   data arrival time
---------------------------------------------------------------------------------------------
                                              1.191362   slack (MET)


Startpoint: _227_ (rising edge-triggered flip-flop clocked by clk)
Endpoint: _227_ (rising edge-triggered flip-flop clocked by clk)
Path Group: clk
Path Type: min

Fanout         Cap        Slew       Delay        Time   Description
---------------------------------------------------------------------------------------------
                                  0.000000    0.000000   clock clk (rise edge)
                                  0.000000    0.000000   clock source latency
     1    0.015134    0.000000    0.000000    0.000000 ^ clk (in)
                                                         clk (net)
                      0.001178    0.000589    0.000589 ^ clkbuf_0_clk/A (sky130_fd_sc_hd__clkbuf_16)
     4    0.040131    0.094563    0.219765    0.220354 ^ clkbuf_0_clk/X (sky130_fd_sc_hd__clkbuf_16)
                                                         clknet_0_clk (net)
                      0.094575    0.001102    0.221455 ^ clkbuf_2_1__f_clk/A (sky130_fd_sc_hd__clkbuf_16)
     9    0.025071    0.073825    0.240014    0.461470 ^ clkbuf_2_1__f_clk/X (sky130_fd_sc_hd__clkbuf_16)
                                                         clknet_2_1__leaf_clk (net)
                      0.073826    0.000280    0.461749 ^ _227_/CLK (sky130_fd_sc_hd__dfxtp_2)
    10    0.034474    0.162704    0.714368    1.176118 v _227_/Q (sky130_fd_sc_hd__dfxtp_2)
                                                         baud_counter[11] (net)
                      0.162705    0.000807    1.176925 v _113_/A1 (sky130_fd_sc_hd__o21ba_2)
     1    0.002261    0.042639    0.416341    1.593266 v _113_/X (sky130_fd_sc_hd__o21ba_2)
                                                         _013_ (net)
                      0.042639    0.000065    1.593331 v _227_/D (sky130_fd_sc_hd__dfxtp_2)
                                              1.593331   data arrival time

                                  0.000000    0.000000   clock clk (rise edge)
                                  0.000000    0.000000   clock source latency
     1    0.015134    0.000000    0.000000    0.000000 ^ clk (in)
                                                         clk (net)
                      0.001178    0.000589    0.000589 ^ clkbuf_0_clk/A (sky130_fd_sc_hd__clkbuf_16)
     4    0.040131    0.094563    0.219765    0.220354 ^ clkbuf_0_clk/X (sky130_fd_sc_hd__clkbuf_16)
                                                         clknet_0_clk (net)
                      0.094575    0.001102    0.221455 ^ clkbuf_2_1__f_clk/A (sky130_fd_sc_hd__clkbuf_16)
     9    0.025071    0.073825    0.240014    0.461470 ^ clkbuf_2_1__f_clk/X (sky130_fd_sc_hd__clkbuf_16)
                                                         clknet_2_1__leaf_clk (net)
                      0.073826    0.000280    0.461749 ^ _227_/CLK (sky130_fd_sc_hd__dfxtp_2)
                                  0.000000    0.461749   clock reconvergence pessimism
                                 -0.079179    0.382571   library hold time
                                              0.382571   data required time
---------------------------------------------------------------------------------------------
                                              0.382571   data required time
                                             -1.593331   data arrival time
---------------------------------------------------------------------------------------------
                                              1.210760   slack (MET)


Startpoint: _223_ (rising edge-triggered flip-flop clocked by clk)
Endpoint: _223_ (rising edge-triggered flip-flop clocked by clk)
Path Group: clk
Path Type: min

Fanout         Cap        Slew       Delay        Time   Description
---------------------------------------------------------------------------------------------
                                  0.000000    0.000000   clock clk (rise edge)
                                  0.000000    0.000000   clock source latency
     1    0.015134    0.000000    0.000000    0.000000 ^ clk (in)
                                                         clk (net)
                      0.001178    0.000589    0.000589 ^ clkbuf_0_clk/A (sky130_fd_sc_hd__clkbuf_16)
     4    0.040131    0.094563    0.219765    0.220354 ^ clkbuf_0_clk/X (sky130_fd_sc_hd__clkbuf_16)
                                                         clknet_0_clk (net)
                      0.094573    0.001038    0.221392 ^ clkbuf_2_3__f_clk/A (sky130_fd_sc_hd__clkbuf_16)
     8    0.027400    0.076882    0.243310    0.464701 ^ clkbuf_2_3__f_clk/X (sky130_fd_sc_hd__clkbuf_16)
                                                         clknet_2_3__leaf_clk (net)
                      0.076882    0.000272    0.464973 ^ _223_/CLK (sky130_fd_sc_hd__dfxtp_2)
     5    0.018024    0.098071    0.663942    1.128915 v _223_/Q (sky130_fd_sc_hd__dfxtp_2)
                                                         baud_counter[7] (net)
                      0.098071    0.000460    1.129375 v _209_/A (sky130_fd_sc_hd__nand2_2)
     3    0.010738    0.105812    0.136576    1.265951 ^ _209_/Y (sky130_fd_sc_hd__nand2_2)
                                                         _043_ (net)
                      0.105812    0.000281    1.266232 ^ _210_/C (sky130_fd_sc_hd__and3_2)
     1    0.002114    0.074159    0.359166    1.625398 ^ _210_/X (sky130_fd_sc_hd__and3_2)
                                                         _009_ (net)
                      0.074159    0.000042    1.625440 ^ _223_/D (sky130_fd_sc_hd__dfxtp_2)
                                              1.625440   data arrival time

                                  0.000000    0.000000   clock clk (rise edge)
                                  0.000000    0.000000   clock source latency
     1    0.015134    0.000000    0.000000    0.000000 ^ clk (in)
                                                         clk (net)
                      0.001178    0.000589    0.000589 ^ clkbuf_0_clk/A (sky130_fd_sc_hd__clkbuf_16)
     4    0.040131    0.094563    0.219765    0.220354 ^ clkbuf_0_clk/X (sky130_fd_sc_hd__clkbuf_16)
                                                         clknet_0_clk (net)
                      0.094573    0.001038    0.221392 ^ clkbuf_2_3__f_clk/A (sky130_fd_sc_hd__clkbuf_16)
     8    0.027400    0.076882    0.243310    0.464701 ^ clkbuf_2_3__f_clk/X (sky130_fd_sc_hd__clkbuf_16)
                                                         clknet_2_3__leaf_clk (net)
                      0.076882    0.000272    0.464973 ^ _223_/CLK (sky130_fd_sc_hd__dfxtp_2)
                                  0.000000    0.464973   clock reconvergence pessimism
                                 -0.071801    0.393172   library hold time
                                              0.393172   data required time
---------------------------------------------------------------------------------------------
                                              0.393172   data required time
                                             -1.625440   data arrival time
---------------------------------------------------------------------------------------------
                                              1.232267   slack (MET)


Startpoint: _220_ (rising edge-triggered flip-flop clocked by clk)
Endpoint: _220_ (rising edge-triggered flip-flop clocked by clk)
Path Group: clk
Path Type: min

Fanout         Cap        Slew       Delay        Time   Description
---------------------------------------------------------------------------------------------
                                  0.000000    0.000000   clock clk (rise edge)
                                  0.000000    0.000000   clock source latency
     1    0.015134    0.000000    0.000000    0.000000 ^ clk (in)
                                                         clk (net)
                      0.001178    0.000589    0.000589 ^ clkbuf_0_clk/A (sky130_fd_sc_hd__clkbuf_16)
     4    0.040131    0.094563    0.219765    0.220354 ^ clkbuf_0_clk/X (sky130_fd_sc_hd__clkbuf_16)
                                                         clknet_0_clk (net)
                      0.094573    0.001038    0.221392 ^ clkbuf_2_3__f_clk/A (sky130_fd_sc_hd__clkbuf_16)
     8    0.027400    0.076882    0.243310    0.464701 ^ clkbuf_2_3__f_clk/X (sky130_fd_sc_hd__clkbuf_16)
                                                         clknet_2_3__leaf_clk (net)
                      0.076882    0.000356    0.465057 ^ _220_/CLK (sky130_fd_sc_hd__dfxtp_2)
     4    0.010029    0.102424    0.684741    1.149799 ^ _220_/Q (sky130_fd_sc_hd__dfxtp_2)
                                                         baud_counter[4] (net)
                      0.102424    0.000185    1.149984 ^ _201_/B1 (sky130_fd_sc_hd__a21o_2)
     1    0.001853    0.039206    0.153525    1.303508 ^ _201_/X (sky130_fd_sc_hd__a21o_2)
                                                         _038_ (net)
                      0.039206    0.000050    1.303559 ^ _202_/B (sky130_fd_sc_hd__and3b_2)
     1    0.001973    0.073931    0.325341    1.628899 ^ _202_/X (sky130_fd_sc_hd__and3b_2)
                                                         _006_ (net)
                      0.073931    0.000039    1.628938 ^ _220_/D (sky130_fd_sc_hd__dfxtp_2)
                                              1.628938   data arrival time

                                  0.000000    0.000000   clock clk (rise edge)
                                  0.000000    0.000000   clock source latency
     1    0.015134    0.000000    0.000000    0.000000 ^ clk (in)
                                                         clk (net)
                      0.001178    0.000589    0.000589 ^ clkbuf_0_clk/A (sky130_fd_sc_hd__clkbuf_16)
     4    0.040131    0.094563    0.219765    0.220354 ^ clkbuf_0_clk/X (sky130_fd_sc_hd__clkbuf_16)
                                                         clknet_0_clk (net)
                      0.094573    0.001038    0.221392 ^ clkbuf_2_3__f_clk/A (sky130_fd_sc_hd__clkbuf_16)
     8    0.027400    0.076882    0.243310    0.464701 ^ clkbuf_2_3__f_clk/X (sky130_fd_sc_hd__clkbuf_16)
                                                         clknet_2_3__leaf_clk (net)
                      0.076882    0.000356    0.465057 ^ _220_/CLK (sky130_fd_sc_hd__dfxtp_2)
                                  0.000000    0.465057   clock reconvergence pessimism
                                 -0.071748    0.393309   library hold time
                                              0.393309   data required time
---------------------------------------------------------------------------------------------
                                              0.393309   data required time
                                             -1.628938   data arrival time
---------------------------------------------------------------------------------------------
                                              1.235630   slack (MET)


Startpoint: _228_ (rising edge-triggered flip-flop clocked by clk)
Endpoint: _228_ (rising edge-triggered flip-flop clocked by clk)
Path Group: clk
Path Type: min

Fanout         Cap        Slew       Delay        Time   Description
---------------------------------------------------------------------------------------------
                                  0.000000    0.000000   clock clk (rise edge)
                                  0.000000    0.000000   clock source latency
     1    0.015134    0.000000    0.000000    0.000000 ^ clk (in)
                                                         clk (net)
                      0.001178    0.000589    0.000589 ^ clkbuf_0_clk/A (sky130_fd_sc_hd__clkbuf_16)
     4    0.040131    0.094563    0.219765    0.220354 ^ clkbuf_0_clk/X (sky130_fd_sc_hd__clkbuf_16)
                                                         clknet_0_clk (net)
                      0.094575    0.001102    0.221455 ^ clkbuf_2_1__f_clk/A (sky130_fd_sc_hd__clkbuf_16)
     9    0.025071    0.073825    0.240014    0.461470 ^ clkbuf_2_1__f_clk/X (sky130_fd_sc_hd__clkbuf_16)
                                                         clknet_2_1__leaf_clk (net)
                      0.073826    0.000344    0.461813 ^ _228_/CLK (sky130_fd_sc_hd__dfxtp_2)
     4    0.010162    0.103386    0.684090    1.145904 ^ _228_/Q (sky130_fd_sc_hd__dfxtp_2)
                                                         baud_counter[12] (net)
                      0.103386    0.000225    1.146129 ^ _114_/B1 (sky130_fd_sc_hd__a21o_2)
     1    0.002559    0.043567    0.158797    1.304926 ^ _114_/X (sky130_fd_sc_hd__a21o_2)
                                                         _050_ (net)
                      0.043567    0.000074    1.305000 ^ _116_/C (sky130_fd_sc_hd__and3b_2)
     1    0.001997    0.074240    0.343358    1.648358 ^ _116_/X (sky130_fd_sc_hd__and3b_2)
                                                         _014_ (net)
                      0.074240    0.000055    1.648413 ^ _228_/D (sky130_fd_sc_hd__dfxtp_2)
                                              1.648413   data arrival time

                                  0.000000    0.000000   clock clk (rise edge)
                                  0.000000    0.000000   clock source latency
     1    0.015134    0.000000    0.000000    0.000000 ^ clk (in)
                                                         clk (net)
                      0.001178    0.000589    0.000589 ^ clkbuf_0_clk/A (sky130_fd_sc_hd__clkbuf_16)
     4    0.040131    0.094563    0.219765    0.220354 ^ clkbuf_0_clk/X (sky130_fd_sc_hd__clkbuf_16)
                                                         clknet_0_clk (net)
                      0.094575    0.001102    0.221455 ^ clkbuf_2_1__f_clk/A (sky130_fd_sc_hd__clkbuf_16)
     9    0.025071    0.073825    0.240014    0.461470 ^ clkbuf_2_1__f_clk/X (sky130_fd_sc_hd__clkbuf_16)
                                                         clknet_2_1__leaf_clk (net)
                      0.073826    0.000344    0.461813 ^ _228_/CLK (sky130_fd_sc_hd__dfxtp_2)
                                  0.000000    0.461813   clock reconvergence pessimism
                                 -0.072305    0.389508   library hold time
                                              0.389508   data required time
---------------------------------------------------------------------------------------------
                                              0.389508   data required time
                                             -1.648413   data arrival time
---------------------------------------------------------------------------------------------
                                              1.258905   slack (MET)


Startpoint: _222_ (rising edge-triggered flip-flop clocked by clk)
Endpoint: _222_ (rising edge-triggered flip-flop clocked by clk)
Path Group: clk
Path Type: min

Fanout         Cap        Slew       Delay        Time   Description
---------------------------------------------------------------------------------------------
                                  0.000000    0.000000   clock clk (rise edge)
                                  0.000000    0.000000   clock source latency
     1    0.015134    0.000000    0.000000    0.000000 ^ clk (in)
                                                         clk (net)
                      0.001178    0.000589    0.000589 ^ clkbuf_0_clk/A (sky130_fd_sc_hd__clkbuf_16)
     4    0.040131    0.094563    0.219765    0.220354 ^ clkbuf_0_clk/X (sky130_fd_sc_hd__clkbuf_16)
                                                         clknet_0_clk (net)
                      0.094573    0.001038    0.221392 ^ clkbuf_2_3__f_clk/A (sky130_fd_sc_hd__clkbuf_16)
     8    0.027400    0.076882    0.243310    0.464701 ^ clkbuf_2_3__f_clk/X (sky130_fd_sc_hd__clkbuf_16)
                                                         clknet_2_3__leaf_clk (net)
                      0.076882    0.000306    0.465007 ^ _222_/CLK (sky130_fd_sc_hd__dfxtp_2)
     3    0.007982    0.087915    0.672394    1.137401 ^ _222_/Q (sky130_fd_sc_hd__dfxtp_2)
                                                         baud_counter[6] (net)
                      0.087915    0.000182    1.137583 ^ _205_/B1 (sky130_fd_sc_hd__a31o_2)
     1    0.002257    0.050646    0.166451    1.304034 ^ _205_/X (sky130_fd_sc_hd__a31o_2)
                                                         _040_ (net)
                      0.050646    0.000066    1.304100 ^ _207_/C (sky130_fd_sc_hd__and3b_2)
     1    0.002162    0.075455    0.347970    1.652070 ^ _207_/X (sky130_fd_sc_hd__and3b_2)
                                                         _008_ (net)
                      0.075455    0.000062    1.652132 ^ _222_/D (sky130_fd_sc_hd__dfxtp_2)
                                              1.652132   data arrival time

                                  0.000000    0.000000   clock clk (rise edge)
                                  0.000000    0.000000   clock source latency
     1    0.015134    0.000000    0.000000    0.000000 ^ clk (in)
                                                         clk (net)
                      0.001178    0.000589    0.000589 ^ clkbuf_0_clk/A (sky130_fd_sc_hd__clkbuf_16)
     4    0.040131    0.094563    0.219765    0.220354 ^ clkbuf_0_clk/X (sky130_fd_sc_hd__clkbuf_16)
                                                         clknet_0_clk (net)
                      0.094573    0.001038    0.221392 ^ clkbuf_2_3__f_clk/A (sky130_fd_sc_hd__clkbuf_16)
     8    0.027400    0.076882    0.243310    0.464701 ^ clkbuf_2_3__f_clk/X (sky130_fd_sc_hd__clkbuf_16)
                                                         clknet_2_3__leaf_clk (net)
                      0.076882    0.000306    0.465007 ^ _222_/CLK (sky130_fd_sc_hd__dfxtp_2)
                                  0.000000    0.465007   clock reconvergence pessimism
                                 -0.072101    0.392906   library hold time
                                              0.392906   data required time
---------------------------------------------------------------------------------------------
                                              0.392906   data required time
                                             -1.652132   data arrival time
---------------------------------------------------------------------------------------------
                                              1.259226   slack (MET)


Startpoint: _218_ (rising edge-triggered flip-flop clocked by clk)
Endpoint: _218_ (rising edge-triggered flip-flop clocked by clk)
Path Group: clk
Path Type: min

Fanout         Cap        Slew       Delay        Time   Description
---------------------------------------------------------------------------------------------
                                  0.000000    0.000000   clock clk (rise edge)
                                  0.000000    0.000000   clock source latency
     1    0.015134    0.000000    0.000000    0.000000 ^ clk (in)
                                                         clk (net)
                      0.001178    0.000589    0.000589 ^ clkbuf_0_clk/A (sky130_fd_sc_hd__clkbuf_16)
     4    0.040131    0.094563    0.219765    0.220354 ^ clkbuf_0_clk/X (sky130_fd_sc_hd__clkbuf_16)
                                                         clknet_0_clk (net)
                      0.094574    0.001084    0.221438 ^ clkbuf_2_2__f_clk/A (sky130_fd_sc_hd__clkbuf_16)
     9    0.025156    0.073942    0.240005    0.461443 ^ clkbuf_2_2__f_clk/X (sky130_fd_sc_hd__clkbuf_16)
                                                         clknet_2_2__leaf_clk (net)
                      0.073943    0.000407    0.461850 ^ _218_/CLK (sky130_fd_sc_hd__dfxtp_2)
     3    0.007971    0.087833    0.671009    1.132859 ^ _218_/Q (sky130_fd_sc_hd__dfxtp_2)
                                                         baud_counter[2] (net)
                      0.087833    0.000134    1.132993 ^ _195_/B1 (sky130_fd_sc_hd__a31o_2)
     1    0.002747    0.054257    0.170599    1.303592 ^ _195_/X (sky130_fd_sc_hd__a31o_2)
                                                         _034_ (net)
                      0.054257    0.000079    1.303671 ^ _197_/C (sky130_fd_sc_hd__and3b_2)
     1    0.002173    0.075479    0.349513    1.653184 ^ _197_/X (sky130_fd_sc_hd__and3b_2)
                                                         _004_ (net)
                      0.075479    0.000062    1.653247 ^ _218_/D (sky130_fd_sc_hd__dfxtp_2)
                                              1.653247   data arrival time

                                  0.000000    0.000000   clock clk (rise edge)
                                  0.000000    0.000000   clock source latency
     1    0.015134    0.000000    0.000000    0.000000 ^ clk (in)
                                                         clk (net)
                      0.001178    0.000589    0.000589 ^ clkbuf_0_clk/A (sky130_fd_sc_hd__clkbuf_16)
     4    0.040131    0.094563    0.219765    0.220354 ^ clkbuf_0_clk/X (sky130_fd_sc_hd__clkbuf_16)
                                                         clknet_0_clk (net)
                      0.094574    0.001084    0.221438 ^ clkbuf_2_2__f_clk/A (sky130_fd_sc_hd__clkbuf_16)
     9    0.025156    0.073942    0.240005    0.461443 ^ clkbuf_2_2__f_clk/X (sky130_fd_sc_hd__clkbuf_16)
                                                         clknet_2_2__leaf_clk (net)
                      0.073943    0.000407    0.461850 ^ _218_/CLK (sky130_fd_sc_hd__dfxtp_2)
                                  0.000000    0.461850   clock reconvergence pessimism
                                 -0.072574    0.389276   library hold time
                                              0.389276   data required time
---------------------------------------------------------------------------------------------
                                              0.389276   data required time
                                             -1.653247   data arrival time
---------------------------------------------------------------------------------------------
                                              1.263970   slack (MET)


Startpoint: _225_ (rising edge-triggered flip-flop clocked by clk)
Endpoint: _225_ (rising edge-triggered flip-flop clocked by clk)
Path Group: clk
Path Type: min

Fanout         Cap        Slew       Delay        Time   Description
---------------------------------------------------------------------------------------------
                                  0.000000    0.000000   clock clk (rise edge)
                                  0.000000    0.000000   clock source latency
     1    0.015134    0.000000    0.000000    0.000000 ^ clk (in)
                                                         clk (net)
                      0.001178    0.000589    0.000589 ^ clkbuf_0_clk/A (sky130_fd_sc_hd__clkbuf_16)
     4    0.040131    0.094563    0.219765    0.220354 ^ clkbuf_0_clk/X (sky130_fd_sc_hd__clkbuf_16)
                                                         clknet_0_clk (net)
                      0.094573    0.001038    0.221392 ^ clkbuf_2_3__f_clk/A (sky130_fd_sc_hd__clkbuf_16)
     8    0.027400    0.076882    0.243310    0.464701 ^ clkbuf_2_3__f_clk/X (sky130_fd_sc_hd__clkbuf_16)
                                                         clknet_2_3__leaf_clk (net)
                      0.076883    0.000394    0.465096 ^ _225_/CLK (sky130_fd_sc_hd__dfxtp_2)
     4    0.010664    0.106996    0.688524    1.153619 ^ _225_/Q (sky130_fd_sc_hd__dfxtp_2)
                                                         baud_counter[9] (net)
                      0.106996    0.000227    1.153847 ^ _213_/B1 (sky130_fd_sc_hd__a21o_2)
     1    0.002640    0.044108    0.160945    1.314792 ^ _213_/X (sky130_fd_sc_hd__a21o_2)
                                                         _045_ (net)
                      0.044108    0.000082    1.314874 ^ _108_/C (sky130_fd_sc_hd__and3b_2)
     1    0.001928    0.073726    0.342816    1.657691 ^ _108_/X (sky130_fd_sc_hd__and3b_2)
                                                         _011_ (net)
                      0.073726    0.000055    1.657745 ^ _225_/D (sky130_fd_sc_hd__dfxtp_2)
                                              1.657745   data arrival time

                                  0.000000    0.000000   clock clk (rise edge)
                                  0.000000    0.000000   clock source latency
     1    0.015134    0.000000    0.000000    0.000000 ^ clk (in)
                                                         clk (net)
                      0.001178    0.000589    0.000589 ^ clkbuf_0_clk/A (sky130_fd_sc_hd__clkbuf_16)
     4    0.040131    0.094563    0.219765    0.220354 ^ clkbuf_0_clk/X (sky130_fd_sc_hd__clkbuf_16)
                                                         clknet_0_clk (net)
                      0.094573    0.001038    0.221392 ^ clkbuf_2_3__f_clk/A (sky130_fd_sc_hd__clkbuf_16)
     8    0.027400    0.076882    0.243310    0.464701 ^ clkbuf_2_3__f_clk/X (sky130_fd_sc_hd__clkbuf_16)
                                                         clknet_2_3__leaf_clk (net)
                      0.076883    0.000394    0.465096 ^ _225_/CLK (sky130_fd_sc_hd__dfxtp_2)
                                  0.000000    0.465096   clock reconvergence pessimism
                                 -0.071701    0.393395   library hold time
                                              0.393395   data required time
---------------------------------------------------------------------------------------------
                                              0.393395   data required time
                                             -1.657745   data arrival time
---------------------------------------------------------------------------------------------
                                              1.264351   slack (MET)


Startpoint: _235_ (rising edge-triggered flip-flop clocked by clk)
Endpoint: _235_ (rising edge-triggered flip-flop clocked by clk)
Path Group: clk
Path Type: min

Fanout         Cap        Slew       Delay        Time   Description
---------------------------------------------------------------------------------------------
                                  0.000000    0.000000   clock clk (rise edge)
                                  0.000000    0.000000   clock source latency
     1    0.015134    0.000000    0.000000    0.000000 ^ clk (in)
                                                         clk (net)
                      0.001178    0.000589    0.000589 ^ clkbuf_0_clk/A (sky130_fd_sc_hd__clkbuf_16)
     4    0.040131    0.094563    0.219765    0.220354 ^ clkbuf_0_clk/X (sky130_fd_sc_hd__clkbuf_16)
                                                         clknet_0_clk (net)
                      0.094574    0.001084    0.221438 ^ clkbuf_2_2__f_clk/A (sky130_fd_sc_hd__clkbuf_16)
     9    0.025156    0.073942    0.240005    0.461443 ^ clkbuf_2_2__f_clk/X (sky130_fd_sc_hd__clkbuf_16)
                                                         clknet_2_2__leaf_clk (net)
                      0.073946    0.000571    0.462014 ^ _235_/CLK (sky130_fd_sc_hd__dfxtp_2)
     3    0.012608    0.078918    0.640604    1.102619 v _235_/Q (sky130_fd_sc_hd__dfxtp_2)
                                                         bit_index[3] (net)
                      0.078918    0.000354    1.102973 v _136_/A (sky130_fd_sc_hd__xor2_2)
     1    0.003054    0.113121    0.224959    1.327932 ^ _136_/X (sky130_fd_sc_hd__xor2_2)
                                                         _065_ (net)
                      0.113121    0.000101    1.328032 ^ _137_/C (sky130_fd_sc_hd__and3_2)
     1    0.001863    0.072249    0.358888    1.686920 ^ _137_/X (sky130_fd_sc_hd__and3_2)
                                                         _021_ (net)
                      0.072249    0.000037    1.686957 ^ _235_/D (sky130_fd_sc_hd__dfxtp_2)
                                              1.686957   data arrival time

                                  0.000000    0.000000   clock clk (rise edge)
                                  0.000000    0.000000   clock source latency
     1    0.015134    0.000000    0.000000    0.000000 ^ clk (in)
                                                         clk (net)
                      0.001178    0.000589    0.000589 ^ clkbuf_0_clk/A (sky130_fd_sc_hd__clkbuf_16)
     4    0.040131    0.094563    0.219765    0.220354 ^ clkbuf_0_clk/X (sky130_fd_sc_hd__clkbuf_16)
                                                         clknet_0_clk (net)
                      0.094574    0.001084    0.221438 ^ clkbuf_2_2__f_clk/A (sky130_fd_sc_hd__clkbuf_16)
     9    0.025156    0.073942    0.240005    0.461443 ^ clkbuf_2_2__f_clk/X (sky130_fd_sc_hd__clkbuf_16)
                                                         clknet_2_2__leaf_clk (net)
                      0.073946    0.000571    0.462014 ^ _235_/CLK (sky130_fd_sc_hd__dfxtp_2)
                                  0.000000    0.462014   clock reconvergence pessimism
                                 -0.071826    0.390188   library hold time
                                              0.390188   data required time
---------------------------------------------------------------------------------------------
                                              0.390188   data required time
                                             -1.686957   data arrival time
---------------------------------------------------------------------------------------------
                                              1.296769   slack (MET)


Startpoint: _215_ (rising edge-triggered flip-flop clocked by clk)
Endpoint: _215_ (rising edge-triggered flip-flop clocked by clk)
Path Group: clk
Path Type: min

Fanout         Cap        Slew       Delay        Time   Description
---------------------------------------------------------------------------------------------
                                  0.000000    0.000000   clock clk (rise edge)
                                  0.000000    0.000000   clock source latency
     1    0.015134    0.000000    0.000000    0.000000 ^ clk (in)
                                                         clk (net)
                      0.001178    0.000589    0.000589 ^ clkbuf_0_clk/A (sky130_fd_sc_hd__clkbuf_16)
     4    0.040131    0.094563    0.219765    0.220354 ^ clkbuf_0_clk/X (sky130_fd_sc_hd__clkbuf_16)
                                                         clknet_0_clk (net)
                      0.094574    0.001084    0.221438 ^ clkbuf_2_2__f_clk/A (sky130_fd_sc_hd__clkbuf_16)
     9    0.025156    0.073942    0.240005    0.461443 ^ clkbuf_2_2__f_clk/X (sky130_fd_sc_hd__clkbuf_16)
                                                         clknet_2_2__leaf_clk (net)
                      0.073945    0.000540    0.461983 ^ _215_/CLK (sky130_fd_sc_hd__dfxtp_2)
     9    0.036856    0.172121    0.722039    1.184021 v _215_/Q (sky130_fd_sc_hd__dfxtp_2)
                                                         net11 (net)
                      0.172121    0.000083    1.184104 v _186_/A1 (sky130_fd_sc_hd__o211a_2)
     1    0.002872    0.044173    0.518814    1.702918 v _186_/X (sky130_fd_sc_hd__o211a_2)
                                                         _001_ (net)
                      0.044173    0.000088    1.703006 v _215_/D (sky130_fd_sc_hd__dfxtp_2)
                                              1.703006   data arrival time

                                  0.000000    0.000000   clock clk (rise edge)
                                  0.000000    0.000000   clock source latency
     1    0.015134    0.000000    0.000000    0.000000 ^ clk (in)
                                                         clk (net)
                      0.001178    0.000589    0.000589 ^ clkbuf_0_clk/A (sky130_fd_sc_hd__clkbuf_16)
     4    0.040131    0.094563    0.219765    0.220354 ^ clkbuf_0_clk/X (sky130_fd_sc_hd__clkbuf_16)
                                                         clknet_0_clk (net)
                      0.094574    0.001084    0.221438 ^ clkbuf_2_2__f_clk/A (sky130_fd_sc_hd__clkbuf_16)
     9    0.025156    0.073942    0.240005    0.461443 ^ clkbuf_2_2__f_clk/X (sky130_fd_sc_hd__clkbuf_16)
                                                         clknet_2_2__leaf_clk (net)
                      0.073945    0.000540    0.461983 ^ _215_/CLK (sky130_fd_sc_hd__dfxtp_2)
                                  0.000000    0.461983   clock reconvergence pessimism
                                 -0.079717    0.382266   library hold time
                                              0.382266   data required time
---------------------------------------------------------------------------------------------
                                              0.382266   data required time
                                             -1.703006   data arrival time
---------------------------------------------------------------------------------------------
                                              1.320740   slack (MET)


Startpoint: _226_ (rising edge-triggered flip-flop clocked by clk)
Endpoint: _226_ (rising edge-triggered flip-flop clocked by clk)
Path Group: clk
Path Type: min

Fanout         Cap        Slew       Delay        Time   Description
---------------------------------------------------------------------------------------------
                                  0.000000    0.000000   clock clk (rise edge)
                                  0.000000    0.000000   clock source latency
     1    0.015134    0.000000    0.000000    0.000000 ^ clk (in)
                                                         clk (net)
                      0.001178    0.000589    0.000589 ^ clkbuf_0_clk/A (sky130_fd_sc_hd__clkbuf_16)
     4    0.040131    0.094563    0.219765    0.220354 ^ clkbuf_0_clk/X (sky130_fd_sc_hd__clkbuf_16)
                                                         clknet_0_clk (net)
                      0.094575    0.001102    0.221455 ^ clkbuf_2_1__f_clk/A (sky130_fd_sc_hd__clkbuf_16)
     9    0.025071    0.073825    0.240014    0.461470 ^ clkbuf_2_1__f_clk/X (sky130_fd_sc_hd__clkbuf_16)
                                                         clknet_2_1__leaf_clk (net)
                      0.073826    0.000287    0.461756 ^ _226_/CLK (sky130_fd_sc_hd__dfxtp_2)
     5    0.014213    0.132990    0.708435    1.170191 ^ _226_/Q (sky130_fd_sc_hd__dfxtp_2)
                                                         baud_counter[10] (net)
                      0.132990    0.000236    1.170427 ^ _109_/A (sky130_fd_sc_hd__or2_2)
     1    0.002417    0.046434    0.200198    1.370625 ^ _109_/X (sky130_fd_sc_hd__or2_2)
                                                         _047_ (net)
                      0.046434    0.000070    1.370695 ^ _111_/C (sky130_fd_sc_hd__and3b_2)
     1    0.002185    0.075554    0.346556    1.717251 ^ _111_/X (sky130_fd_sc_hd__and3b_2)
                                                         _012_ (net)
                      0.075554    0.000061    1.717312 ^ _226_/D (sky130_fd_sc_hd__dfxtp_2)
                                              1.717312   data arrival time

                                  0.000000    0.000000   clock clk (rise edge)
                                  0.000000    0.000000   clock source latency
     1    0.015134    0.000000    0.000000    0.000000 ^ clk (in)
                                                         clk (net)
                      0.001178    0.000589    0.000589 ^ clkbuf_0_clk/A (sky130_fd_sc_hd__clkbuf_16)
     4    0.040131    0.094563    0.219765    0.220354 ^ clkbuf_0_clk/X (sky130_fd_sc_hd__clkbuf_16)
                                                         clknet_0_clk (net)
                      0.094575    0.001102    0.221455 ^ clkbuf_2_1__f_clk/A (sky130_fd_sc_hd__clkbuf_16)
     9    0.025071    0.073825    0.240014    0.461470 ^ clkbuf_2_1__f_clk/X (sky130_fd_sc_hd__clkbuf_16)
                                                         clknet_2_1__leaf_clk (net)
                      0.073826    0.000287    0.461756 ^ _226_/CLK (sky130_fd_sc_hd__dfxtp_2)
                                  0.000000    0.461756   clock reconvergence pessimism
                                 -0.072609    0.389147   library hold time
                                              0.389147   data required time
---------------------------------------------------------------------------------------------
                                              0.389147   data required time
                                             -1.717312   data arrival time
---------------------------------------------------------------------------------------------
                                              1.328164   slack (MET)


Startpoint: _233_ (rising edge-triggered flip-flop clocked by clk)
Endpoint: _233_ (rising edge-triggered flip-flop clocked by clk)
Path Group: clk
Path Type: min

Fanout         Cap        Slew       Delay        Time   Description
---------------------------------------------------------------------------------------------
                                  0.000000    0.000000   clock clk (rise edge)
                                  0.000000    0.000000   clock source latency
     1    0.015134    0.000000    0.000000    0.000000 ^ clk (in)
                                                         clk (net)
                      0.001178    0.000589    0.000589 ^ clkbuf_0_clk/A (sky130_fd_sc_hd__clkbuf_16)
     4    0.040131    0.094563    0.219765    0.220354 ^ clkbuf_0_clk/X (sky130_fd_sc_hd__clkbuf_16)
                                                         clknet_0_clk (net)
                      0.094575    0.001102    0.221455 ^ clkbuf_2_1__f_clk/A (sky130_fd_sc_hd__clkbuf_16)
     9    0.025071    0.073825    0.240014    0.461470 ^ clkbuf_2_1__f_clk/X (sky130_fd_sc_hd__clkbuf_16)
                                                         clknet_2_1__leaf_clk (net)
                      0.073826    0.000301    0.461770 ^ _233_/CLK (sky130_fd_sc_hd__dfxtp_2)
     5    0.016324    0.148609    0.720981    1.182751 ^ _233_/Q (sky130_fd_sc_hd__dfxtp_2)
                                                         bit_index[1] (net)
                      0.148609    0.000425    1.183175 ^ _129_/B1 (sky130_fd_sc_hd__a31o_2)
     1    0.002372    0.051910    0.194930    1.378105 ^ _129_/X (sky130_fd_sc_hd__a31o_2)
                                                         _060_ (net)
                      0.051910    0.000065    1.378171 ^ _131_/C (sky130_fd_sc_hd__and3b_2)
     1    0.003073    0.082171    0.358464    1.736635 ^ _131_/X (sky130_fd_sc_hd__and3b_2)
                                                         _019_ (net)
                      0.082171    0.000098    1.736733 ^ _233_/D (sky130_fd_sc_hd__dfxtp_2)
                                              1.736733   data arrival time

                                  0.000000    0.000000   clock clk (rise edge)
                                  0.000000    0.000000   clock source latency
     1    0.015134    0.000000    0.000000    0.000000 ^ clk (in)
                                                         clk (net)
                      0.001178    0.000589    0.000589 ^ clkbuf_0_clk/A (sky130_fd_sc_hd__clkbuf_16)
     4    0.040131    0.094563    0.219765    0.220354 ^ clkbuf_0_clk/X (sky130_fd_sc_hd__clkbuf_16)
                                                         clknet_0_clk (net)
                      0.094575    0.001102    0.221455 ^ clkbuf_2_1__f_clk/A (sky130_fd_sc_hd__clkbuf_16)
     9    0.025071    0.073825    0.240014    0.461470 ^ clkbuf_2_1__f_clk/X (sky130_fd_sc_hd__clkbuf_16)
                                                         clknet_2_1__leaf_clk (net)
                      0.073826    0.000301    0.461770 ^ _233_/CLK (sky130_fd_sc_hd__dfxtp_2)
                                  0.000000    0.461770   clock reconvergence pessimism
                                 -0.074139    0.387631   library hold time
                                              0.387631   data required time
---------------------------------------------------------------------------------------------
                                              0.387631   data required time
                                             -1.736733   data arrival time
---------------------------------------------------------------------------------------------
                                              1.349102   slack (MET)


Startpoint: _214_ (rising edge-triggered flip-flop clocked by clk)
Endpoint: tx (output port clocked by clk)
Path Group: clk
Path Type: min

Fanout         Cap        Slew       Delay        Time   Description
---------------------------------------------------------------------------------------------
                                  0.000000    0.000000   clock clk (rise edge)
                                  0.000000    0.000000   clock source latency
     1    0.015134    0.000000    0.000000    0.000000 ^ clk (in)
                                                         clk (net)
                      0.001178    0.000589    0.000589 ^ clkbuf_0_clk/A (sky130_fd_sc_hd__clkbuf_16)
     4    0.040131    0.094563    0.219765    0.220354 ^ clkbuf_0_clk/X (sky130_fd_sc_hd__clkbuf_16)
                                                         clknet_0_clk (net)
                      0.094573    0.001057    0.221410 ^ clkbuf_2_0__f_clk/A (sky130_fd_sc_hd__clkbuf_16)
     8    0.027742    0.077368    0.243551    0.464961 ^ clkbuf_2_0__f_clk/X (sky130_fd_sc_hd__clkbuf_16)
                                                         clknet_2_0__leaf_clk (net)
                      0.077371    0.000590    0.465551 ^ _214_/CLK (sky130_fd_sc_hd__dfxtp_2)
     2    0.007292    0.056911    0.620549    1.086100 v _214_/Q (sky130_fd_sc_hd__dfxtp_2)
                                                         net12 (net)
                      0.057720    0.000163    1.086263 v output12/A (sky130_fd_sc_hd__clkdlybuf4s25_1)
     1    0.001007    0.054119    0.425136    1.511399 v output12/X (sky130_fd_sc_hd__clkdlybuf4s25_1)
                                                         tx (net)
                      0.054119    0.000012    1.511411 v tx (out)
                                              1.511411   data arrival time

                                  0.000000    0.000000   clock clk (rise edge)
                                  0.000000    0.000000   clock network delay (propagated)
                                  0.000000    0.000000   clock reconvergence pessimism
                                 -2.000000   -2.000000   output external delay
                                             -2.000000   data required time
---------------------------------------------------------------------------------------------
                                             -2.000000   data required time
                                             -1.511411   data arrival time
---------------------------------------------------------------------------------------------
                                              3.511411   slack (MET)


Startpoint: _215_ (rising edge-triggered flip-flop clocked by clk)
Endpoint: busy (output port clocked by clk)
Path Group: clk
Path Type: min

Fanout         Cap        Slew       Delay        Time   Description
---------------------------------------------------------------------------------------------
                                  0.000000    0.000000   clock clk (rise edge)
                                  0.000000    0.000000   clock source latency
     1    0.015134    0.000000    0.000000    0.000000 ^ clk (in)
                                                         clk (net)
                      0.001178    0.000589    0.000589 ^ clkbuf_0_clk/A (sky130_fd_sc_hd__clkbuf_16)
     4    0.040131    0.094563    0.219765    0.220354 ^ clkbuf_0_clk/X (sky130_fd_sc_hd__clkbuf_16)
                                                         clknet_0_clk (net)
                      0.094574    0.001084    0.221438 ^ clkbuf_2_2__f_clk/A (sky130_fd_sc_hd__clkbuf_16)
     9    0.025156    0.073942    0.240005    0.461443 ^ clkbuf_2_2__f_clk/X (sky130_fd_sc_hd__clkbuf_16)
                                                         clknet_2_2__leaf_clk (net)
                      0.073945    0.000540    0.461983 ^ _215_/CLK (sky130_fd_sc_hd__dfxtp_2)
     9    0.036856    0.172121    0.722039    1.184021 v _215_/Q (sky130_fd_sc_hd__dfxtp_2)
                                                         net11 (net)
                      0.172122    0.000802    1.184823 v output11/A (sky130_fd_sc_hd__clkdlybuf4s25_1)
     1    0.000946    0.053326    0.476555    1.661379 v output11/X (sky130_fd_sc_hd__clkdlybuf4s25_1)
                                                         busy (net)
                      0.053326    0.000012    1.661391 v busy (out)
                                              1.661391   data arrival time

                                  0.000000    0.000000   clock clk (rise edge)
                                  0.000000    0.000000   clock network delay (propagated)
                                  0.000000    0.000000   clock reconvergence pessimism
                                 -2.000000   -2.000000   output external delay
                                             -2.000000   data required time
---------------------------------------------------------------------------------------------
                                             -2.000000   data required time
                                             -1.661391   data arrival time
---------------------------------------------------------------------------------------------
                                              3.661391   slack (MET)



