+ define_corners min_ss_100C_1v60
Reading timing models for corner min_ss_100C_1v60…
Reading cell library for the 'min_ss_100C_1v60' corner at '/home/gp7871/.ciel/ciel/sky130/versions/8afc8346a57fe1ab7934ba5a6056ea8b43078e71/ciel/sky130/versions/8afc8346a57fe1ab7934ba5a6056ea8b43078e71/sky130A/libs.ref/sky130_fd_sc_hd/lib/sky130_fd_sc_hd__ss_100C_1v60.lib'…
Reading top-level netlist at '/home/gp7871/VLSI_Freelancing/projects/uart_tx_rtl_to_gds/runs/RUN_2026-09-16_17-29-04/52-openroad-fillinsertion/uart_tx.nl.v'…
Linking design 'uart_tx' from netlist…
Warning: /home/gp7871/VLSI_Freelancing/projects/uart_tx_rtl_to_gds/runs/RUN_2026-09-16_17-29-04/52-openroad-fillinsertion/uart_tx.nl.v line 181, module sky130_fd_sc_hd__fill_1 not found. Creating black box for FILLER_0_27.
Warning: /home/gp7871/VLSI_Freelancing/projects/uart_tx_rtl_to_gds/runs/RUN_2026-09-16_17-29-04/52-openroad-fillinsertion/uart_tx.nl.v line 202, module sky130_fd_sc_hd__fill_2 not found. Creating black box for FILLER_10_11.
Warning: /home/gp7871/VLSI_Freelancing/projects/uart_tx_rtl_to_gds/runs/RUN_2026-09-16_17-29-04/52-openroad-fillinsertion/uart_tx.nl.v line 752, module sky130_fd_sc_hd__tapvpwrvgnd_1 not found. Creating black box for TAP_TAPCELL_ROW_0_46.
Reading design constraints file at '/home/gp7871/VLSI_Freelancing/projects/uart_tx_rtl_to_gds/constraints/uart_tx.sdc'…
[INFO] No information on clock propagation in input SDC file-- propagating all clocks.
Reading top-level design parasitics for the 'min_ss_100C_1v60' corner at '/home/gp7871/VLSI_Freelancing/projects/uart_tx_rtl_to_gds/runs/RUN_2026-09-16_17-29-04/54-openroad-rcx/min/uart_tx.min.spef'…
%OL_CREATE_REPORT min.rpt

===========================================================================
report_checks -path_delay min (Hold)
============================================================================
======================= min_ss_100C_1v60 Corner ===================================

Startpoint: _244_ (rising edge-triggered flip-flop clocked by clk)
Endpoint: _244_ (rising edge-triggered flip-flop clocked by clk)
Path Group: clk
Path Type: min

Fanout         Cap        Slew       Delay        Time   Description
---------------------------------------------------------------------------------------------
                                  0.000000    0.000000   clock clk (rise edge)
                                  0.000000    0.000000   clock source latency
     1    0.014492    0.000000    0.000000    0.000000 ^ clk (in)
                                                         clk (net)
                      0.000777    0.000388    0.000388 ^ clkbuf_0_clk/A (sky130_fd_sc_hd__clkbuf_16)
     4    0.039427    0.093375    0.218942    0.219331 ^ clkbuf_0_clk/X (sky130_fd_sc_hd__clkbuf_16)
                                                         clknet_0_clk (net)
                      0.093376    0.000502    0.219832 ^ clkbuf_2_2__f_clk/A (sky130_fd_sc_hd__clkbuf_16)
     9    0.024306    0.072831    0.238390    0.458223 ^ clkbuf_2_2__f_clk/X (sky130_fd_sc_hd__clkbuf_16)
                                                         clknet_2_2__leaf_clk (net)
                      0.072841    0.000300    0.458522 ^ _244_/CLK (sky130_fd_sc_hd__dfxtp_2)
     2    0.006663    0.078769    0.662660    1.121183 ^ _244_/Q (sky130_fd_sc_hd__dfxtp_2)
                                                         tx_shift[9] (net)
                      0.078769    0.000048    1.121231 ^ _163_/A1 (sky130_fd_sc_hd__a21o_2)
     1    0.002285    0.047018    0.219435    1.340666 ^ _163_/X (sky130_fd_sc_hd__a21o_2)
                                                         _030_ (net)
                      0.047018    0.000023    1.340689 ^ _244_/D (sky130_fd_sc_hd__dfxtp_2)
                                              1.340689   data arrival time

                                  0.000000    0.000000   clock clk (rise edge)
                                  0.000000    0.000000   clock source latency
     1    0.014492    0.000000    0.000000    0.000000 ^ clk (in)
                                                         clk (net)
                      0.000777    0.000388    0.000388 ^ clkbuf_0_clk/A (sky130_fd_sc_hd__clkbuf_16)
     4    0.039427    0.093375    0.218942    0.219331 ^ clkbuf_0_clk/X (sky130_fd_sc_hd__clkbuf_16)
                                                         clknet_0_clk (net)
                      0.093376    0.000502    0.219832 ^ clkbuf_2_2__f_clk/A (sky130_fd_sc_hd__clkbuf_16)
     9    0.024306    0.072831    0.238390    0.458223 ^ clkbuf_2_2__f_clk/X (sky130_fd_sc_hd__clkbuf_16)
                                                         clknet_2_2__leaf_clk (net)
                      0.072841    0.000300    0.458522 ^ _244_/CLK (sky130_fd_sc_hd__dfxtp_2)
                                  0.000000    0.458522   clock reconvergence pessimism
                                 -0.066168    0.392354   library hold time
                                              0.392354   data required time
---------------------------------------------------------------------------------------------
                                              0.392354   data required time
                                             -1.340689   data arrival time
---------------------------------------------------------------------------------------------
                                              0.948334   slack (MET)


Startpoint: _219_ (rising edge-triggered flip-flop clocked by clk)
Endpoint: _219_ (rising edge-triggered flip-flop clocked by clk)
Path Group: clk
Path Type: min

Fanout         Cap        Slew       Delay        Time   Description
---------------------------------------------------------------------------------------------
                                  0.000000    0.000000   clock clk (rise edge)
                                  0.000000    0.000000   clock source latency
     1    0.014492    0.000000    0.000000    0.000000 ^ clk (in)
                                                         clk (net)
                      0.000777    0.000388    0.000388 ^ clkbuf_0_clk/A (sky130_fd_sc_hd__clkbuf_16)
     4    0.039427    0.093375    0.218942    0.219331 ^ clkbuf_0_clk/X (sky130_fd_sc_hd__clkbuf_16)
                                                         clknet_0_clk (net)
                      0.093376    0.000502    0.219832 ^ clkbuf_2_2__f_clk/A (sky130_fd_sc_hd__clkbuf_16)
     9    0.024306    0.072831    0.238390    0.458223 ^ clkbuf_2_2__f_clk/X (sky130_fd_sc_hd__clkbuf_16)
                                                         clknet_2_2__leaf_clk (net)
                      0.072837    0.000140    0.458362 ^ _219_/CLK (sky130_fd_sc_hd__dfxtp_2)
     7    0.025002    0.125180    0.684393    1.142755 v _219_/Q (sky130_fd_sc_hd__dfxtp_2)
                                                         baud_counter[3] (net)
                      0.125180    0.000220    1.142975 v _199_/A1 (sky130_fd_sc_hd__a21oi_2)
     1    0.001935    0.097377    0.189323    1.332298 ^ _199_/Y (sky130_fd_sc_hd__a21oi_2)
                                                         _005_ (net)
                      0.097377    0.000018    1.332315 ^ _219_/D (sky130_fd_sc_hd__dfxtp_2)
                                              1.332315   data arrival time

                                  0.000000    0.000000   clock clk (rise edge)
                                  0.000000    0.000000   clock source latency
     1    0.014492    0.000000    0.000000    0.000000 ^ clk (in)
                                                         clk (net)
                      0.000777    0.000388    0.000388 ^ clkbuf_0_clk/A (sky130_fd_sc_hd__clkbuf_16)
     4    0.039427    0.093375    0.218942    0.219331 ^ clkbuf_0_clk/X (sky130_fd_sc_hd__clkbuf_16)
                                                         clknet_0_clk (net)
                      0.093376    0.000502    0.219832 ^ clkbuf_2_2__f_clk/A (sky130_fd_sc_hd__clkbuf_16)
     9    0.024306    0.072831    0.238390    0.458223 ^ clkbuf_2_2__f_clk/X (sky130_fd_sc_hd__clkbuf_16)
                                                         clknet_2_2__leaf_clk (net)
                      0.072837    0.000140    0.458362 ^ _219_/CLK (sky130_fd_sc_hd__dfxtp_2)
                                  0.000000    0.458362   clock reconvergence pessimism
                                 -0.077812    0.380550   library hold time
                                              0.380550   data required time
---------------------------------------------------------------------------------------------
                                              0.380550   data required time
                                             -1.332315   data arrival time
---------------------------------------------------------------------------------------------
                                              0.951766   slack (MET)


Startpoint: _216_ (rising edge-triggered flip-flop clocked by clk)
Endpoint: _216_ (rising edge-triggered flip-flop clocked by clk)
Path Group: clk
Path Type: min

Fanout         Cap        Slew       Delay        Time   Description
---------------------------------------------------------------------------------------------
                                  0.000000    0.000000   clock clk (rise edge)
                                  0.000000    0.000000   clock source latency
     1    0.014492    0.000000    0.000000    0.000000 ^ clk (in)
                                                         clk (net)
                      0.000777    0.000388    0.000388 ^ clkbuf_0_clk/A (sky130_fd_sc_hd__clkbuf_16)
     4    0.039427    0.093375    0.218942    0.219331 ^ clkbuf_0_clk/X (sky130_fd_sc_hd__clkbuf_16)
                                                         clknet_0_clk (net)
                      0.093376    0.000502    0.219832 ^ clkbuf_2_2__f_clk/A (sky130_fd_sc_hd__clkbuf_16)
     9    0.024306    0.072831    0.238390    0.458223 ^ clkbuf_2_2__f_clk/X (sky130_fd_sc_hd__clkbuf_16)
                                                         clknet_2_2__leaf_clk (net)
                      0.072842    0.000357    0.458579 ^ _216_/CLK (sky130_fd_sc_hd__dfxtp_2)
     7    0.027399    0.134546    0.692074    1.150653 v _216_/Q (sky130_fd_sc_hd__dfxtp_2)
                                                         baud_counter[0] (net)
                      0.134546    0.000173    1.150826 v _190_/A2 (sky130_fd_sc_hd__a21oi_2)
     1    0.002318    0.104264    0.226100    1.376926 ^ _190_/Y (sky130_fd_sc_hd__a21oi_2)
                                                         _002_ (net)
                      0.104264    0.000026    1.376952 ^ _216_/D (sky130_fd_sc_hd__dfxtp_2)
                                              1.376952   data arrival time

                                  0.000000    0.000000   clock clk (rise edge)
                                  0.000000    0.000000   clock source latency
     1    0.014492    0.000000    0.000000    0.000000 ^ clk (in)
                                                         clk (net)
                      0.000777    0.000388    0.000388 ^ clkbuf_0_clk/A (sky130_fd_sc_hd__clkbuf_16)
     4    0.039427    0.093375    0.218942    0.219331 ^ clkbuf_0_clk/X (sky130_fd_sc_hd__clkbuf_16)
                                                         clknet_0_clk (net)
                      0.093376    0.000502    0.219832 ^ clkbuf_2_2__f_clk/A (sky130_fd_sc_hd__clkbuf_16)
     9    0.024306    0.072831    0.238390    0.458223 ^ clkbuf_2_2__f_clk/X (sky130_fd_sc_hd__clkbuf_16)
                                                         clknet_2_2__leaf_clk (net)
                      0.072842    0.000357    0.458579 ^ _216_/CLK (sky130_fd_sc_hd__dfxtp_2)
                                  0.000000    0.458579   clock reconvergence pessimism
                                 -0.079404    0.379175   library hold time
                                              0.379175   data required time
---------------------------------------------------------------------------------------------
                                              0.379175   data required time
                                             -1.376952   data arrival time
---------------------------------------------------------------------------------------------
                                              0.997776   slack (MET)


Startpoint: _229_ (rising edge-triggered flip-flop clocked by clk)
Endpoint: _229_ (rising edge-triggered flip-flop clocked by clk)
Path Group: clk
Path Type: min

Fanout         Cap        Slew       Delay        Time   Description
---------------------------------------------------------------------------------------------
                                  0.000000    0.000000   clock clk (rise edge)
                                  0.000000    0.000000   clock source latency
     1    0.014492    0.000000    0.000000    0.000000 ^ clk (in)
                                                         clk (net)
                      0.000777    0.000388    0.000388 ^ clkbuf_0_clk/A (sky130_fd_sc_hd__clkbuf_16)
     4    0.039427    0.093375    0.218942    0.219331 ^ clkbuf_0_clk/X (sky130_fd_sc_hd__clkbuf_16)
                                                         clknet_0_clk (net)
                      0.093376    0.000465    0.219795 ^ clkbuf_2_1__f_clk/A (sky130_fd_sc_hd__clkbuf_16)
     9    0.024143    0.072630    0.238210    0.458005 ^ clkbuf_2_1__f_clk/X (sky130_fd_sc_hd__clkbuf_16)
                                                         clknet_2_1__leaf_clk (net)
                      0.072631    0.000150    0.458155 ^ _229_/CLK (sky130_fd_sc_hd__dfxtp_2)
     3    0.007179    0.082313    0.665675    1.123830 ^ _229_/Q (sky130_fd_sc_hd__dfxtp_2)
                                                         baud_counter[13] (net)
                      0.082313    0.000048    1.123878 ^ _119_/A1 (sky130_fd_sc_hd__o21ba_2)
     1    0.002257    0.055247    0.271479    1.395357 ^ _119_/X (sky130_fd_sc_hd__o21ba_2)
                                                         _015_ (net)
                      0.055247    0.000022    1.395378 ^ _229_/D (sky130_fd_sc_hd__dfxtp_2)
                                              1.395378   data arrival time

                                  0.000000    0.000000   clock clk (rise edge)
                                  0.000000    0.000000   clock source latency
     1    0.014492    0.000000    0.000000    0.000000 ^ clk (in)
                                                         clk (net)
                      0.000777    0.000388    0.000388 ^ clkbuf_0_clk/A (sky130_fd_sc_hd__clkbuf_16)
     4    0.039427    0.093375    0.218942    0.219331 ^ clkbuf_0_clk/X (sky130_fd_sc_hd__clkbuf_16)
                                                         clknet_0_clk (net)
                      0.093376    0.000465    0.219795 ^ clkbuf_2_1__f_clk/A (sky130_fd_sc_hd__clkbuf_16)
     9    0.024143    0.072630    0.238210    0.458005 ^ clkbuf_2_1__f_clk/X (sky130_fd_sc_hd__clkbuf_16)
                                                         clknet_2_1__leaf_clk (net)
                      0.072631    0.000150    0.458155 ^ _229_/CLK (sky130_fd_sc_hd__dfxtp_2)
                                  0.000000    0.458155   clock reconvergence pessimism
                                 -0.068104    0.390051   library hold time
                                              0.390051   data required time
---------------------------------------------------------------------------------------------
                                              0.390051   data required time
                                             -1.395378   data arrival time
---------------------------------------------------------------------------------------------
                                              1.005327   slack (MET)


Startpoint: _217_ (rising edge-triggered flip-flop clocked by clk)
Endpoint: _217_ (rising edge-triggered flip-flop clocked by clk)
Path Group: clk
Path Type: min

Fanout         Cap        Slew       Delay        Time   Description
---------------------------------------------------------------------------------------------
                                  0.000000    0.000000   clock clk (rise edge)
                                  0.000000    0.000000   clock source latency
     1    0.014492    0.000000    0.000000    0.000000 ^ clk (in)
                                                         clk (net)
                      0.000777    0.000388    0.000388 ^ clkbuf_0_clk/A (sky130_fd_sc_hd__clkbuf_16)
     4    0.039427    0.093375    0.218942    0.219331 ^ clkbuf_0_clk/X (sky130_fd_sc_hd__clkbuf_16)
                                                         clknet_0_clk (net)
                      0.093376    0.000502    0.219832 ^ clkbuf_2_2__f_clk/A (sky130_fd_sc_hd__clkbuf_16)
     9    0.024306    0.072831    0.238390    0.458223 ^ clkbuf_2_2__f_clk/X (sky130_fd_sc_hd__clkbuf_16)
                                                         clknet_2_2__leaf_clk (net)
                      0.072842    0.000360    0.458583 ^ _217_/CLK (sky130_fd_sc_hd__dfxtp_2)
     5    0.015704    0.091940    0.652832    1.111415 v _217_/Q (sky130_fd_sc_hd__dfxtp_2)
                                                         baud_counter[1] (net)
                      0.092103    0.000266    1.111680 v _192_/B1 (sky130_fd_sc_hd__a21oi_2)
     1    0.005297    0.154341    0.196775    1.308456 ^ _192_/Y (sky130_fd_sc_hd__a21oi_2)
                                                         _032_ (net)
                      0.154341    0.000059    1.308514 ^ _194_/A (sky130_fd_sc_hd__nor2_2)
     1    0.002055    0.025363    0.095534    1.404049 v _194_/Y (sky130_fd_sc_hd__nor2_2)
                                                         _003_ (net)
                      0.025363    0.000019    1.404068 v _217_/D (sky130_fd_sc_hd__dfxtp_2)
                                              1.404068   data arrival time

                                  0.000000    0.000000   clock clk (rise edge)
                                  0.000000    0.000000   clock source latency
     1    0.014492    0.000000    0.000000    0.000000 ^ clk (in)
                                                         clk (net)
                      0.000777    0.000388    0.000388 ^ clkbuf_0_clk/A (sky130_fd_sc_hd__clkbuf_16)
     4    0.039427    0.093375    0.218942    0.219331 ^ clkbuf_0_clk/X (sky130_fd_sc_hd__clkbuf_16)
                                                         clknet_0_clk (net)
                      0.093376    0.000502    0.219832 ^ clkbuf_2_2__f_clk/A (sky130_fd_sc_hd__clkbuf_16)
     9    0.024306    0.072831    0.238390    0.458223 ^ clkbuf_2_2__f_clk/X (sky130_fd_sc_hd__clkbuf_16)
                                                         clknet_2_2__leaf_clk (net)
                      0.072842    0.000360    0.458583 ^ _217_/CLK (sky130_fd_sc_hd__dfxtp_2)
                                  0.000000    0.458583   clock reconvergence pessimism
                                 -0.073032    0.385551   library hold time
                                              0.385551   data required time
---------------------------------------------------------------------------------------------
                                              0.385551   data required time
                                             -1.404068   data arrival time
---------------------------------------------------------------------------------------------
                                              1.018517   slack (MET)


Startpoint: _221_ (rising edge-triggered flip-flop clocked by clk)
Endpoint: _221_ (rising edge-triggered flip-flop clocked by clk)
Path Group: clk
Path Type: min

Fanout         Cap        Slew       Delay        Time   Description
---------------------------------------------------------------------------------------------
                                  0.000000    0.000000   clock clk (rise edge)
                                  0.000000    0.000000   clock source latency
     1    0.014492    0.000000    0.000000    0.000000 ^ clk (in)
                                                         clk (net)
                      0.000777    0.000388    0.000388 ^ clkbuf_0_clk/A (sky130_fd_sc_hd__clkbuf_16)
     4    0.039427    0.093375    0.218942    0.219331 ^ clkbuf_0_clk/X (sky130_fd_sc_hd__clkbuf_16)
                                                         clknet_0_clk (net)
                      0.093376    0.000463    0.219794 ^ clkbuf_2_3__f_clk/A (sky130_fd_sc_hd__clkbuf_16)
     8    0.026278    0.075393    0.241244    0.461038 ^ clkbuf_2_3__f_clk/X (sky130_fd_sc_hd__clkbuf_16)
                                                         clknet_2_3__leaf_clk (net)
                      0.075393    0.000169    0.461207 ^ _221_/CLK (sky130_fd_sc_hd__dfxtp_2)
     4    0.011614    0.113969    0.693614    1.154820 ^ _221_/Q (sky130_fd_sc_hd__dfxtp_2)
                                                         baud_counter[5] (net)
                      0.113969    0.000162    1.154983 ^ _204_/A1 (sky130_fd_sc_hd__o21ba_2)
     1    0.001808    0.051905    0.279015    1.433998 ^ _204_/X (sky130_fd_sc_hd__o21ba_2)
                                                         _007_ (net)
                      0.051905    0.000015    1.434013 ^ _221_/D (sky130_fd_sc_hd__dfxtp_2)
                                              1.434013   data arrival time

                                  0.000000    0.000000   clock clk (rise edge)
                                  0.000000    0.000000   clock source latency
     1    0.014492    0.000000    0.000000    0.000000 ^ clk (in)
                                                         clk (net)
                      0.000777    0.000388    0.000388 ^ clkbuf_0_clk/A (sky130_fd_sc_hd__clkbuf_16)
     4    0.039427    0.093375    0.218942    0.219331 ^ clkbuf_0_clk/X (sky130_fd_sc_hd__clkbuf_16)
                                                         clknet_0_clk (net)
                      0.093376    0.000463    0.219794 ^ clkbuf_2_3__f_clk/A (sky130_fd_sc_hd__clkbuf_16)
     8    0.026278    0.075393    0.241244    0.461038 ^ clkbuf_2_3__f_clk/X (sky130_fd_sc_hd__clkbuf_16)
                                                         clknet_2_3__leaf_clk (net)
                      0.075393    0.000169    0.461207 ^ _221_/CLK (sky130_fd_sc_hd__dfxtp_2)
                                  0.000000    0.461207   clock reconvergence pessimism
                                 -0.066893    0.394314   library hold time
                                              0.394314   data required time
---------------------------------------------------------------------------------------------
                                              0.394314   data required time
                                             -1.434013   data arrival time
---------------------------------------------------------------------------------------------
                                              1.039699   slack (MET)


Startpoint: _234_ (rising edge-triggered flip-flop clocked by clk)
Endpoint: _234_ (rising edge-triggered flip-flop clocked by clk)
Path Group: clk
Path Type: min

Fanout         Cap        Slew       Delay        Time   Description
---------------------------------------------------------------------------------------------
                                  0.000000    0.000000   clock clk (rise edge)
                                  0.000000    0.000000   clock source latency
     1    0.014492    0.000000    0.000000    0.000000 ^ clk (in)
                                                         clk (net)
                      0.000777    0.000388    0.000388 ^ clkbuf_0_clk/A (sky130_fd_sc_hd__clkbuf_16)
     4    0.039427    0.093375    0.218942    0.219331 ^ clkbuf_0_clk/X (sky130_fd_sc_hd__clkbuf_16)
                                                         clknet_0_clk (net)
                      0.093376    0.000463    0.219794 ^ clkbuf_2_3__f_clk/A (sky130_fd_sc_hd__clkbuf_16)
     8    0.026278    0.075393    0.241244    0.461038 ^ clkbuf_2_3__f_clk/X (sky130_fd_sc_hd__clkbuf_16)
                                                         clknet_2_3__leaf_clk (net)
                      0.075393    0.000181    0.461218 ^ _234_/CLK (sky130_fd_sc_hd__dfxtp_2)
     4    0.013883    0.130517    0.707298    1.168516 ^ _234_/Q (sky130_fd_sc_hd__dfxtp_2)
                                                         bit_index[2] (net)
                      0.130517    0.000120    1.168636 ^ _135_/A1 (sky130_fd_sc_hd__o21a_2)
     1    0.002710    0.053311    0.270917    1.439553 ^ _135_/X (sky130_fd_sc_hd__o21a_2)
                                                         _020_ (net)
                      0.053311    0.000035    1.439588 ^ _234_/D (sky130_fd_sc_hd__dfxtp_2)
                                              1.439588   data arrival time

                                  0.000000    0.000000   clock clk (rise edge)
                                  0.000000    0.000000   clock source latency
     1    0.014492    0.000000    0.000000    0.000000 ^ clk (in)
                                                         clk (net)
                      0.000777    0.000388    0.000388 ^ clkbuf_0_clk/A (sky130_fd_sc_hd__clkbuf_16)
     4    0.039427    0.093375    0.218942    0.219331 ^ clkbuf_0_clk/X (sky130_fd_sc_hd__clkbuf_16)
                                                         clknet_0_clk (net)
                      0.093376    0.000463    0.219794 ^ clkbuf_2_3__f_clk/A (sky130_fd_sc_hd__clkbuf_16)
     8    0.026278    0.075393    0.241244    0.461038 ^ clkbuf_2_3__f_clk/X (sky130_fd_sc_hd__clkbuf_16)
                                                         clknet_2_3__leaf_clk (net)
                      0.075393    0.000181    0.461218 ^ _234_/CLK (sky130_fd_sc_hd__dfxtp_2)
                                  0.000000    0.461218   clock reconvergence pessimism
                                 -0.067218    0.394001   library hold time
                                              0.394001   data required time
---------------------------------------------------------------------------------------------
                                              0.394001   data required time
                                             -1.439588   data arrival time
---------------------------------------------------------------------------------------------
                                              1.045587   slack (MET)


Startpoint: _232_ (rising edge-triggered flip-flop clocked by clk)
Endpoint: _232_ (rising edge-triggered flip-flop clocked by clk)
Path Group: clk
Path Type: min

Fanout         Cap        Slew       Delay        Time   Description
---------------------------------------------------------------------------------------------
                                  0.000000    0.000000   clock clk (rise edge)
                                  0.000000    0.000000   clock source latency
     1    0.014492    0.000000    0.000000    0.000000 ^ clk (in)
                                                         clk (net)
                      0.000777    0.000388    0.000388 ^ clkbuf_0_clk/A (sky130_fd_sc_hd__clkbuf_16)
     4    0.039427    0.093375    0.218942    0.219331 ^ clkbuf_0_clk/X (sky130_fd_sc_hd__clkbuf_16)
                                                         clknet_0_clk (net)
                      0.093376    0.000465    0.219795 ^ clkbuf_2_1__f_clk/A (sky130_fd_sc_hd__clkbuf_16)
     9    0.024143    0.072630    0.238210    0.458005 ^ clkbuf_2_1__f_clk/X (sky130_fd_sc_hd__clkbuf_16)
                                                         clknet_2_1__leaf_clk (net)
                      0.072630    0.000073    0.458078 ^ _232_/CLK (sky130_fd_sc_hd__dfxtp_2)
     5    0.023416    0.118998    0.679244    1.137322 v _232_/Q (sky130_fd_sc_hd__dfxtp_2)
                                                         bit_index[0] (net)
                      0.118998    0.000262    1.137584 v _126_/A (sky130_fd_sc_hd__xnor2_2)
     1    0.005510    0.075785    0.276107    1.413691 ^ _126_/Y (sky130_fd_sc_hd__xnor2_2)
                                                         _058_ (net)
                      0.075785    0.000062    1.413753 ^ _127_/B (sky130_fd_sc_hd__nor2_2)
     1    0.001921    0.024385    0.057020    1.470773 v _127_/Y (sky130_fd_sc_hd__nor2_2)
                                                         _018_ (net)
                      0.024385    0.000017    1.470790 v _232_/D (sky130_fd_sc_hd__dfxtp_2)
                                              1.470790   data arrival time

                                  0.000000    0.000000   clock clk (rise edge)
                                  0.000000    0.000000   clock source latency
     1    0.014492    0.000000    0.000000    0.000000 ^ clk (in)
                                                         clk (net)
                      0.000777    0.000388    0.000388 ^ clkbuf_0_clk/A (sky130_fd_sc_hd__clkbuf_16)
     4    0.039427    0.093375    0.218942    0.219331 ^ clkbuf_0_clk/X (sky130_fd_sc_hd__clkbuf_16)
                                                         clknet_0_clk (net)
                      0.093376    0.000465    0.219795 ^ clkbuf_2_1__f_clk/A (sky130_fd_sc_hd__clkbuf_16)
     9    0.024143    0.072630    0.238210    0.458005 ^ clkbuf_2_1__f_clk/X (sky130_fd_sc_hd__clkbuf_16)
                                                         clknet_2_1__leaf_clk (net)
                      0.072630    0.000073    0.458078 ^ _232_/CLK (sky130_fd_sc_hd__dfxtp_2)
                                  0.000000    0.458078   clock reconvergence pessimism
                                 -0.072721    0.385357   library hold time
                                              0.385357   data required time
---------------------------------------------------------------------------------------------
                                              0.385357   data required time
                                             -1.470790   data arrival time
---------------------------------------------------------------------------------------------
                                              1.085432   slack (MET)


Startpoint: _239_ (rising edge-triggered flip-flop clocked by clk)
Endpoint: _239_ (rising edge-triggered flip-flop clocked by clk)
Path Group: clk
Path Type: min

Fanout         Cap        Slew       Delay        Time   Description
---------------------------------------------------------------------------------------------
                                  0.000000    0.000000   clock clk (rise edge)
                                  0.000000    0.000000   clock source latency
     1    0.014492    0.000000    0.000000    0.000000 ^ clk (in)
                                                         clk (net)
                      0.000777    0.000388    0.000388 ^ clkbuf_0_clk/A (sky130_fd_sc_hd__clkbuf_16)
     4    0.039427    0.093375    0.218942    0.219331 ^ clkbuf_0_clk/X (sky130_fd_sc_hd__clkbuf_16)
                                                         clknet_0_clk (net)
                      0.093376    0.000494    0.219824 ^ clkbuf_2_0__f_clk/A (sky130_fd_sc_hd__clkbuf_16)
     8    0.026536    0.075742    0.241482    0.461306 ^ clkbuf_2_0__f_clk/X (sky130_fd_sc_hd__clkbuf_16)
                                                         clknet_2_0__leaf_clk (net)
                      0.075747    0.000626    0.461933 ^ _239_/CLK (sky130_fd_sc_hd__dfxtp_2)
     2    0.004945    0.066949    0.652801    1.114734 ^ _239_/Q (sky130_fd_sc_hd__dfxtp_2)
                                                         tx_shift[4] (net)
                      0.066949    0.000047    1.114781 ^ _149_/A1 (sky130_fd_sc_hd__mux2_1)
     1    0.001775    0.060685    0.214576    1.329357 ^ _149_/X (sky130_fd_sc_hd__mux2_1)
                                                         _074_ (net)
                      0.060685    0.000016    1.329373 ^ _150_/B (sky130_fd_sc_hd__or2_2)
     1    0.001908    0.042907    0.160223    1.489596 ^ _150_/X (sky130_fd_sc_hd__or2_2)
                                                         _025_ (net)
                      0.042907    0.000017    1.489613 ^ _239_/D (sky130_fd_sc_hd__dfxtp_2)
                                              1.489613   data arrival time

                                  0.000000    0.000000   clock clk (rise edge)
                                  0.000000    0.000000   clock source latency
     1    0.014492    0.000000    0.000000    0.000000 ^ clk (in)
                                                         clk (net)
                      0.000777    0.000388    0.000388 ^ clkbuf_0_clk/A (sky130_fd_sc_hd__clkbuf_16)
     4    0.039427    0.093375    0.218942    0.219331 ^ clkbuf_0_clk/X (sky130_fd_sc_hd__clkbuf_16)
                                                         clknet_0_clk (net)
                      0.093376    0.000494    0.219824 ^ clkbuf_2_0__f_clk/A (sky130_fd_sc_hd__clkbuf_16)
     8    0.026536    0.075742    0.241482    0.461306 ^ clkbuf_2_0__f_clk/X (sky130_fd_sc_hd__clkbuf_16)
                                                         clknet_2_0__leaf_clk (net)
                      0.075747    0.000626    0.461933 ^ _239_/CLK (sky130_fd_sc_hd__dfxtp_2)
                                  0.000000    0.461933   clock reconvergence pessimism
                                 -0.064756    0.397177   library hold time
                                              0.397177   data required time
---------------------------------------------------------------------------------------------
                                              0.397177   data required time
                                             -1.489613   data arrival time
---------------------------------------------------------------------------------------------
                                              1.092436   slack (MET)


Startpoint: _242_ (rising edge-triggered flip-flop clocked by clk)
Endpoint: _242_ (rising edge-triggered flip-flop clocked by clk)
Path Group: clk
Path Type: min

Fanout         Cap        Slew       Delay        Time   Description
---------------------------------------------------------------------------------------------
                                  0.000000    0.000000   clock clk (rise edge)
                                  0.000000    0.000000   clock source latency
     1    0.014492    0.000000    0.000000    0.000000 ^ clk (in)
                                                         clk (net)
                      0.000777    0.000388    0.000388 ^ clkbuf_0_clk/A (sky130_fd_sc_hd__clkbuf_16)
     4    0.039427    0.093375    0.218942    0.219331 ^ clkbuf_0_clk/X (sky130_fd_sc_hd__clkbuf_16)
                                                         clknet_0_clk (net)
                      0.093376    0.000494    0.219824 ^ clkbuf_2_0__f_clk/A (sky130_fd_sc_hd__clkbuf_16)
     8    0.026536    0.075742    0.241482    0.461306 ^ clkbuf_2_0__f_clk/X (sky130_fd_sc_hd__clkbuf_16)
                                                         clknet_2_0__leaf_clk (net)
                      0.075745    0.000501    0.461808 ^ _242_/CLK (sky130_fd_sc_hd__dfxtp_2)
     2    0.004426    0.063408    0.648795    1.110603 ^ _242_/Q (sky130_fd_sc_hd__dfxtp_2)
                                                         tx_shift[7] (net)
                      0.063408    0.000038    1.110641 ^ _158_/A1 (sky130_fd_sc_hd__mux2_1)
     1    0.002046    0.063575    0.216749    1.327390 ^ _158_/X (sky130_fd_sc_hd__mux2_1)
                                                         _080_ (net)
                      0.063575    0.000019    1.327410 ^ _159_/B (sky130_fd_sc_hd__or2_2)
     1    0.002014    0.043609    0.162364    1.489774 ^ _159_/X (sky130_fd_sc_hd__or2_2)
                                                         _028_ (net)
                      0.043609    0.000012    1.489785 ^ _242_/D (sky130_fd_sc_hd__dfxtp_2)
                                              1.489785   data arrival time

                                  0.000000    0.000000   clock clk (rise edge)
                                  0.000000    0.000000   clock source latency
     1    0.014492    0.000000    0.000000    0.000000 ^ clk (in)
                                                         clk (net)
                      0.000777    0.000388    0.000388 ^ clkbuf_0_clk/A (sky130_fd_sc_hd__clkbuf_16)
     4    0.039427    0.093375    0.218942    0.219331 ^ clkbuf_0_clk/X (sky130_fd_sc_hd__clkbuf_16)
                                                         clknet_0_clk (net)
                      0.093376    0.000494    0.219824 ^ clkbuf_2_0__f_clk/A (sky130_fd_sc_hd__clkbuf_16)
     8    0.026536    0.075742    0.241482    0.461306 ^ clkbuf_2_0__f_clk/X (sky130_fd_sc_hd__clkbuf_16)
                                                         clknet_2_0__leaf_clk (net)
                      0.075745    0.000501    0.461808 ^ _242_/CLK (sky130_fd_sc_hd__dfxtp_2)
                                  0.000000    0.461808   clock reconvergence pessimism
                                 -0.064919    0.396889   library hold time
                                              0.396889   data required time
---------------------------------------------------------------------------------------------
                                              0.396889   data required time
                                             -1.489785   data arrival time
---------------------------------------------------------------------------------------------
                                              1.092896   slack (MET)


Startpoint: _240_ (rising edge-triggered flip-flop clocked by clk)
Endpoint: _240_ (rising edge-triggered flip-flop clocked by clk)
Path Group: clk
Path Type: min

Fanout         Cap        Slew       Delay        Time   Description
---------------------------------------------------------------------------------------------
                                  0.000000    0.000000   clock clk (rise edge)
                                  0.000000    0.000000   clock source latency
     1    0.014492    0.000000    0.000000    0.000000 ^ clk (in)
                                                         clk (net)
                      0.000777    0.000388    0.000388 ^ clkbuf_0_clk/A (sky130_fd_sc_hd__clkbuf_16)
     4    0.039427    0.093375    0.218942    0.219331 ^ clkbuf_0_clk/X (sky130_fd_sc_hd__clkbuf_16)
                                                         clknet_0_clk (net)
                      0.093376    0.000494    0.219824 ^ clkbuf_2_0__f_clk/A (sky130_fd_sc_hd__clkbuf_16)
     8    0.026536    0.075742    0.241482    0.461306 ^ clkbuf_2_0__f_clk/X (sky130_fd_sc_hd__clkbuf_16)
                                                         clknet_2_0__leaf_clk (net)
                      0.075746    0.000582    0.461888 ^ _240_/CLK (sky130_fd_sc_hd__dfxtp_2)
     2    0.004521    0.064049    0.649531    1.111419 ^ _240_/Q (sky130_fd_sc_hd__dfxtp_2)
                                                         tx_shift[5] (net)
                      0.064049    0.000030    1.111449 ^ _152_/A1 (sky130_fd_sc_hd__mux2_1)
     1    0.002083    0.063932    0.217517    1.328966 ^ _152_/X (sky130_fd_sc_hd__mux2_1)
                                                         _076_ (net)
                      0.063932    0.000022    1.328988 ^ _153_/B (sky130_fd_sc_hd__or2_2)
     1    0.001963    0.043272    0.162161    1.491149 ^ _153_/X (sky130_fd_sc_hd__or2_2)
                                                         _026_ (net)
                      0.043272    0.000018    1.491167 ^ _240_/D (sky130_fd_sc_hd__dfxtp_2)
                                              1.491167   data arrival time

                                  0.000000    0.000000   clock clk (rise edge)
                                  0.000000    0.000000   clock source latency
     1    0.014492    0.000000    0.000000    0.000000 ^ clk (in)
                                                         clk (net)
                      0.000777    0.000388    0.000388 ^ clkbuf_0_clk/A (sky130_fd_sc_hd__clkbuf_16)
     4    0.039427    0.093375    0.218942    0.219331 ^ clkbuf_0_clk/X (sky130_fd_sc_hd__clkbuf_16)
                                                         clknet_0_clk (net)
                      0.093376    0.000494    0.219824 ^ clkbuf_2_0__f_clk/A (sky130_fd_sc_hd__clkbuf_16)
     8    0.026536    0.075742    0.241482    0.461306 ^ clkbuf_2_0__f_clk/X (sky130_fd_sc_hd__clkbuf_16)
                                                         clknet_2_0__leaf_clk (net)
                      0.075746    0.000582    0.461888 ^ _240_/CLK (sky130_fd_sc_hd__dfxtp_2)
                                  0.000000    0.461888   clock reconvergence pessimism
                                 -0.064841    0.397047   library hold time
                                              0.397047   data required time
---------------------------------------------------------------------------------------------
                                              0.397047   data required time
                                             -1.491167   data arrival time
---------------------------------------------------------------------------------------------
                                              1.094119   slack (MET)


Startpoint: _241_ (rising edge-triggered flip-flop clocked by clk)
Endpoint: _241_ (rising edge-triggered flip-flop clocked by clk)
Path Group: clk
Path Type: min

Fanout         Cap        Slew       Delay        Time   Description
---------------------------------------------------------------------------------------------
                                  0.000000    0.000000   clock clk (rise edge)
                                  0.000000    0.000000   clock source latency
     1    0.014492    0.000000    0.000000    0.000000 ^ clk (in)
                                                         clk (net)
                      0.000777    0.000388    0.000388 ^ clkbuf_0_clk/A (sky130_fd_sc_hd__clkbuf_16)
     4    0.039427    0.093375    0.218942    0.219331 ^ clkbuf_0_clk/X (sky130_fd_sc_hd__clkbuf_16)
                                                         clknet_0_clk (net)
                      0.093376    0.000494    0.219824 ^ clkbuf_2_0__f_clk/A (sky130_fd_sc_hd__clkbuf_16)
     8    0.026536    0.075742    0.241482    0.461306 ^ clkbuf_2_0__f_clk/X (sky130_fd_sc_hd__clkbuf_16)
                                                         clknet_2_0__leaf_clk (net)
                      0.075744    0.000449    0.461755 ^ _241_/CLK (sky130_fd_sc_hd__dfxtp_2)
     2    0.004660    0.064990    0.650603    1.112358 ^ _241_/Q (sky130_fd_sc_hd__dfxtp_2)
                                                         tx_shift[6] (net)
                      0.064990    0.000033    1.112392 ^ _155_/A1 (sky130_fd_sc_hd__mux2_1)
     1    0.002020    0.063319    0.217059    1.329451 ^ _155_/X (sky130_fd_sc_hd__mux2_1)
                                                         _078_ (net)
                      0.063319    0.000019    1.329469 ^ _156_/B (sky130_fd_sc_hd__or2_2)
     1    0.002171    0.044643    0.163378    1.492847 ^ _156_/X (sky130_fd_sc_hd__or2_2)
                                                         _027_ (net)
                      0.044643    0.000013    1.492861 ^ _241_/D (sky130_fd_sc_hd__dfxtp_2)
                                              1.492861   data arrival time

                                  0.000000    0.000000   clock clk (rise edge)
                                  0.000000    0.000000   clock source latency
     1    0.014492    0.000000    0.000000    0.000000 ^ clk (in)
                                                         clk (net)
                      0.000777    0.000388    0.000388 ^ clkbuf_0_clk/A (sky130_fd_sc_hd__clkbuf_16)
     4    0.039427    0.093375    0.218942    0.219331 ^ clkbuf_0_clk/X (sky130_fd_sc_hd__clkbuf_16)
                                                         clknet_0_clk (net)
                      0.093376    0.000494    0.219824 ^ clkbuf_2_0__f_clk/A (sky130_fd_sc_hd__clkbuf_16)
     8    0.026536    0.075742    0.241482    0.461306 ^ clkbuf_2_0__f_clk/X (sky130_fd_sc_hd__clkbuf_16)
                                                         clknet_2_0__leaf_clk (net)
                      0.075744    0.000449    0.461755 ^ _241_/CLK (sky130_fd_sc_hd__dfxtp_2)
                                  0.000000    0.461755   clock reconvergence pessimism
                                 -0.065158    0.396598   library hold time
                                              0.396598   data required time
---------------------------------------------------------------------------------------------
                                              0.396598   data required time
                                             -1.492861   data arrival time
---------------------------------------------------------------------------------------------
                                              1.096263   slack (MET)


Startpoint: _238_ (rising edge-triggered flip-flop clocked by clk)
Endpoint: _238_ (rising edge-triggered flip-flop clocked by clk)
Path Group: clk
Path Type: min

Fanout         Cap        Slew       Delay        Time   Description
---------------------------------------------------------------------------------------------
                                  0.000000    0.000000   clock clk (rise edge)
                                  0.000000    0.000000   clock source latency
     1    0.014492    0.000000    0.000000    0.000000 ^ clk (in)
                                                         clk (net)
                      0.000777    0.000388    0.000388 ^ clkbuf_0_clk/A (sky130_fd_sc_hd__clkbuf_16)
     4    0.039427    0.093375    0.218942    0.219331 ^ clkbuf_0_clk/X (sky130_fd_sc_hd__clkbuf_16)
                                                         clknet_0_clk (net)
                      0.093376    0.000465    0.219795 ^ clkbuf_2_1__f_clk/A (sky130_fd_sc_hd__clkbuf_16)
     9    0.024143    0.072630    0.238210    0.458005 ^ clkbuf_2_1__f_clk/X (sky130_fd_sc_hd__clkbuf_16)
                                                         clknet_2_1__leaf_clk (net)
                      0.072632    0.000178    0.458183 ^ _238_/CLK (sky130_fd_sc_hd__dfxtp_2)
     2    0.004783    0.065839    0.650127    1.108310 ^ _238_/Q (sky130_fd_sc_hd__dfxtp_2)
                                                         tx_shift[3] (net)
                      0.065839    0.000051    1.108361 ^ _146_/A1 (sky130_fd_sc_hd__mux2_1)
     1    0.001548    0.059193    0.211050    1.319411 ^ _146_/X (sky130_fd_sc_hd__mux2_1)
                                                         _072_ (net)
                      0.059193    0.000006    1.319417 ^ _147_/B (sky130_fd_sc_hd__or2_2)
     1    0.003713    0.054857    0.172569    1.491986 ^ _147_/X (sky130_fd_sc_hd__or2_2)
                                                         _024_ (net)
                      0.054857    0.000062    1.492048 ^ _238_/D (sky130_fd_sc_hd__dfxtp_2)
                                              1.492048   data arrival time

                                  0.000000    0.000000   clock clk (rise edge)
                                  0.000000    0.000000   clock source latency
     1    0.014492    0.000000    0.000000    0.000000 ^ clk (in)
                                                         clk (net)
                      0.000777    0.000388    0.000388 ^ clkbuf_0_clk/A (sky130_fd_sc_hd__clkbuf_16)
     4    0.039427    0.093375    0.218942    0.219331 ^ clkbuf_0_clk/X (sky130_fd_sc_hd__clkbuf_16)
                                                         clknet_0_clk (net)
                      0.093376    0.000465    0.219795 ^ clkbuf_2_1__f_clk/A (sky130_fd_sc_hd__clkbuf_16)
     9    0.024143    0.072630    0.238210    0.458005 ^ clkbuf_2_1__f_clk/X (sky130_fd_sc_hd__clkbuf_16)
                                                         clknet_2_1__leaf_clk (net)
                      0.072632    0.000178    0.458183 ^ _238_/CLK (sky130_fd_sc_hd__dfxtp_2)
                                  0.000000    0.458183   clock reconvergence pessimism
                                 -0.068014    0.390169   library hold time
                                              0.390169   data required time
---------------------------------------------------------------------------------------------
                                              0.390169   data required time
                                             -1.492048   data arrival time
---------------------------------------------------------------------------------------------
                                              1.101878   slack (MET)


Startpoint: _243_ (rising edge-triggered flip-flop clocked by clk)
Endpoint: _243_ (rising edge-triggered flip-flop clocked by clk)
Path Group: clk
Path Type: min

Fanout         Cap        Slew       Delay        Time   Description
---------------------------------------------------------------------------------------------
                                  0.000000    0.000000   clock clk (rise edge)
                                  0.000000    0.000000   clock source latency
     1    0.014492    0.000000    0.000000    0.000000 ^ clk (in)
                                                         clk (net)
                      0.000777    0.000388    0.000388 ^ clkbuf_0_clk/A (sky130_fd_sc_hd__clkbuf_16)
     4    0.039427    0.093375    0.218942    0.219331 ^ clkbuf_0_clk/X (sky130_fd_sc_hd__clkbuf_16)
                                                         clknet_0_clk (net)
                      0.093376    0.000502    0.219832 ^ clkbuf_2_2__f_clk/A (sky130_fd_sc_hd__clkbuf_16)
     9    0.024306    0.072831    0.238390    0.458223 ^ clkbuf_2_2__f_clk/X (sky130_fd_sc_hd__clkbuf_16)
                                                         clknet_2_2__leaf_clk (net)
                      0.072842    0.000345    0.458568 ^ _243_/CLK (sky130_fd_sc_hd__dfxtp_2)
     2    0.005736    0.072492    0.657072    1.115639 ^ _243_/Q (sky130_fd_sc_hd__dfxtp_2)
                                                         tx_shift[8] (net)
                      0.072492    0.000065    1.115704 ^ _161_/B2 (sky130_fd_sc_hd__a32o_2)
     1    0.002306    0.069520    0.220736    1.336440 ^ _161_/X (sky130_fd_sc_hd__a32o_2)
                                                         _082_ (net)
                      0.069520    0.000024    1.336464 ^ _162_/B (sky130_fd_sc_hd__or2_2)
     1    0.002083    0.044063    0.165678    1.502142 ^ _162_/X (sky130_fd_sc_hd__or2_2)
                                                         _029_ (net)
                      0.044063    0.000011    1.502153 ^ _243_/D (sky130_fd_sc_hd__dfxtp_2)
                                              1.502153   data arrival time

                                  0.000000    0.000000   clock clk (rise edge)
                                  0.000000    0.000000   clock source latency
     1    0.014492    0.000000    0.000000    0.000000 ^ clk (in)
                                                         clk (net)
                      0.000777    0.000388    0.000388 ^ clkbuf_0_clk/A (sky130_fd_sc_hd__clkbuf_16)
     4    0.039427    0.093375    0.218942    0.219331 ^ clkbuf_0_clk/X (sky130_fd_sc_hd__clkbuf_16)
                                                         clknet_0_clk (net)
                      0.093376    0.000502    0.219832 ^ clkbuf_2_2__f_clk/A (sky130_fd_sc_hd__clkbuf_16)
     9    0.024306    0.072831    0.238390    0.458223 ^ clkbuf_2_2__f_clk/X (sky130_fd_sc_hd__clkbuf_16)
                                                         clknet_2_2__leaf_clk (net)
                      0.072842    0.000345    0.458568 ^ _243_/CLK (sky130_fd_sc_hd__dfxtp_2)
                                  0.000000    0.458568   clock reconvergence pessimism
                                 -0.065485    0.393083   library hold time
                                              0.393083   data required time
---------------------------------------------------------------------------------------------
                                              0.393083   data required time
                                             -1.502153   data arrival time
---------------------------------------------------------------------------------------------
                                              1.109070   slack (MET)


Startpoint: _237_ (rising edge-triggered flip-flop clocked by clk)
Endpoint: _237_ (rising edge-triggered flip-flop clocked by clk)
Path Group: clk
Path Type: min

Fanout         Cap        Slew       Delay        Time   Description
---------------------------------------------------------------------------------------------
                                  0.000000    0.000000   clock clk (rise edge)
                                  0.000000    0.000000   clock source latency
     1    0.014492    0.000000    0.000000    0.000000 ^ clk (in)
                                                         clk (net)
                      0.000777    0.000388    0.000388 ^ clkbuf_0_clk/A (sky130_fd_sc_hd__clkbuf_16)
     4    0.039427    0.093375    0.218942    0.219331 ^ clkbuf_0_clk/X (sky130_fd_sc_hd__clkbuf_16)
                                                         clknet_0_clk (net)
                      0.093376    0.000494    0.219824 ^ clkbuf_2_0__f_clk/A (sky130_fd_sc_hd__clkbuf_16)
     8    0.026536    0.075742    0.241482    0.461306 ^ clkbuf_2_0__f_clk/X (sky130_fd_sc_hd__clkbuf_16)
                                                         clknet_2_0__leaf_clk (net)
                      0.075748    0.000652    0.461958 ^ _237_/CLK (sky130_fd_sc_hd__dfxtp_2)
     2    0.004799    0.065939    0.651670    1.113628 ^ _237_/Q (sky130_fd_sc_hd__dfxtp_2)
                                                         tx_shift[2] (net)
                      0.065939    0.000044    1.113672 ^ _143_/A1 (sky130_fd_sc_hd__mux2_1)
     1    0.002382    0.069610    0.222361    1.336033 ^ _143_/X (sky130_fd_sc_hd__mux2_1)
                                                         _070_ (net)
                      0.069610    0.000015    1.336048 ^ _144_/B (sky130_fd_sc_hd__or2_2)
     1    0.002663    0.047881    0.169918    1.505967 ^ _144_/X (sky130_fd_sc_hd__or2_2)
                                                         _023_ (net)
                      0.047881    0.000029    1.505996 ^ _237_/D (sky130_fd_sc_hd__dfxtp_2)
                                              1.505996   data arrival time

                                  0.000000    0.000000   clock clk (rise edge)
                                  0.000000    0.000000   clock source latency
     1    0.014492    0.000000    0.000000    0.000000 ^ clk (in)
                                                         clk (net)
                      0.000777    0.000388    0.000388 ^ clkbuf_0_clk/A (sky130_fd_sc_hd__clkbuf_16)
     4    0.039427    0.093375    0.218942    0.219331 ^ clkbuf_0_clk/X (sky130_fd_sc_hd__clkbuf_16)
                                                         clknet_0_clk (net)
                      0.093376    0.000494    0.219824 ^ clkbuf_2_0__f_clk/A (sky130_fd_sc_hd__clkbuf_16)
     8    0.026536    0.075742    0.241482    0.461306 ^ clkbuf_2_0__f_clk/X (sky130_fd_sc_hd__clkbuf_16)
                                                         clknet_2_0__leaf_clk (net)
                      0.075748    0.000652    0.461958 ^ _237_/CLK (sky130_fd_sc_hd__dfxtp_2)
                                  0.000000    0.461958   clock reconvergence pessimism
                                 -0.065906    0.396052   library hold time
                                              0.396052   data required time
---------------------------------------------------------------------------------------------
                                              0.396052   data required time
                                             -1.505996   data arrival time
---------------------------------------------------------------------------------------------
                                              1.109944   slack (MET)


Startpoint: _236_ (rising edge-triggered flip-flop clocked by clk)
Endpoint: _236_ (rising edge-triggered flip-flop clocked by clk)
Path Group: clk
Path Type: min

Fanout         Cap        Slew       Delay        Time   Description
---------------------------------------------------------------------------------------------
                                  0.000000    0.000000   clock clk (rise edge)
                                  0.000000    0.000000   clock source latency
     1    0.014492    0.000000    0.000000    0.000000 ^ clk (in)
                                                         clk (net)
                      0.000777    0.000388    0.000388 ^ clkbuf_0_clk/A (sky130_fd_sc_hd__clkbuf_16)
     4    0.039427    0.093375    0.218942    0.219331 ^ clkbuf_0_clk/X (sky130_fd_sc_hd__clkbuf_16)
                                                         clknet_0_clk (net)
                      0.093376    0.000494    0.219824 ^ clkbuf_2_0__f_clk/A (sky130_fd_sc_hd__clkbuf_16)
     8    0.026536    0.075742    0.241482    0.461306 ^ clkbuf_2_0__f_clk/X (sky130_fd_sc_hd__clkbuf_16)
                                                         clknet_2_0__leaf_clk (net)
                      0.075742    0.000236    0.461542 ^ _236_/CLK (sky130_fd_sc_hd__dfxtp_2)
     2    0.004089    0.060274    0.646193    1.107735 ^ _236_/Q (sky130_fd_sc_hd__dfxtp_2)
                                                         tx_shift[1] (net)
                      0.060274    0.000034    1.107768 ^ _140_/A1 (sky130_fd_sc_hd__mux2_1)
     1    0.002848    0.072796    0.226262    1.334031 ^ _140_/X (sky130_fd_sc_hd__mux2_1)
                                                         _068_ (net)
                      0.072796    0.000038    1.334069 ^ _141_/B (sky130_fd_sc_hd__or2_2)
     1    0.002812    0.048869    0.172513    1.506582 ^ _141_/X (sky130_fd_sc_hd__or2_2)
                                                         _022_ (net)
                      0.048869    0.000036    1.506618 ^ _236_/D (sky130_fd_sc_hd__dfxtp_2)
                                              1.506618   data arrival time

                                  0.000000    0.000000   clock clk (rise edge)
                                  0.000000    0.000000   clock source latency
     1    0.014492    0.000000    0.000000    0.000000 ^ clk (in)
                                                         clk (net)
                      0.000777    0.000388    0.000388 ^ clkbuf_0_clk/A (sky130_fd_sc_hd__clkbuf_16)
     4    0.039427    0.093375    0.218942    0.219331 ^ clkbuf_0_clk/X (sky130_fd_sc_hd__clkbuf_16)
                                                         clknet_0_clk (net)
                      0.093376    0.000494    0.219824 ^ clkbuf_2_0__f_clk/A (sky130_fd_sc_hd__clkbuf_16)
     8    0.026536    0.075742    0.241482    0.461306 ^ clkbuf_2_0__f_clk/X (sky130_fd_sc_hd__clkbuf_16)
                                                         clknet_2_0__leaf_clk (net)
                      0.075742    0.000236    0.461542 ^ _236_/CLK (sky130_fd_sc_hd__dfxtp_2)
                                  0.000000    0.461542   clock reconvergence pessimism
                                 -0.066135    0.395407   library hold time
                                              0.395407   data required time
---------------------------------------------------------------------------------------------
                                              0.395407   data required time
                                             -1.506618   data arrival time
---------------------------------------------------------------------------------------------
                                              1.111211   slack (MET)


Startpoint: _236_ (rising edge-triggered flip-flop clocked by clk)
Endpoint: _214_ (rising edge-triggered flip-flop clocked by clk)
Path Group: clk
Path Type: min

Fanout         Cap        Slew       Delay        Time   Description
---------------------------------------------------------------------------------------------
                                  0.000000    0.000000   clock clk (rise edge)
                                  0.000000    0.000000   clock source latency
     1    0.014492    0.000000    0.000000    0.000000 ^ clk (in)
                                                         clk (net)
                      0.000777    0.000388    0.000388 ^ clkbuf_0_clk/A (sky130_fd_sc_hd__clkbuf_16)
     4    0.039427    0.093375    0.218942    0.219331 ^ clkbuf_0_clk/X (sky130_fd_sc_hd__clkbuf_16)
                                                         clknet_0_clk (net)
                      0.093376    0.000494    0.219824 ^ clkbuf_2_0__f_clk/A (sky130_fd_sc_hd__clkbuf_16)
     8    0.026536    0.075742    0.241482    0.461306 ^ clkbuf_2_0__f_clk/X (sky130_fd_sc_hd__clkbuf_16)
                                                         clknet_2_0__leaf_clk (net)
                      0.075742    0.000236    0.461542 ^ _236_/CLK (sky130_fd_sc_hd__dfxtp_2)
     2    0.004089    0.060274    0.646193    1.107735 ^ _236_/Q (sky130_fd_sc_hd__dfxtp_2)
                                                         tx_shift[1] (net)
                      0.060274    0.000033    1.107767 ^ _183_/A (sky130_fd_sc_hd__or2_2)
     1    0.003476    0.053225    0.173665    1.281432 ^ _183_/X (sky130_fd_sc_hd__or2_2)
                                                         _102_ (net)
                      0.053225    0.000027    1.281458 ^ _184_/A2 (sky130_fd_sc_hd__a211o_2)
     1    0.001930    0.039950    0.229403    1.510862 ^ _184_/X (sky130_fd_sc_hd__a211o_2)
                                                         _000_ (net)
                      0.039950    0.000017    1.510879 ^ _214_/D (sky130_fd_sc_hd__dfxtp_2)
                                              1.510879   data arrival time

                                  0.000000    0.000000   clock clk (rise edge)
                                  0.000000    0.000000   clock source latency
     1    0.014492    0.000000    0.000000    0.000000 ^ clk (in)
                                                         clk (net)
                      0.000777    0.000388    0.000388 ^ clkbuf_0_clk/A (sky130_fd_sc_hd__clkbuf_16)
     4    0.039427    0.093375    0.218942    0.219331 ^ clkbuf_0_clk/X (sky130_fd_sc_hd__clkbuf_16)
                                                         clknet_0_clk (net)
                      0.093376    0.000494    0.219824 ^ clkbuf_2_0__f_clk/A (sky130_fd_sc_hd__clkbuf_16)
     8    0.026536    0.075742    0.241482    0.461306 ^ clkbuf_2_0__f_clk/X (sky130_fd_sc_hd__clkbuf_16)
                                                         clknet_2_0__leaf_clk (net)
                      0.075742    0.000249    0.461555 ^ _214_/CLK (sky130_fd_sc_hd__dfxtp_2)
                                  0.000000    0.461555   clock reconvergence pessimism
                                 -0.064073    0.397482   library hold time
                                              0.397482   data required time
---------------------------------------------------------------------------------------------
                                              0.397482   data required time
                                             -1.510879   data arrival time
---------------------------------------------------------------------------------------------
                                              1.113397   slack (MET)


Startpoint: _231_ (rising edge-triggered flip-flop clocked by clk)
Endpoint: _231_ (rising edge-triggered flip-flop clocked by clk)
Path Group: clk
Path Type: min

Fanout         Cap        Slew       Delay        Time   Description
---------------------------------------------------------------------------------------------
                                  0.000000    0.000000   clock clk (rise edge)
                                  0.000000    0.000000   clock source latency
     1    0.014492    0.000000    0.000000    0.000000 ^ clk (in)
                                                         clk (net)
                      0.000777    0.000388    0.000388 ^ clkbuf_0_clk/A (sky130_fd_sc_hd__clkbuf_16)
     4    0.039427    0.093375    0.218942    0.219331 ^ clkbuf_0_clk/X (sky130_fd_sc_hd__clkbuf_16)
                                                         clknet_0_clk (net)
                      0.093376    0.000465    0.219795 ^ clkbuf_2_1__f_clk/A (sky130_fd_sc_hd__clkbuf_16)
     9    0.024143    0.072630    0.238210    0.458005 ^ clkbuf_2_1__f_clk/X (sky130_fd_sc_hd__clkbuf_16)
                                                         clknet_2_1__leaf_clk (net)
                      0.072630    0.000102    0.458107 ^ _231_/CLK (sky130_fd_sc_hd__dfxtp_2)
     3    0.010310    0.069420    0.630748    1.088855 v _231_/Q (sky130_fd_sc_hd__dfxtp_2)
                                                         baud_counter[15] (net)
                      0.069420    0.000122    1.088977 v _124_/A (sky130_fd_sc_hd__nand4_2)
     1    0.003827    0.070731    0.098718    1.187695 ^ _124_/Y (sky130_fd_sc_hd__nand4_2)
                                                         _057_ (net)
                      0.070731    0.000048    1.187742 ^ _125_/A2 (sky130_fd_sc_hd__o211a_2)
     1    0.001906    0.069655    0.335428    1.523171 ^ _125_/X (sky130_fd_sc_hd__o211a_2)
                                                         _017_ (net)
                      0.069655    0.000017    1.523188 ^ _231_/D (sky130_fd_sc_hd__dfxtp_2)
                                              1.523188   data arrival time

                                  0.000000    0.000000   clock clk (rise edge)
                                  0.000000    0.000000   clock source latency
     1    0.014492    0.000000    0.000000    0.000000 ^ clk (in)
                                                         clk (net)
                      0.000777    0.000388    0.000388 ^ clkbuf_0_clk/A (sky130_fd_sc_hd__clkbuf_16)
     4    0.039427    0.093375    0.218942    0.219331 ^ clkbuf_0_clk/X (sky130_fd_sc_hd__clkbuf_16)
                                                         clknet_0_clk (net)
                      0.093376    0.000465    0.219795 ^ clkbuf_2_1__f_clk/A (sky130_fd_sc_hd__clkbuf_16)
     9    0.024143    0.072630    0.238210    0.458005 ^ clkbuf_2_1__f_clk/X (sky130_fd_sc_hd__clkbuf_16)
                                                         clknet_2_1__leaf_clk (net)
                      0.072630    0.000102    0.458107 ^ _231_/CLK (sky130_fd_sc_hd__dfxtp_2)
                                  0.000000    0.458107   clock reconvergence pessimism
                                 -0.071435    0.386671   library hold time
                                              0.386671   data required time
---------------------------------------------------------------------------------------------
                                              0.386671   data required time
                                             -1.523188   data arrival time
---------------------------------------------------------------------------------------------
                                              1.136516   slack (MET)


Startpoint: _224_ (rising edge-triggered flip-flop clocked by clk)
Endpoint: _224_ (rising edge-triggered flip-flop clocked by clk)
Path Group: clk
Path Type: min

Fanout         Cap        Slew       Delay        Time   Description
---------------------------------------------------------------------------------------------
                                  0.000000    0.000000   clock clk (rise edge)
                                  0.000000    0.000000   clock source latency
     1    0.014492    0.000000    0.000000    0.000000 ^ clk (in)
                                                         clk (net)
                      0.000777    0.000388    0.000388 ^ clkbuf_0_clk/A (sky130_fd_sc_hd__clkbuf_16)
     4    0.039427    0.093375    0.218942    0.219331 ^ clkbuf_0_clk/X (sky130_fd_sc_hd__clkbuf_16)
                                                         clknet_0_clk (net)
                      0.093376    0.000463    0.219794 ^ clkbuf_2_3__f_clk/A (sky130_fd_sc_hd__clkbuf_16)
     8    0.026278    0.075393    0.241244    0.461038 ^ clkbuf_2_3__f_clk/X (sky130_fd_sc_hd__clkbuf_16)
                                                         clknet_2_3__leaf_clk (net)
                      0.075393    0.000115    0.461153 ^ _224_/CLK (sky130_fd_sc_hd__dfxtp_2)
     4    0.016558    0.095827    0.657404    1.118557 v _224_/Q (sky130_fd_sc_hd__dfxtp_2)
                                                         baud_counter[8] (net)
                      0.095827    0.000167    1.118724 v _167_/A (sky130_fd_sc_hd__inv_2)
     2    0.008541    0.074706    0.107407    1.226131 ^ _167_/Y (sky130_fd_sc_hd__inv_2)
                                                         _086_ (net)
                      0.074706    0.000062    1.226193 ^ _211_/A (sky130_fd_sc_hd__nand2_2)
     1    0.003119    0.049337    0.080307    1.306500 v _211_/Y (sky130_fd_sc_hd__nand2_2)
                                                         _044_ (net)
                      0.049337    0.000034    1.306534 v _212_/B1 (sky130_fd_sc_hd__o211a_2)
     1    0.002155    0.040841    0.221039    1.527573 v _212_/X (sky130_fd_sc_hd__o211a_2)
                                                         _010_ (net)
                      0.040841    0.000022    1.527595 v _224_/D (sky130_fd_sc_hd__dfxtp_2)
                                              1.527595   data arrival time

                                  0.000000    0.000000   clock clk (rise edge)
                                  0.000000    0.000000   clock source latency
     1    0.014492    0.000000    0.000000    0.000000 ^ clk (in)
                                                         clk (net)
                      0.000777    0.000388    0.000388 ^ clkbuf_0_clk/A (sky130_fd_sc_hd__clkbuf_16)
     4    0.039427    0.093375    0.218942    0.219331 ^ clkbuf_0_clk/X (sky130_fd_sc_hd__clkbuf_16)
                                                         clknet_0_clk (net)
                      0.093376    0.000463    0.219794 ^ clkbuf_2_3__f_clk/A (sky130_fd_sc_hd__clkbuf_16)
     8    0.026278    0.075393    0.241244    0.461038 ^ clkbuf_2_3__f_clk/X (sky130_fd_sc_hd__clkbuf_16)
                                                         clknet_2_3__leaf_clk (net)
                      0.075393    0.000115    0.461153 ^ _224_/CLK (sky130_fd_sc_hd__dfxtp_2)
                                  0.000000    0.461153   clock reconvergence pessimism
                                 -0.078144    0.383009   library hold time
                                              0.383009   data required time
---------------------------------------------------------------------------------------------
                                              0.383009   data required time
                                             -1.527595   data arrival time
---------------------------------------------------------------------------------------------
                                              1.144586   slack (MET)


Startpoint: _230_ (rising edge-triggered flip-flop clocked by clk)
Endpoint: _230_ (rising edge-triggered flip-flop clocked by clk)
Path Group: clk
Path Type: min

Fanout         Cap        Slew       Delay        Time   Description
---------------------------------------------------------------------------------------------
                                  0.000000    0.000000   clock clk (rise edge)
                                  0.000000    0.000000   clock source latency
     1    0.014492    0.000000    0.000000    0.000000 ^ clk (in)
                                                         clk (net)
                      0.000777    0.000388    0.000388 ^ clkbuf_0_clk/A (sky130_fd_sc_hd__clkbuf_16)
     4    0.039427    0.093375    0.218942    0.219331 ^ clkbuf_0_clk/X (sky130_fd_sc_hd__clkbuf_16)
                                                         clknet_0_clk (net)
                      0.093376    0.000465    0.219795 ^ clkbuf_2_1__f_clk/A (sky130_fd_sc_hd__clkbuf_16)
     9    0.024143    0.072630    0.238210    0.458005 ^ clkbuf_2_1__f_clk/X (sky130_fd_sc_hd__clkbuf_16)
                                                         clknet_2_1__leaf_clk (net)
                      0.072630    0.000091    0.458096 ^ _230_/CLK (sky130_fd_sc_hd__dfxtp_2)
     5    0.018728    0.100706    0.664444    1.122540 v _230_/Q (sky130_fd_sc_hd__dfxtp_2)
                                                         baud_counter[14] (net)
                      0.100706    0.000198    1.122738 v _121_/A (sky130_fd_sc_hd__nand4_2)
     1    0.002007    0.060356    0.101769    1.224507 ^ _121_/Y (sky130_fd_sc_hd__nand4_2)
                                                         _055_ (net)
                      0.060356    0.000011    1.224518 ^ _122_/C (sky130_fd_sc_hd__and3_2)
     1    0.002455    0.076732    0.346714    1.571232 ^ _122_/X (sky130_fd_sc_hd__and3_2)
                                                         _016_ (net)
                      0.076732    0.000026    1.571258 ^ _230_/D (sky130_fd_sc_hd__dfxtp_2)
                                              1.571258   data arrival time

                                  0.000000    0.000000   clock clk (rise edge)
                                  0.000000    0.000000   clock source latency
     1    0.014492    0.000000    0.000000    0.000000 ^ clk (in)
                                                         clk (net)
                      0.000777    0.000388    0.000388 ^ clkbuf_0_clk/A (sky130_fd_sc_hd__clkbuf_16)
     4    0.039427    0.093375    0.218942    0.219331 ^ clkbuf_0_clk/X (sky130_fd_sc_hd__clkbuf_16)
                                                         clknet_0_clk (net)
                      0.093376    0.000465    0.219795 ^ clkbuf_2_1__f_clk/A (sky130_fd_sc_hd__clkbuf_16)
     9    0.024143    0.072630    0.238210    0.458005 ^ clkbuf_2_1__f_clk/X (sky130_fd_sc_hd__clkbuf_16)
                                                         clknet_2_1__leaf_clk (net)
                      0.072630    0.000091    0.458096 ^ _230_/CLK (sky130_fd_sc_hd__dfxtp_2)
                                  0.000000    0.458096   clock reconvergence pessimism
                                 -0.073072    0.385024   library hold time
                                              0.385024   data required time
---------------------------------------------------------------------------------------------
                                              0.385024   data required time
                                             -1.571258   data arrival time
---------------------------------------------------------------------------------------------
                                              1.186234   slack (MET)


Startpoint: _227_ (rising edge-triggered flip-flop clocked by clk)
Endpoint: _227_ (rising edge-triggered flip-flop clocked by clk)
Path Group: clk
Path Type: min

Fanout         Cap        Slew       Delay        Time   Description
---------------------------------------------------------------------------------------------
                                  0.000000    0.000000   clock clk (rise edge)
                                  0.000000    0.000000   clock source latency
     1    0.014492    0.000000    0.000000    0.000000 ^ clk (in)
                                                         clk (net)
                      0.000777    0.000388    0.000388 ^ clkbuf_0_clk/A (sky130_fd_sc_hd__clkbuf_16)
     4    0.039427    0.093375    0.218942    0.219331 ^ clkbuf_0_clk/X (sky130_fd_sc_hd__clkbuf_16)
                                                         clknet_0_clk (net)
                      0.093376    0.000465    0.219795 ^ clkbuf_2_1__f_clk/A (sky130_fd_sc_hd__clkbuf_16)
     9    0.024143    0.072630    0.238210    0.458005 ^ clkbuf_2_1__f_clk/X (sky130_fd_sc_hd__clkbuf_16)
                                                         clknet_2_1__leaf_clk (net)
                      0.072630    0.000097    0.458103 ^ _227_/CLK (sky130_fd_sc_hd__dfxtp_2)
    10    0.033528    0.158804    0.711205    1.169308 v _227_/Q (sky130_fd_sc_hd__dfxtp_2)
                                                         baud_counter[11] (net)
                      0.158804    0.000335    1.169643 v _113_/A1 (sky130_fd_sc_hd__o21ba_2)
     1    0.002175    0.042207    0.414087    1.583730 v _113_/X (sky130_fd_sc_hd__o21ba_2)
                                                         _013_ (net)
                      0.042207    0.000021    1.583751 v _227_/D (sky130_fd_sc_hd__dfxtp_2)
                                              1.583751   data arrival time

                                  0.000000    0.000000   clock clk (rise edge)
                                  0.000000    0.000000   clock source latency
     1    0.014492    0.000000    0.000000    0.000000 ^ clk (in)
                                                         clk (net)
                      0.000777    0.000388    0.000388 ^ clkbuf_0_clk/A (sky130_fd_sc_hd__clkbuf_16)
     4    0.039427    0.093375    0.218942    0.219331 ^ clkbuf_0_clk/X (sky130_fd_sc_hd__clkbuf_16)
                                                         clknet_0_clk (net)
                      0.093376    0.000465    0.219795 ^ clkbuf_2_1__f_clk/A (sky130_fd_sc_hd__clkbuf_16)
     9    0.024143    0.072630    0.238210    0.458005 ^ clkbuf_2_1__f_clk/X (sky130_fd_sc_hd__clkbuf_16)
                                                         clknet_2_1__leaf_clk (net)
                      0.072630    0.000097    0.458103 ^ _227_/CLK (sky130_fd_sc_hd__dfxtp_2)
                                  0.000000    0.458103   clock reconvergence pessimism
                                 -0.079302    0.378801   library hold time
                                              0.378801   data required time
---------------------------------------------------------------------------------------------
                                              0.378801   data required time
                                             -1.583751   data arrival time
---------------------------------------------------------------------------------------------
                                              1.204950   slack (MET)


Startpoint: _223_ (rising edge-triggered flip-flop clocked by clk)
Endpoint: _223_ (rising edge-triggered flip-flop clocked by clk)
Path Group: clk
Path Type: min

Fanout         Cap        Slew       Delay        Time   Description
---------------------------------------------------------------------------------------------
                                  0.000000    0.000000   clock clk (rise edge)
                                  0.000000    0.000000   clock source latency
     1    0.014492    0.000000    0.000000    0.000000 ^ clk (in)
                                                         clk (net)
                      0.000777    0.000388    0.000388 ^ clkbuf_0_clk/A (sky130_fd_sc_hd__clkbuf_16)
     4    0.039427    0.093375    0.218942    0.219331 ^ clkbuf_0_clk/X (sky130_fd_sc_hd__clkbuf_16)
                                                         clknet_0_clk (net)
                      0.093376    0.000463    0.219794 ^ clkbuf_2_3__f_clk/A (sky130_fd_sc_hd__clkbuf_16)
     8    0.026278    0.075393    0.241244    0.461038 ^ clkbuf_2_3__f_clk/X (sky130_fd_sc_hd__clkbuf_16)
                                                         clknet_2_3__leaf_clk (net)
                      0.075393    0.000106    0.461144 ^ _223_/CLK (sky130_fd_sc_hd__dfxtp_2)
     5    0.017503    0.097126    0.661336    1.122480 v _223_/Q (sky130_fd_sc_hd__dfxtp_2)
                                                         baud_counter[7] (net)
                      0.097126    0.000182    1.122662 v _209_/A (sky130_fd_sc_hd__nand2_2)
     3    0.010525    0.104094    0.134991    1.257653 ^ _209_/Y (sky130_fd_sc_hd__nand2_2)
                                                         _043_ (net)
                      0.104094    0.000124    1.257777 ^ _210_/C (sky130_fd_sc_hd__and3_2)
     1    0.002054    0.074755    0.357952    1.615729 ^ _210_/X (sky130_fd_sc_hd__and3_2)
                                                         _009_ (net)
                      0.074755    0.000011    1.615740 ^ _223_/D (sky130_fd_sc_hd__dfxtp_2)
                                              1.615740   data arrival time

                                  0.000000    0.000000   clock clk (rise edge)
                                  0.000000    0.000000   clock source latency
     1    0.014492    0.000000    0.000000    0.000000 ^ clk (in)
                                                         clk (net)
                      0.000777    0.000388    0.000388 ^ clkbuf_0_clk/A (sky130_fd_sc_hd__clkbuf_16)
     4    0.039427    0.093375    0.218942    0.219331 ^ clkbuf_0_clk/X (sky130_fd_sc_hd__clkbuf_16)
                                                         clknet_0_clk (net)
                      0.093376    0.000463    0.219794 ^ clkbuf_2_3__f_clk/A (sky130_fd_sc_hd__clkbuf_16)
     8    0.026278    0.075393    0.241244    0.461038 ^ clkbuf_2_3__f_clk/X (sky130_fd_sc_hd__clkbuf_16)
                                                         clknet_2_3__leaf_clk (net)
                      0.075393    0.000106    0.461144 ^ _223_/CLK (sky130_fd_sc_hd__dfxtp_2)
                                  0.000000    0.461144   clock reconvergence pessimism
                                 -0.072176    0.388968   library hold time
                                              0.388968   data required time
---------------------------------------------------------------------------------------------
                                              0.388968   data required time
                                             -1.615740   data arrival time
---------------------------------------------------------------------------------------------
                                              1.226772   slack (MET)


Startpoint: _220_ (rising edge-triggered flip-flop clocked by clk)
Endpoint: _220_ (rising edge-triggered flip-flop clocked by clk)
Path Group: clk
Path Type: min

Fanout         Cap        Slew       Delay        Time   Description
---------------------------------------------------------------------------------------------
                                  0.000000    0.000000   clock clk (rise edge)
                                  0.000000    0.000000   clock source latency
     1    0.014492    0.000000    0.000000    0.000000 ^ clk (in)
                                                         clk (net)
                      0.000777    0.000388    0.000388 ^ clkbuf_0_clk/A (sky130_fd_sc_hd__clkbuf_16)
     4    0.039427    0.093375    0.218942    0.219331 ^ clkbuf_0_clk/X (sky130_fd_sc_hd__clkbuf_16)
                                                         clknet_0_clk (net)
                      0.093376    0.000463    0.219794 ^ clkbuf_2_3__f_clk/A (sky130_fd_sc_hd__clkbuf_16)
     8    0.026278    0.075393    0.241244    0.461038 ^ clkbuf_2_3__f_clk/X (sky130_fd_sc_hd__clkbuf_16)
                                                         clknet_2_3__leaf_clk (net)
                      0.075393    0.000162    0.461199 ^ _220_/CLK (sky130_fd_sc_hd__dfxtp_2)
     4    0.009713    0.100146    0.682204    1.143403 ^ _220_/Q (sky130_fd_sc_hd__dfxtp_2)
                                                         baud_counter[4] (net)
                      0.100146    0.000072    1.143475 ^ _201_/B1 (sky130_fd_sc_hd__a21o_2)
     1    0.001812    0.038923    0.152246    1.295722 ^ _201_/X (sky130_fd_sc_hd__a21o_2)
                                                         _038_ (net)
                      0.038923    0.000015    1.295737 ^ _202_/B (sky130_fd_sc_hd__and3b_2)
     1    0.001923    0.074515    0.324697    1.620434 ^ _202_/X (sky130_fd_sc_hd__and3b_2)
                                                         _006_ (net)
                      0.074515    0.000010    1.620444 ^ _220_/D (sky130_fd_sc_hd__dfxtp_2)
                                              1.620444   data arrival time

                                  0.000000    0.000000   clock clk (rise edge)
                                  0.000000    0.000000   clock source latency
     1    0.014492    0.000000    0.000000    0.000000 ^ clk (in)
                                                         clk (net)
                      0.000777    0.000388    0.000388 ^ clkbuf_0_clk/A (sky130_fd_sc_hd__clkbuf_16)
     4    0.039427    0.093375    0.218942    0.219331 ^ clkbuf_0_clk/X (sky130_fd_sc_hd__clkbuf_16)
                                                         clknet_0_clk (net)
                      0.093376    0.000463    0.219794 ^ clkbuf_2_3__f_clk/A (sky130_fd_sc_hd__clkbuf_16)
     8    0.026278    0.075393    0.241244    0.461038 ^ clkbuf_2_3__f_clk/X (sky130_fd_sc_hd__clkbuf_16)
                                                         clknet_2_3__leaf_clk (net)
                      0.075393    0.000162    0.461199 ^ _220_/CLK (sky130_fd_sc_hd__dfxtp_2)
                                  0.000000    0.461199   clock reconvergence pessimism
                                 -0.072120    0.389079   library hold time
                                              0.389079   data required time
---------------------------------------------------------------------------------------------
                                              0.389079   data required time
                                             -1.620444   data arrival time
---------------------------------------------------------------------------------------------
                                              1.231365   slack (MET)


Startpoint: _228_ (rising edge-triggered flip-flop clocked by clk)
Endpoint: _228_ (rising edge-triggered flip-flop clocked by clk)
Path Group: clk
Path Type: min

Fanout         Cap        Slew       Delay        Time   Description
---------------------------------------------------------------------------------------------
                                  0.000000    0.000000   clock clk (rise edge)
                                  0.000000    0.000000   clock source latency
     1    0.014492    0.000000    0.000000    0.000000 ^ clk (in)
                                                         clk (net)
                      0.000777    0.000388    0.000388 ^ clkbuf_0_clk/A (sky130_fd_sc_hd__clkbuf_16)
     4    0.039427    0.093375    0.218942    0.219331 ^ clkbuf_0_clk/X (sky130_fd_sc_hd__clkbuf_16)
                                                         clknet_0_clk (net)
                      0.093376    0.000465    0.219795 ^ clkbuf_2_1__f_clk/A (sky130_fd_sc_hd__clkbuf_16)
     9    0.024143    0.072630    0.238210    0.458005 ^ clkbuf_2_1__f_clk/X (sky130_fd_sc_hd__clkbuf_16)
                                                         clknet_2_1__leaf_clk (net)
                      0.072632    0.000172    0.458177 ^ _228_/CLK (sky130_fd_sc_hd__dfxtp_2)
     4    0.009845    0.101093    0.681712    1.139889 ^ _228_/Q (sky130_fd_sc_hd__dfxtp_2)
                                                         baud_counter[12] (net)
                      0.101093    0.000085    1.139974 ^ _114_/B1 (sky130_fd_sc_hd__a21o_2)
     1    0.002448    0.042862    0.157042    1.297016 ^ _114_/X (sky130_fd_sc_hd__a21o_2)
                                                         _050_ (net)
                      0.042862    0.000026    1.297041 ^ _116_/C (sky130_fd_sc_hd__and3b_2)
     1    0.001960    0.073970    0.342691    1.639732 ^ _116_/X (sky130_fd_sc_hd__and3b_2)
                                                         _014_ (net)
                      0.073970    0.000018    1.639750 ^ _228_/D (sky130_fd_sc_hd__dfxtp_2)
                                              1.639750   data arrival time

                                  0.000000    0.000000   clock clk (rise edge)
                                  0.000000    0.000000   clock source latency
     1    0.014492    0.000000    0.000000    0.000000 ^ clk (in)
                                                         clk (net)
                      0.000777    0.000388    0.000388 ^ clkbuf_0_clk/A (sky130_fd_sc_hd__clkbuf_16)
     4    0.039427    0.093375    0.218942    0.219331 ^ clkbuf_0_clk/X (sky130_fd_sc_hd__clkbuf_16)
                                                         clknet_0_clk (net)
                      0.093376    0.000465    0.219795 ^ clkbuf_2_1__f_clk/A (sky130_fd_sc_hd__clkbuf_16)
     9    0.024143    0.072630    0.238210    0.458005 ^ clkbuf_2_1__f_clk/X (sky130_fd_sc_hd__clkbuf_16)
                                                         clknet_2_1__leaf_clk (net)
                      0.072632    0.000172    0.458177 ^ _228_/CLK (sky130_fd_sc_hd__dfxtp_2)
                                  0.000000    0.458177   clock reconvergence pessimism
                                 -0.072433    0.385744   library hold time
                                              0.385744   data required time
---------------------------------------------------------------------------------------------
                                              0.385744   data required time
                                             -1.639750   data arrival time
---------------------------------------------------------------------------------------------
                                              1.254006   slack (MET)


Startpoint: _222_ (rising edge-triggered flip-flop clocked by clk)
Endpoint: _222_ (rising edge-triggered flip-flop clocked by clk)
Path Group: clk
Path Type: min

Fanout         Cap        Slew       Delay        Time   Description
---------------------------------------------------------------------------------------------
                                  0.000000    0.000000   clock clk (rise edge)
                                  0.000000    0.000000   clock source latency
     1    0.014492    0.000000    0.000000    0.000000 ^ clk (in)
                                                         clk (net)
                      0.000777    0.000388    0.000388 ^ clkbuf_0_clk/A (sky130_fd_sc_hd__clkbuf_16)
     4    0.039427    0.093375    0.218942    0.219331 ^ clkbuf_0_clk/X (sky130_fd_sc_hd__clkbuf_16)
                                                         clknet_0_clk (net)
                      0.093376    0.000463    0.219794 ^ clkbuf_2_3__f_clk/A (sky130_fd_sc_hd__clkbuf_16)
     8    0.026278    0.075393    0.241244    0.461038 ^ clkbuf_2_3__f_clk/X (sky130_fd_sc_hd__clkbuf_16)
                                                         clknet_2_3__leaf_clk (net)
                      0.075393    0.000124    0.461161 ^ _222_/CLK (sky130_fd_sc_hd__dfxtp_2)
     3    0.007742    0.086225    0.670327    1.131488 ^ _222_/Q (sky130_fd_sc_hd__dfxtp_2)
                                                         baud_counter[6] (net)
                      0.086225    0.000062    1.131551 ^ _205_/B1 (sky130_fd_sc_hd__a31o_2)
     1    0.002188    0.050127    0.165110    1.296661 ^ _205_/X (sky130_fd_sc_hd__a31o_2)
                                                         _040_ (net)
                      0.050127    0.000023    1.296683 ^ _207_/C (sky130_fd_sc_hd__and3b_2)
     1    0.002097    0.074969    0.347059    1.643743 ^ _207_/X (sky130_fd_sc_hd__and3b_2)
                                                         _008_ (net)
                      0.074969    0.000020    1.643762 ^ _222_/D (sky130_fd_sc_hd__dfxtp_2)
                                              1.643762   data arrival time

                                  0.000000    0.000000   clock clk (rise edge)
                                  0.000000    0.000000   clock source latency
     1    0.014492    0.000000    0.000000    0.000000 ^ clk (in)
                                                         clk (net)
                      0.000777    0.000388    0.000388 ^ clkbuf_0_clk/A (sky130_fd_sc_hd__clkbuf_16)
     4    0.039427    0.093375    0.218942    0.219331 ^ clkbuf_0_clk/X (sky130_fd_sc_hd__clkbuf_16)
                                                         clknet_0_clk (net)
                      0.093376    0.000463    0.219794 ^ clkbuf_2_3__f_clk/A (sky130_fd_sc_hd__clkbuf_16)
     8    0.026278    0.075393    0.241244    0.461038 ^ clkbuf_2_3__f_clk/X (sky130_fd_sc_hd__clkbuf_16)
                                                         clknet_2_3__leaf_clk (net)
                      0.075393    0.000124    0.461161 ^ _222_/CLK (sky130_fd_sc_hd__dfxtp_2)
                                  0.000000    0.461161   clock reconvergence pessimism
                                 -0.072225    0.388936   library hold time
                                              0.388936   data required time
---------------------------------------------------------------------------------------------
                                              0.388936   data required time
                                             -1.643762   data arrival time
---------------------------------------------------------------------------------------------
                                              1.254826   slack (MET)


Startpoint: _218_ (rising edge-triggered flip-flop clocked by clk)
Endpoint: _218_ (rising edge-triggered flip-flop clocked by clk)
Path Group: clk
Path Type: min

Fanout         Cap        Slew       Delay        Time   Description
---------------------------------------------------------------------------------------------
                                  0.000000    0.000000   clock clk (rise edge)
                                  0.000000    0.000000   clock source latency
     1    0.014492    0.000000    0.000000    0.000000 ^ clk (in)
                                                         clk (net)
                      0.000777    0.000388    0.000388 ^ clkbuf_0_clk/A (sky130_fd_sc_hd__clkbuf_16)
     4    0.039427    0.093375    0.218942    0.219331 ^ clkbuf_0_clk/X (sky130_fd_sc_hd__clkbuf_16)
                                                         clknet_0_clk (net)
                      0.093376    0.000502    0.219832 ^ clkbuf_2_2__f_clk/A (sky130_fd_sc_hd__clkbuf_16)
     9    0.024306    0.072831    0.238390    0.458223 ^ clkbuf_2_2__f_clk/X (sky130_fd_sc_hd__clkbuf_16)
                                                         clknet_2_2__leaf_clk (net)
                      0.072837    0.000123    0.458346 ^ _218_/CLK (sky130_fd_sc_hd__dfxtp_2)
     3    0.007677    0.085770    0.668775    1.127120 ^ _218_/Q (sky130_fd_sc_hd__dfxtp_2)
                                                         baud_counter[2] (net)
                      0.085770    0.000045    1.127165 ^ _195_/B1 (sky130_fd_sc_hd__a31o_2)
     1    0.002606    0.053205    0.168476    1.295641 ^ _195_/X (sky130_fd_sc_hd__a31o_2)
                                                         _034_ (net)
                      0.053205    0.000028    1.295670 ^ _197_/C (sky130_fd_sc_hd__and3b_2)
     1    0.002106    0.074993    0.348378    1.644048 ^ _197_/X (sky130_fd_sc_hd__and3b_2)
                                                         _004_ (net)
                      0.074993    0.000020    1.644068 ^ _218_/D (sky130_fd_sc_hd__dfxtp_2)
                                              1.644068   data arrival time

                                  0.000000    0.000000   clock clk (rise edge)
                                  0.000000    0.000000   clock source latency
     1    0.014492    0.000000    0.000000    0.000000 ^ clk (in)
                                                         clk (net)
                      0.000777    0.000388    0.000388 ^ clkbuf_0_clk/A (sky130_fd_sc_hd__clkbuf_16)
     4    0.039427    0.093375    0.218942    0.219331 ^ clkbuf_0_clk/X (sky130_fd_sc_hd__clkbuf_16)
                                                         clknet_0_clk (net)
                      0.093376    0.000502    0.219832 ^ clkbuf_2_2__f_clk/A (sky130_fd_sc_hd__clkbuf_16)
     9    0.024306    0.072831    0.238390    0.458223 ^ clkbuf_2_2__f_clk/X (sky130_fd_sc_hd__clkbuf_16)
                                                         clknet_2_2__leaf_clk (net)
                      0.072837    0.000123    0.458346 ^ _218_/CLK (sky130_fd_sc_hd__dfxtp_2)
                                  0.000000    0.458346   clock reconvergence pessimism
                                 -0.072637    0.385709   library hold time
                                              0.385709   data required time
---------------------------------------------------------------------------------------------
                                              0.385709   data required time
                                             -1.644068   data arrival time
---------------------------------------------------------------------------------------------
                                              1.258359   slack (MET)


Startpoint: _225_ (rising edge-triggered flip-flop clocked by clk)
Endpoint: _225_ (rising edge-triggered flip-flop clocked by clk)
Path Group: clk
Path Type: min

Fanout         Cap        Slew       Delay        Time   Description
---------------------------------------------------------------------------------------------
                                  0.000000    0.000000   clock clk (rise edge)
                                  0.000000    0.000000   clock source latency
     1    0.014492    0.000000    0.000000    0.000000 ^ clk (in)
                                                         clk (net)
                      0.000777    0.000388    0.000388 ^ clkbuf_0_clk/A (sky130_fd_sc_hd__clkbuf_16)
     4    0.039427    0.093375    0.218942    0.219331 ^ clkbuf_0_clk/X (sky130_fd_sc_hd__clkbuf_16)
                                                         clknet_0_clk (net)
                      0.093376    0.000463    0.219794 ^ clkbuf_2_3__f_clk/A (sky130_fd_sc_hd__clkbuf_16)
     8    0.026278    0.075393    0.241244    0.461038 ^ clkbuf_2_3__f_clk/X (sky130_fd_sc_hd__clkbuf_16)
                                                         clknet_2_3__leaf_clk (net)
                      0.075393    0.000181    0.461219 ^ _225_/CLK (sky130_fd_sc_hd__dfxtp_2)
     4    0.010291    0.104284    0.685665    1.146883 ^ _225_/Q (sky130_fd_sc_hd__dfxtp_2)
                                                         baud_counter[9] (net)
                      0.104284    0.000093    1.146976 ^ _213_/B1 (sky130_fd_sc_hd__a21o_2)
     1    0.002527    0.043384    0.158990    1.305966 ^ _213_/X (sky130_fd_sc_hd__a21o_2)
                                                         _045_ (net)
                      0.043384    0.000030    1.305996 ^ _108_/C (sky130_fd_sc_hd__and3b_2)
     1    0.001891    0.073452    0.342138    1.648133 ^ _108_/X (sky130_fd_sc_hd__and3b_2)
                                                         _011_ (net)
                      0.073452    0.000017    1.648150 ^ _225_/D (sky130_fd_sc_hd__dfxtp_2)
                                              1.648150   data arrival time

                                  0.000000    0.000000   clock clk (rise edge)
                                  0.000000    0.000000   clock source latency
     1    0.014492    0.000000    0.000000    0.000000 ^ clk (in)
                                                         clk (net)
                      0.000777    0.000388    0.000388 ^ clkbuf_0_clk/A (sky130_fd_sc_hd__clkbuf_16)
     4    0.039427    0.093375    0.218942    0.219331 ^ clkbuf_0_clk/X (sky130_fd_sc_hd__clkbuf_16)
                                                         clknet_0_clk (net)
                      0.093376    0.000463    0.219794 ^ clkbuf_2_3__f_clk/A (sky130_fd_sc_hd__clkbuf_16)
     8    0.026278    0.075393    0.241244    0.461038 ^ clkbuf_2_3__f_clk/X (sky130_fd_sc_hd__clkbuf_16)
                                                         clknet_2_3__leaf_clk (net)
                      0.075393    0.000181    0.461219 ^ _225_/CLK (sky130_fd_sc_hd__dfxtp_2)
                                  0.000000    0.461219   clock reconvergence pessimism
                                 -0.071874    0.389344   library hold time
                                              0.389344   data required time
---------------------------------------------------------------------------------------------
                                              0.389344   data required time
                                             -1.648150   data arrival time
---------------------------------------------------------------------------------------------
                                              1.258806   slack (MET)


Startpoint: _235_ (rising edge-triggered flip-flop clocked by clk)
Endpoint: _235_ (rising edge-triggered flip-flop clocked by clk)
Path Group: clk
Path Type: min

Fanout         Cap        Slew       Delay        Time   Description
---------------------------------------------------------------------------------------------
                                  0.000000    0.000000   clock clk (rise edge)
                                  0.000000    0.000000   clock source latency
     1    0.014492    0.000000    0.000000    0.000000 ^ clk (in)
                                                         clk (net)
                      0.000777    0.000388    0.000388 ^ clkbuf_0_clk/A (sky130_fd_sc_hd__clkbuf_16)
     4    0.039427    0.093375    0.218942    0.219331 ^ clkbuf_0_clk/X (sky130_fd_sc_hd__clkbuf_16)
                                                         clknet_0_clk (net)
                      0.093376    0.000502    0.219832 ^ clkbuf_2_2__f_clk/A (sky130_fd_sc_hd__clkbuf_16)
     9    0.024306    0.072831    0.238390    0.458223 ^ clkbuf_2_2__f_clk/X (sky130_fd_sc_hd__clkbuf_16)
                                                         clknet_2_2__leaf_clk (net)
                      0.072839    0.000219    0.458442 ^ _235_/CLK (sky130_fd_sc_hd__dfxtp_2)
     3    0.012487    0.078326    0.639743    1.098185 v _235_/Q (sky130_fd_sc_hd__dfxtp_2)
                                                         bit_index[3] (net)
                      0.078326    0.000125    1.098310 v _136_/A (sky130_fd_sc_hd__xor2_2)
     1    0.002894    0.110516    0.222580    1.320890 ^ _136_/X (sky130_fd_sc_hd__xor2_2)
                                                         _065_ (net)
                      0.110516    0.000039    1.320929 ^ _137_/C (sky130_fd_sc_hd__and3_2)
     1    0.001829    0.072805    0.357657    1.678585 ^ _137_/X (sky130_fd_sc_hd__and3_2)
                                                         _021_ (net)
                      0.072805    0.000008    1.678593 ^ _235_/D (sky130_fd_sc_hd__dfxtp_2)
                                              1.678593   data arrival time

                                  0.000000    0.000000   clock clk (rise edge)
                                  0.000000    0.000000   clock source latency
     1    0.014492    0.000000    0.000000    0.000000 ^ clk (in)
                                                         clk (net)
                      0.000777    0.000388    0.000388 ^ clkbuf_0_clk/A (sky130_fd_sc_hd__clkbuf_16)
     4    0.039427    0.093375    0.218942    0.219331 ^ clkbuf_0_clk/X (sky130_fd_sc_hd__clkbuf_16)
                                                         clknet_0_clk (net)
                      0.093376    0.000502    0.219832 ^ clkbuf_2_2__f_clk/A (sky130_fd_sc_hd__clkbuf_16)
     9    0.024306    0.072831    0.238390    0.458223 ^ clkbuf_2_2__f_clk/X (sky130_fd_sc_hd__clkbuf_16)
                                                         clknet_2_2__leaf_clk (net)
                      0.072839    0.000219    0.458442 ^ _235_/CLK (sky130_fd_sc_hd__dfxtp_2)
                                  0.000000    0.458442   clock reconvergence pessimism
                                 -0.072131    0.386311   library hold time
                                              0.386311   data required time
---------------------------------------------------------------------------------------------
                                              0.386311   data required time
                                             -1.678593   data arrival time
---------------------------------------------------------------------------------------------
                                              1.292283   slack (MET)


Startpoint: _215_ (rising edge-triggered flip-flop clocked by clk)
Endpoint: _215_ (rising edge-triggered flip-flop clocked by clk)
Path Group: clk
Path Type: min

Fanout         Cap        Slew       Delay        Time   Description
---------------------------------------------------------------------------------------------
                                  0.000000    0.000000   clock clk (rise edge)
                                  0.000000    0.000000   clock source latency
     1    0.014492    0.000000    0.000000    0.000000 ^ clk (in)
                                                         clk (net)
                      0.000777    0.000388    0.000388 ^ clkbuf_0_clk/A (sky130_fd_sc_hd__clkbuf_16)
     4    0.039427    0.093375    0.218942    0.219331 ^ clkbuf_0_clk/X (sky130_fd_sc_hd__clkbuf_16)
                                                         clknet_0_clk (net)
                      0.093376    0.000502    0.219832 ^ clkbuf_2_2__f_clk/A (sky130_fd_sc_hd__clkbuf_16)
     9    0.024306    0.072831    0.238390    0.458223 ^ clkbuf_2_2__f_clk/X (sky130_fd_sc_hd__clkbuf_16)
                                                         clknet_2_2__leaf_clk (net)
                      0.072839    0.000203    0.458426 ^ _215_/CLK (sky130_fd_sc_hd__dfxtp_2)
     9    0.035986    0.168531    0.719103    1.177529 v _215_/Q (sky130_fd_sc_hd__dfxtp_2)
                                                         net11 (net)
                      0.168531    0.000027    1.177556 v _186_/A1 (sky130_fd_sc_hd__o211a_2)
     1    0.002735    0.043528    0.516045    1.693601 v _186_/X (sky130_fd_sc_hd__o211a_2)
                                                         _001_ (net)
                      0.043528    0.000033    1.693634 v _215_/D (sky130_fd_sc_hd__dfxtp_2)
                                              1.693634   data arrival time

                                  0.000000    0.000000   clock clk (rise edge)
                                  0.000000    0.000000   clock source latency
     1    0.014492    0.000000    0.000000    0.000000 ^ clk (in)
                                                         clk (net)
                      0.000777    0.000388    0.000388 ^ clkbuf_0_clk/A (sky130_fd_sc_hd__clkbuf_16)
     4    0.039427    0.093375    0.218942    0.219331 ^ clkbuf_0_clk/X (sky130_fd_sc_hd__clkbuf_16)
                                                         clknet_0_clk (net)
                      0.093376    0.000502    0.219832 ^ clkbuf_2_2__f_clk/A (sky130_fd_sc_hd__clkbuf_16)
     9    0.024306    0.072831    0.238390    0.458223 ^ clkbuf_2_2__f_clk/X (sky130_fd_sc_hd__clkbuf_16)
                                                         clknet_2_2__leaf_clk (net)
                      0.072839    0.000203    0.458426 ^ _215_/CLK (sky130_fd_sc_hd__dfxtp_2)
                                  0.000000    0.458426   clock reconvergence pessimism
                                 -0.079740    0.378686   library hold time
                                              0.378686   data required time
---------------------------------------------------------------------------------------------
                                              0.378686   data required time
                                             -1.693634   data arrival time
---------------------------------------------------------------------------------------------
                                              1.314948   slack (MET)


Startpoint: _226_ (rising edge-triggered flip-flop clocked by clk)
Endpoint: _226_ (rising edge-triggered flip-flop clocked by clk)
Path Group: clk
Path Type: min

Fanout         Cap        Slew       Delay        Time   Description
---------------------------------------------------------------------------------------------
                                  0.000000    0.000000   clock clk (rise edge)
                                  0.000000    0.000000   clock source latency
     1    0.014492    0.000000    0.000000    0.000000 ^ clk (in)
                                                         clk (net)
                      0.000777    0.000388    0.000388 ^ clkbuf_0_clk/A (sky130_fd_sc_hd__clkbuf_16)
     4    0.039427    0.093375    0.218942    0.219331 ^ clkbuf_0_clk/X (sky130_fd_sc_hd__clkbuf_16)
                                                         clknet_0_clk (net)
                      0.093376    0.000465    0.219795 ^ clkbuf_2_1__f_clk/A (sky130_fd_sc_hd__clkbuf_16)
     9    0.024143    0.072630    0.238210    0.458005 ^ clkbuf_2_1__f_clk/X (sky130_fd_sc_hd__clkbuf_16)
                                                         clknet_2_1__leaf_clk (net)
                      0.072630    0.000101    0.458106 ^ _226_/CLK (sky130_fd_sc_hd__dfxtp_2)
     5    0.013637    0.128714    0.704532    1.162638 ^ _226_/Q (sky130_fd_sc_hd__dfxtp_2)
                                                         baud_counter[10] (net)
                      0.128714    0.000083    1.162721 ^ _109_/A (sky130_fd_sc_hd__or2_2)
     1    0.002346    0.045959    0.197695    1.360417 ^ _109_/X (sky130_fd_sc_hd__or2_2)
                                                         _047_ (net)
                      0.045959    0.000026    1.360443 ^ _111_/C (sky130_fd_sc_hd__and3b_2)
     1    0.002118    0.075065    0.345648    1.706090 ^ _111_/X (sky130_fd_sc_hd__and3b_2)
                                                         _012_ (net)
                      0.075065    0.000021    1.706111 ^ _226_/D (sky130_fd_sc_hd__dfxtp_2)
                                              1.706111   data arrival time

                                  0.000000    0.000000   clock clk (rise edge)
                                  0.000000    0.000000   clock source latency
     1    0.014492    0.000000    0.000000    0.000000 ^ clk (in)
                                                         clk (net)
                      0.000777    0.000388    0.000388 ^ clkbuf_0_clk/A (sky130_fd_sc_hd__clkbuf_16)
     4    0.039427    0.093375    0.218942    0.219331 ^ clkbuf_0_clk/X (sky130_fd_sc_hd__clkbuf_16)
                                                         clknet_0_clk (net)
                      0.093376    0.000465    0.219795 ^ clkbuf_2_1__f_clk/A (sky130_fd_sc_hd__clkbuf_16)
     9    0.024143    0.072630    0.238210    0.458005 ^ clkbuf_2_1__f_clk/X (sky130_fd_sc_hd__clkbuf_16)
                                                         clknet_2_1__leaf_clk (net)
                      0.072630    0.000101    0.458106 ^ _226_/CLK (sky130_fd_sc_hd__dfxtp_2)
                                  0.000000    0.458106   clock reconvergence pessimism
                                 -0.072686    0.385420   library hold time
                                              0.385420   data required time
---------------------------------------------------------------------------------------------
                                              0.385420   data required time
                                             -1.706111   data arrival time
---------------------------------------------------------------------------------------------
                                              1.320691   slack (MET)


Startpoint: _233_ (rising edge-triggered flip-flop clocked by clk)
Endpoint: _233_ (rising edge-triggered flip-flop clocked by clk)
Path Group: clk
Path Type: min

Fanout         Cap        Slew       Delay        Time   Description
---------------------------------------------------------------------------------------------
                                  0.000000    0.000000   clock clk (rise edge)
                                  0.000000    0.000000   clock source latency
     1    0.014492    0.000000    0.000000    0.000000 ^ clk (in)
                                                         clk (net)
                      0.000777    0.000388    0.000388 ^ clkbuf_0_clk/A (sky130_fd_sc_hd__clkbuf_16)
     4    0.039427    0.093375    0.218942    0.219331 ^ clkbuf_0_clk/X (sky130_fd_sc_hd__clkbuf_16)
                                                         clknet_0_clk (net)
                      0.093376    0.000465    0.219795 ^ clkbuf_2_1__f_clk/A (sky130_fd_sc_hd__clkbuf_16)
     9    0.024143    0.072630    0.238210    0.458005 ^ clkbuf_2_1__f_clk/X (sky130_fd_sc_hd__clkbuf_16)
                                                         clknet_2_1__leaf_clk (net)
                      0.072630    0.000110    0.458115 ^ _233_/CLK (sky130_fd_sc_hd__dfxtp_2)
     5    0.015845    0.144981    0.717733    1.175848 ^ _233_/Q (sky130_fd_sc_hd__dfxtp_2)
                                                         bit_index[1] (net)
                      0.144981    0.000183    1.176031 ^ _129_/B1 (sky130_fd_sc_hd__a31o_2)
     1    0.002274    0.051166    0.192461    1.368492 ^ _129_/X (sky130_fd_sc_hd__a31o_2)
                                                         _060_ (net)
                      0.051166    0.000022    1.368514 ^ _131_/C (sky130_fd_sc_hd__and3b_2)
     1    0.002924    0.081066    0.356542    1.725056 ^ _131_/X (sky130_fd_sc_hd__and3b_2)
                                                         _019_ (net)
                      0.081066    0.000039    1.725095 ^ _233_/D (sky130_fd_sc_hd__dfxtp_2)
                                              1.725095   data arrival time

                                  0.000000    0.000000   clock clk (rise edge)
                                  0.000000    0.000000   clock source latency
     1    0.014492    0.000000    0.000000    0.000000 ^ clk (in)
                                                         clk (net)
                      0.000777    0.000388    0.000388 ^ clkbuf_0_clk/A (sky130_fd_sc_hd__clkbuf_16)
     4    0.039427    0.093375    0.218942    0.219331 ^ clkbuf_0_clk/X (sky130_fd_sc_hd__clkbuf_16)
                                                         clknet_0_clk (net)
                      0.093376    0.000465    0.219795 ^ clkbuf_2_1__f_clk/A (sky130_fd_sc_hd__clkbuf_16)
     9    0.024143    0.072630    0.238210    0.458005 ^ clkbuf_2_1__f_clk/X (sky130_fd_sc_hd__clkbuf_16)
                                                         clknet_2_1__leaf_clk (net)
                      0.072630    0.000110    0.458115 ^ _233_/CLK (sky130_fd_sc_hd__dfxtp_2)
                                  0.000000    0.458115   clock reconvergence pessimism
                                 -0.074074    0.384041   library hold time
                                              0.384041   data required time
---------------------------------------------------------------------------------------------
                                              0.384041   data required time
                                             -1.725095   data arrival time
---------------------------------------------------------------------------------------------
                                              1.341053   slack (MET)


Startpoint: _214_ (rising edge-triggered flip-flop clocked by clk)
Endpoint: tx (output port clocked by clk)
Path Group: clk
Path Type: min

Fanout         Cap        Slew       Delay        Time   Description
---------------------------------------------------------------------------------------------
                                  0.000000    0.000000   clock clk (rise edge)
                                  0.000000    0.000000   clock source latency
     1    0.014492    0.000000    0.000000    0.000000 ^ clk (in)
                                                         clk (net)
                      0.000777    0.000388    0.000388 ^ clkbuf_0_clk/A (sky130_fd_sc_hd__clkbuf_16)
     4    0.039427    0.093375    0.218942    0.219331 ^ clkbuf_0_clk/X (sky130_fd_sc_hd__clkbuf_16)
                                                         clknet_0_clk (net)
                      0.093376    0.000494    0.219824 ^ clkbuf_2_0__f_clk/A (sky130_fd_sc_hd__clkbuf_16)
     8    0.026536    0.075742    0.241482    0.461306 ^ clkbuf_2_0__f_clk/X (sky130_fd_sc_hd__clkbuf_16)
                                                         clknet_2_0__leaf_clk (net)
                      0.075742    0.000249    0.461555 ^ _214_/CLK (sky130_fd_sc_hd__dfxtp_2)
     2    0.007063    0.056103    0.618908    1.080463 v _214_/Q (sky130_fd_sc_hd__dfxtp_2)
                                                         net12 (net)
                      0.056103    0.000068    1.080531 v output12/A (sky130_fd_sc_hd__clkdlybuf4s25_1)
     1    0.000913    0.053411    0.422927    1.503458 v output12/X (sky130_fd_sc_hd__clkdlybuf4s25_1)
                                                         tx (net)
                      0.053411    0.000003    1.503461 v tx (out)
                                              1.503461   data arrival time

                                  0.000000    0.000000   clock clk (rise edge)
                                  0.000000    0.000000   clock network delay (propagated)
                                  0.000000    0.000000   clock reconvergence pessimism
                                 -2.000000   -2.000000   output external delay
                                             -2.000000   data required time
---------------------------------------------------------------------------------------------
                                             -2.000000   data required time
                                             -1.503461   data arrival time
---------------------------------------------------------------------------------------------
                                              3.503461   slack (MET)


Startpoint: _215_ (rising edge-triggered flip-flop clocked by clk)
Endpoint: busy (output port clocked by clk)
Path Group: clk
Path Type: min

Fanout         Cap        Slew       Delay        Time   Description
---------------------------------------------------------------------------------------------
                                  0.000000    0.000000   clock clk (rise edge)
                                  0.000000    0.000000   clock source latency
     1    0.014492    0.000000    0.000000    0.000000 ^ clk (in)
                                                         clk (net)
                      0.000777    0.000388    0.000388 ^ clkbuf_0_clk/A (sky130_fd_sc_hd__clkbuf_16)
     4    0.039427    0.093375    0.218942    0.219331 ^ clkbuf_0_clk/X (sky130_fd_sc_hd__clkbuf_16)
                                                         clknet_0_clk (net)
                      0.093376    0.000502    0.219832 ^ clkbuf_2_2__f_clk/A (sky130_fd_sc_hd__clkbuf_16)
     9    0.024306    0.072831    0.238390    0.458223 ^ clkbuf_2_2__f_clk/X (sky130_fd_sc_hd__clkbuf_16)
                                                         clknet_2_2__leaf_clk (net)
                      0.072839    0.000203    0.458426 ^ _215_/CLK (sky130_fd_sc_hd__dfxtp_2)
     9    0.035986    0.168531    0.719103    1.177529 v _215_/Q (sky130_fd_sc_hd__dfxtp_2)
                                                         net11 (net)
                      0.168531    0.000371    1.177900 v output11/A (sky130_fd_sc_hd__clkdlybuf4s25_1)
     1    0.000849    0.052530    0.473376    1.651276 v output11/X (sky130_fd_sc_hd__clkdlybuf4s25_1)
                                                         busy (net)
                      0.052530    0.000004    1.651280 v busy (out)
                                              1.651280   data arrival time

                                  0.000000    0.000000   clock clk (rise edge)
                                  0.000000    0.000000   clock network delay (propagated)
                                  0.000000    0.000000   clock reconvergence pessimism
                                 -2.000000   -2.000000   output external delay
                                             -2.000000   data required time
---------------------------------------------------------------------------------------------
                                             -2.000000   data required time
                                             -1.651280   data arrival time
---------------------------------------------------------------------------------------------
                                              3.651280   slack (MET)



%OL_END_REPORT
%OL_CREATE_REPORT max.rpt

===========================================================================
report_checks -path_delay max (Setup)
============================================================================
======================= min_ss_100C_1v60 Corner ===================================

Startpoint: _219_ (rising edge-triggered flip-flop clocked by clk)
Endpoint: _236_ (rising edge-triggered flip-flop clocked by clk)
Path Group: clk
Path Type: max

Fanout         Cap        Slew       Delay        Time   Description
---------------------------------------------------------------------------------------------
                                  0.000000    0.000000   clock clk (rise edge)
                                  0.000000    0.000000   clock source latency
     1    0.014492    0.000000    0.000000    0.000000 ^ clk (in)
                                                         clk (net)
                      0.000777    0.000388    0.000388 ^ clkbuf_0_clk/A (sky130_fd_sc_hd__clkbuf_16)
     4    0.039427    0.093375    0.218942    0.219331 ^ clkbuf_0_clk/X (sky130_fd_sc_hd__clkbuf_16)
                                                         clknet_0_clk (net)
                      0.093376    0.000502    0.219832 ^ clkbuf_2_2__f_clk/A (sky130_fd_sc_hd__clkbuf_16)
     9    0.024306    0.072831    0.238390    0.458223 ^ clkbuf_2_2__f_clk/X (sky130_fd_sc_hd__clkbuf_16)
                                                         clknet_2_2__leaf_clk (net)
                      0.072837    0.000140    0.458362 ^ _219_/CLK (sky130_fd_sc_hd__dfxtp_2)
     7    0.025002    0.125180    0.684393    1.142755 v _219_/Q (sky130_fd_sc_hd__dfxtp_2)
                                                         baud_counter[3] (net)
                      0.125180    0.000169    1.142924 v _177_/A (sky130_fd_sc_hd__or4b_2)
     1    0.006425    0.247912    1.634511    2.777435 v _177_/X (sky130_fd_sc_hd__or4b_2)
                                                         _096_ (net)
                      0.247912    0.000177    2.777613 v _180_/B (sky130_fd_sc_hd__or4b_2)
     4    0.017576    0.322330    1.749802    4.527415 v _180_/X (sky130_fd_sc_hd__or4b_2)
                                                         _099_ (net)
                      0.322330    0.000441    4.527855 v _138_/A3 (sky130_fd_sc_hd__o31a_2)
     8    0.036177    0.226443    0.821785    5.349640 v _138_/X (sky130_fd_sc_hd__o31a_2)
                                                         _066_ (net)
                      0.226443    0.000242    5.349883 v _140_/S (sky130_fd_sc_hd__mux2_1)
     1    0.002711    0.109187    0.748937    6.098820 v _140_/X (sky130_fd_sc_hd__mux2_1)
                                                         _068_ (net)
                      0.109187    0.000036    6.098856 v _141_/B (sky130_fd_sc_hd__or2_2)
     1    0.002852    0.110618    0.628717    6.727572 v _141_/X (sky130_fd_sc_hd__or2_2)
                                                         _022_ (net)
                      0.110618    0.000037    6.727609 v _236_/D (sky130_fd_sc_hd__dfxtp_2)
                                              6.727609   data arrival time

                                 20.000000   20.000000   clock clk (rise edge)
                                  0.000000   20.000000   clock source latency
     1    0.014492    0.000000    0.000000   20.000000 ^ clk (in)
                                                         clk (net)
                      0.000777    0.000389   20.000389 ^ clkbuf_0_clk/A (sky130_fd_sc_hd__clkbuf_16)
     4    0.039427    0.093375    0.218941   20.219330 ^ clkbuf_0_clk/X (sky130_fd_sc_hd__clkbuf_16)
                                                         clknet_0_clk (net)
                      0.093376    0.000494   20.219824 ^ clkbuf_2_0__f_clk/A (sky130_fd_sc_hd__clkbuf_16)
     8    0.026536    0.075742    0.241482   20.461306 ^ clkbuf_2_0__f_clk/X (sky130_fd_sc_hd__clkbuf_16)
                                                         clknet_2_0__leaf_clk (net)
                      0.075742    0.000236   20.461542 ^ _236_/CLK (sky130_fd_sc_hd__dfxtp_2)
                                  0.000000   20.461542   clock reconvergence pessimism
                                 -0.289713   20.171829   library setup time
                                             20.171829   data required time
---------------------------------------------------------------------------------------------
                                             20.171829   data required time
                                             -6.727609   data arrival time
---------------------------------------------------------------------------------------------
                                             13.444221   slack (MET)


Startpoint: _219_ (rising edge-triggered flip-flop clocked by clk)
Endpoint: _238_ (rising edge-triggered flip-flop clocked by clk)
Path Group: clk
Path Type: max

Fanout         Cap        Slew       Delay        Time   Description
---------------------------------------------------------------------------------------------
                                  0.000000    0.000000   clock clk (rise edge)
                                  0.000000    0.000000   clock source latency
     1    0.014492    0.000000    0.000000    0.000000 ^ clk (in)
                                                         clk (net)
                      0.000777    0.000388    0.000388 ^ clkbuf_0_clk/A (sky130_fd_sc_hd__clkbuf_16)
     4    0.039427    0.093375    0.218942    0.219331 ^ clkbuf_0_clk/X (sky130_fd_sc_hd__clkbuf_16)
                                                         clknet_0_clk (net)
                      0.093376    0.000502    0.219832 ^ clkbuf_2_2__f_clk/A (sky130_fd_sc_hd__clkbuf_16)
     9    0.024306    0.072831    0.238390    0.458223 ^ clkbuf_2_2__f_clk/X (sky130_fd_sc_hd__clkbuf_16)
                                                         clknet_2_2__leaf_clk (net)
                      0.072837    0.000140    0.458362 ^ _219_/CLK (sky130_fd_sc_hd__dfxtp_2)
     7    0.025002    0.125180    0.684393    1.142755 v _219_/Q (sky130_fd_sc_hd__dfxtp_2)
                                                         baud_counter[3] (net)
                      0.125180    0.000169    1.142924 v _177_/A (sky130_fd_sc_hd__or4b_2)
     1    0.006425    0.247912    1.634511    2.777435 v _177_/X (sky130_fd_sc_hd__or4b_2)
                                                         _096_ (net)
                      0.247912    0.000177    2.777613 v _180_/B (sky130_fd_sc_hd__or4b_2)
     4    0.017576    0.322330    1.749802    4.527415 v _180_/X (sky130_fd_sc_hd__or4b_2)
                                                         _099_ (net)
                      0.322330    0.000441    4.527855 v _138_/A3 (sky130_fd_sc_hd__o31a_2)
     8    0.036177    0.226443    0.821785    5.349640 v _138_/X (sky130_fd_sc_hd__o31a_2)
                                                         _066_ (net)
                      0.226443    0.000403    5.350043 v _146_/S (sky130_fd_sc_hd__mux2_1)
     1    0.001411    0.097648    0.725813    6.075856 v _146_/X (sky130_fd_sc_hd__mux2_1)
                                                         _072_ (net)
                      0.097648    0.000005    6.075862 v _147_/B (sky130_fd_sc_hd__or2_2)
     1    0.003753    0.115255    0.635051    6.710913 v _147_/X (sky130_fd_sc_hd__or2_2)
                                                         _024_ (net)
                      0.115255    0.000062    6.710975 v _238_/D (sky130_fd_sc_hd__dfxtp_2)
                                              6.710975   data arrival time

                                 20.000000   20.000000   clock clk (rise edge)
                                  0.000000   20.000000   clock source latency
     1    0.014492    0.000000    0.000000   20.000000 ^ clk (in)
                                                         clk (net)
                      0.000777    0.000389   20.000389 ^ clkbuf_0_clk/A (sky130_fd_sc_hd__clkbuf_16)
     4    0.039427    0.093375    0.218941   20.219330 ^ clkbuf_0_clk/X (sky130_fd_sc_hd__clkbuf_16)
                                                         clknet_0_clk (net)
                      0.093376    0.000465   20.219797 ^ clkbuf_2_1__f_clk/A (sky130_fd_sc_hd__clkbuf_16)
     9    0.024143    0.072630    0.238209   20.458006 ^ clkbuf_2_1__f_clk/X (sky130_fd_sc_hd__clkbuf_16)
                                                         clknet_2_1__leaf_clk (net)
                      0.072632    0.000178   20.458183 ^ _238_/CLK (sky130_fd_sc_hd__dfxtp_2)
                                  0.000000   20.458183   clock reconvergence pessimism
                                 -0.292484   20.165699   library setup time
                                             20.165699   data required time
---------------------------------------------------------------------------------------------
                                             20.165699   data required time
                                             -6.710975   data arrival time
---------------------------------------------------------------------------------------------
                                             13.454724   slack (MET)


Startpoint: _219_ (rising edge-triggered flip-flop clocked by clk)
Endpoint: _237_ (rising edge-triggered flip-flop clocked by clk)
Path Group: clk
Path Type: max

Fanout         Cap        Slew       Delay        Time   Description
---------------------------------------------------------------------------------------------
                                  0.000000    0.000000   clock clk (rise edge)
                                  0.000000    0.000000   clock source latency
     1    0.014492    0.000000    0.000000    0.000000 ^ clk (in)
                                                         clk (net)
                      0.000777    0.000388    0.000388 ^ clkbuf_0_clk/A (sky130_fd_sc_hd__clkbuf_16)
     4    0.039427    0.093375    0.218942    0.219331 ^ clkbuf_0_clk/X (sky130_fd_sc_hd__clkbuf_16)
                                                         clknet_0_clk (net)
                      0.093376    0.000502    0.219832 ^ clkbuf_2_2__f_clk/A (sky130_fd_sc_hd__clkbuf_16)
     9    0.024306    0.072831    0.238390    0.458223 ^ clkbuf_2_2__f_clk/X (sky130_fd_sc_hd__clkbuf_16)
                                                         clknet_2_2__leaf_clk (net)
                      0.072837    0.000140    0.458362 ^ _219_/CLK (sky130_fd_sc_hd__dfxtp_2)
     7    0.025002    0.125180    0.684393    1.142755 v _219_/Q (sky130_fd_sc_hd__dfxtp_2)
                                                         baud_counter[3] (net)
                      0.125180    0.000169    1.142924 v _177_/A (sky130_fd_sc_hd__or4b_2)
     1    0.006425    0.247912    1.634511    2.777435 v _177_/X (sky130_fd_sc_hd__or4b_2)
                                                         _096_ (net)
                      0.247912    0.000177    2.777613 v _180_/B (sky130_fd_sc_hd__or4b_2)
     4    0.017576    0.322330    1.749802    4.527415 v _180_/X (sky130_fd_sc_hd__or4b_2)
                                                         _099_ (net)
                      0.322330    0.000441    4.527855 v _138_/A3 (sky130_fd_sc_hd__o31a_2)
     8    0.036177    0.226443    0.821785    5.349640 v _138_/X (sky130_fd_sc_hd__o31a_2)
                                                         _066_ (net)
                      0.226443    0.000380    5.350020 v _143_/S (sky130_fd_sc_hd__mux2_1)
     1    0.002245    0.107300    0.740871    6.090891 v _143_/X (sky130_fd_sc_hd__mux2_1)
                                                         _070_ (net)
                      0.107300    0.000015    6.090906 v _144_/B (sky130_fd_sc_hd__or2_2)
     1    0.002703    0.109809    0.626142    6.717049 v _144_/X (sky130_fd_sc_hd__or2_2)
                                                         _023_ (net)
                      0.109809    0.000030    6.717078 v _237_/D (sky130_fd_sc_hd__dfxtp_2)
                                              6.717078   data arrival time

                                 20.000000   20.000000   clock clk (rise edge)
                                  0.000000   20.000000   clock source latency
     1    0.014492    0.000000    0.000000   20.000000 ^ clk (in)
                                                         clk (net)
                      0.000777    0.000389   20.000389 ^ clkbuf_0_clk/A (sky130_fd_sc_hd__clkbuf_16)
     4    0.039427    0.093375    0.218941   20.219330 ^ clkbuf_0_clk/X (sky130_fd_sc_hd__clkbuf_16)
                                                         clknet_0_clk (net)
                      0.093376    0.000494   20.219824 ^ clkbuf_2_0__f_clk/A (sky130_fd_sc_hd__clkbuf_16)
     8    0.026536    0.075742    0.241482   20.461306 ^ clkbuf_2_0__f_clk/X (sky130_fd_sc_hd__clkbuf_16)
                                                         clknet_2_0__leaf_clk (net)
                      0.075748    0.000652   20.461958 ^ _237_/CLK (sky130_fd_sc_hd__dfxtp_2)
                                  0.000000   20.461958   clock reconvergence pessimism
                                 -0.289375   20.172583   library setup time
                                             20.172583   data required time
---------------------------------------------------------------------------------------------
                                             20.172583   data required time
                                             -6.717078   data arrival time
---------------------------------------------------------------------------------------------
                                             13.455503   slack (MET)


Startpoint: _219_ (rising edge-triggered flip-flop clocked by clk)
Endpoint: _241_ (rising edge-triggered flip-flop clocked by clk)
Path Group: clk
Path Type: max

Fanout         Cap        Slew       Delay        Time   Description
---------------------------------------------------------------------------------------------
                                  0.000000    0.000000   clock clk (rise edge)
                                  0.000000    0.000000   clock source latency
     1    0.014492    0.000000    0.000000    0.000000 ^ clk (in)
                                                         clk (net)
                      0.000777    0.000388    0.000388 ^ clkbuf_0_clk/A (sky130_fd_sc_hd__clkbuf_16)
     4    0.039427    0.093375    0.218942    0.219331 ^ clkbuf_0_clk/X (sky130_fd_sc_hd__clkbuf_16)
                                                         clknet_0_clk (net)
                      0.093376    0.000502    0.219832 ^ clkbuf_2_2__f_clk/A (sky130_fd_sc_hd__clkbuf_16)
     9    0.024306    0.072831    0.238390    0.458223 ^ clkbuf_2_2__f_clk/X (sky130_fd_sc_hd__clkbuf_16)
                                                         clknet_2_2__leaf_clk (net)
                      0.072837    0.000140    0.458362 ^ _219_/CLK (sky130_fd_sc_hd__dfxtp_2)
     7    0.025002    0.125180    0.684393    1.142755 v _219_/Q (sky130_fd_sc_hd__dfxtp_2)
                                                         baud_counter[3] (net)
                      0.125180    0.000169    1.142924 v _177_/A (sky130_fd_sc_hd__or4b_2)
     1    0.006425    0.247912    1.634511    2.777435 v _177_/X (sky130_fd_sc_hd__or4b_2)
                                                         _096_ (net)
                      0.247912    0.000177    2.777613 v _180_/B (sky130_fd_sc_hd__or4b_2)
     4    0.017576    0.322330    1.749802    4.527415 v _180_/X (sky130_fd_sc_hd__or4b_2)
                                                         _099_ (net)
                      0.322330    0.000441    4.527855 v _138_/A3 (sky130_fd_sc_hd__o31a_2)
     8    0.036177    0.226443    0.821785    5.349640 v _138_/X (sky130_fd_sc_hd__o31a_2)
                                                         _066_ (net)
                      0.226443    0.000558    5.350198 v _155_/S (sky130_fd_sc_hd__mux2_1)
     1    0.001883    0.103275    0.734601    6.084799 v _155_/X (sky130_fd_sc_hd__mux2_1)
                                                         _078_ (net)
                      0.103275    0.000017    6.084816 v _156_/B (sky130_fd_sc_hd__or2_2)
     1    0.002211    0.108095    0.618563    6.703379 v _156_/X (sky130_fd_sc_hd__or2_2)
                                                         _027_ (net)
                      0.108095    0.000013    6.703393 v _241_/D (sky130_fd_sc_hd__dfxtp_2)
                                              6.703393   data arrival time

                                 20.000000   20.000000   clock clk (rise edge)
                                  0.000000   20.000000   clock source latency
     1    0.014492    0.000000    0.000000   20.000000 ^ clk (in)
                                                         clk (net)
                      0.000777    0.000389   20.000389 ^ clkbuf_0_clk/A (sky130_fd_sc_hd__clkbuf_16)
     4    0.039427    0.093375    0.218941   20.219330 ^ clkbuf_0_clk/X (sky130_fd_sc_hd__clkbuf_16)
                                                         clknet_0_clk (net)
                      0.093376    0.000494   20.219824 ^ clkbuf_2_0__f_clk/A (sky130_fd_sc_hd__clkbuf_16)
     8    0.026536    0.075742    0.241482   20.461306 ^ clkbuf_2_0__f_clk/X (sky130_fd_sc_hd__clkbuf_16)
                                                         clknet_2_0__leaf_clk (net)
                      0.075744    0.000449   20.461756 ^ _241_/CLK (sky130_fd_sc_hd__dfxtp_2)
                                  0.000000   20.461756   clock reconvergence pessimism
                                 -0.288664   20.173092   library setup time
                                             20.173092   data required time
---------------------------------------------------------------------------------------------
                                             20.173092   data required time
                                             -6.703393   data arrival time
---------------------------------------------------------------------------------------------
                                             13.469700   slack (MET)


Startpoint: _219_ (rising edge-triggered flip-flop clocked by clk)
Endpoint: _242_ (rising edge-triggered flip-flop clocked by clk)
Path Group: clk
Path Type: max

Fanout         Cap        Slew       Delay        Time   Description
---------------------------------------------------------------------------------------------
                                  0.000000    0.000000   clock clk (rise edge)
                                  0.000000    0.000000   clock source latency
     1    0.014492    0.000000    0.000000    0.000000 ^ clk (in)
                                                         clk (net)
                      0.000777    0.000388    0.000388 ^ clkbuf_0_clk/A (sky130_fd_sc_hd__clkbuf_16)
     4    0.039427    0.093375    0.218942    0.219331 ^ clkbuf_0_clk/X (sky130_fd_sc_hd__clkbuf_16)
                                                         clknet_0_clk (net)
                      0.093376    0.000502    0.219832 ^ clkbuf_2_2__f_clk/A (sky130_fd_sc_hd__clkbuf_16)
     9    0.024306    0.072831    0.238390    0.458223 ^ clkbuf_2_2__f_clk/X (sky130_fd_sc_hd__clkbuf_16)
                                                         clknet_2_2__leaf_clk (net)
                      0.072837    0.000140    0.458362 ^ _219_/CLK (sky130_fd_sc_hd__dfxtp_2)
     7    0.025002    0.125180    0.684393    1.142755 v _219_/Q (sky130_fd_sc_hd__dfxtp_2)
                                                         baud_counter[3] (net)
                      0.125180    0.000169    1.142924 v _177_/A (sky130_fd_sc_hd__or4b_2)
     1    0.006425    0.247912    1.634511    2.777435 v _177_/X (sky130_fd_sc_hd__or4b_2)
                                                         _096_ (net)
                      0.247912    0.000177    2.777613 v _180_/B (sky130_fd_sc_hd__or4b_2)
     4    0.017576    0.322330    1.749802    4.527415 v _180_/X (sky130_fd_sc_hd__or4b_2)
                                                         _099_ (net)
                      0.322330    0.000441    4.527855 v _138_/A3 (sky130_fd_sc_hd__o31a_2)
     8    0.036177    0.226443    0.821785    5.349640 v _138_/X (sky130_fd_sc_hd__o31a_2)
                                                         _066_ (net)
                      0.226443    0.000389    5.350030 v _158_/S (sky130_fd_sc_hd__mux2_1)
     1    0.001909    0.103588    0.735060    6.085090 v _158_/X (sky130_fd_sc_hd__mux2_1)
                                                         _080_ (net)
                      0.103588    0.000018    6.085108 v _159_/B (sky130_fd_sc_hd__or2_2)
     1    0.002054    0.107047    0.616781    6.701889 v _159_/X (sky130_fd_sc_hd__or2_2)
                                                         _028_ (net)
                      0.107047    0.000012    6.701901 v _242_/D (sky130_fd_sc_hd__dfxtp_2)
                                              6.701901   data arrival time

                                 20.000000   20.000000   clock clk (rise edge)
                                  0.000000   20.000000   clock source latency
     1    0.014492    0.000000    0.000000   20.000000 ^ clk (in)
                                                         clk (net)
                      0.000777    0.000389   20.000389 ^ clkbuf_0_clk/A (sky130_fd_sc_hd__clkbuf_16)
     4    0.039427    0.093375    0.218941   20.219330 ^ clkbuf_0_clk/X (sky130_fd_sc_hd__clkbuf_16)
                                                         clknet_0_clk (net)
                      0.093376    0.000494   20.219824 ^ clkbuf_2_0__f_clk/A (sky130_fd_sc_hd__clkbuf_16)
     8    0.026536    0.075742    0.241482   20.461306 ^ clkbuf_2_0__f_clk/X (sky130_fd_sc_hd__clkbuf_16)
                                                         clknet_2_0__leaf_clk (net)
                      0.075745    0.000503   20.461809 ^ _242_/CLK (sky130_fd_sc_hd__dfxtp_2)
                                  0.000000   20.461809   clock reconvergence pessimism
                                 -0.288228   20.173580   library setup time
                                             20.173580   data required time
---------------------------------------------------------------------------------------------
                                             20.173580   data required time
                                             -6.701901   data arrival time
---------------------------------------------------------------------------------------------
                                             13.471680   slack (MET)


Startpoint: _219_ (rising edge-triggered flip-flop clocked by clk)
Endpoint: _240_ (rising edge-triggered flip-flop clocked by clk)
Path Group: clk
Path Type: max

Fanout         Cap        Slew       Delay        Time   Description
---------------------------------------------------------------------------------------------
                                  0.000000    0.000000   clock clk (rise edge)
                                  0.000000    0.000000   clock source latency
     1    0.014492    0.000000    0.000000    0.000000 ^ clk (in)
                                                         clk (net)
                      0.000777    0.000388    0.000388 ^ clkbuf_0_clk/A (sky130_fd_sc_hd__clkbuf_16)
     4    0.039427    0.093375    0.218942    0.219331 ^ clkbuf_0_clk/X (sky130_fd_sc_hd__clkbuf_16)
                                                         clknet_0_clk (net)
                      0.093376    0.000502    0.219832 ^ clkbuf_2_2__f_clk/A (sky130_fd_sc_hd__clkbuf_16)
     9    0.024306    0.072831    0.238390    0.458223 ^ clkbuf_2_2__f_clk/X (sky130_fd_sc_hd__clkbuf_16)
                                                         clknet_2_2__leaf_clk (net)
                      0.072837    0.000140    0.458362 ^ _219_/CLK (sky130_fd_sc_hd__dfxtp_2)
     7    0.025002    0.125180    0.684393    1.142755 v _219_/Q (sky130_fd_sc_hd__dfxtp_2)
                                                         baud_counter[3] (net)
                      0.125180    0.000169    1.142924 v _177_/A (sky130_fd_sc_hd__or4b_2)
     1    0.006425    0.247912    1.634511    2.777435 v _177_/X (sky130_fd_sc_hd__or4b_2)
                                                         _096_ (net)
                      0.247912    0.000177    2.777613 v _180_/B (sky130_fd_sc_hd__or4b_2)
     4    0.017576    0.322330    1.749802    4.527415 v _180_/X (sky130_fd_sc_hd__or4b_2)
                                                         _099_ (net)
                      0.322330    0.000441    4.527855 v _138_/A3 (sky130_fd_sc_hd__o31a_2)
     8    0.036177    0.226443    0.821785    5.349640 v _138_/X (sky130_fd_sc_hd__o31a_2)
                                                         _066_ (net)
                      0.226443    0.000605    5.350246 v _152_/S (sky130_fd_sc_hd__mux2_1)
     1    0.001946    0.103991    0.735698    6.085944 v _152_/X (sky130_fd_sc_hd__mux2_1)
                                                         _076_ (net)
                      0.103991    0.000020    6.085964 v _153_/B (sky130_fd_sc_hd__or2_2)
     1    0.002003    0.105950    0.616316    6.702280 v _153_/X (sky130_fd_sc_hd__or2_2)
                                                         _026_ (net)
                      0.105950    0.000019    6.702299 v _240_/D (sky130_fd_sc_hd__dfxtp_2)
                                              6.702299   data arrival time

                                 20.000000   20.000000   clock clk (rise edge)
                                  0.000000   20.000000   clock source latency
     1    0.014492    0.000000    0.000000   20.000000 ^ clk (in)
                                                         clk (net)
                      0.000777    0.000389   20.000389 ^ clkbuf_0_clk/A (sky130_fd_sc_hd__clkbuf_16)
     4    0.039427    0.093375    0.218941   20.219330 ^ clkbuf_0_clk/X (sky130_fd_sc_hd__clkbuf_16)
                                                         clknet_0_clk (net)
                      0.093376    0.000494   20.219824 ^ clkbuf_2_0__f_clk/A (sky130_fd_sc_hd__clkbuf_16)
     8    0.026536    0.075742    0.241482   20.461306 ^ clkbuf_2_0__f_clk/X (sky130_fd_sc_hd__clkbuf_16)
                                                         clknet_2_0__leaf_clk (net)
                      0.075746    0.000583   20.461889 ^ _240_/CLK (sky130_fd_sc_hd__dfxtp_2)
                                  0.000000   20.461889   clock reconvergence pessimism
                                 -0.287772   20.174118   library setup time
                                             20.174118   data required time
---------------------------------------------------------------------------------------------
                                             20.174118   data required time
                                             -6.702299   data arrival time
---------------------------------------------------------------------------------------------
                                             13.471818   slack (MET)


Startpoint: _219_ (rising edge-triggered flip-flop clocked by clk)
Endpoint: _239_ (rising edge-triggered flip-flop clocked by clk)
Path Group: clk
Path Type: max

Fanout         Cap        Slew       Delay        Time   Description
---------------------------------------------------------------------------------------------
                                  0.000000    0.000000   clock clk (rise edge)
                                  0.000000    0.000000   clock source latency
     1    0.014492    0.000000    0.000000    0.000000 ^ clk (in)
                                                         clk (net)
                      0.000777    0.000388    0.000388 ^ clkbuf_0_clk/A (sky130_fd_sc_hd__clkbuf_16)
     4    0.039427    0.093375    0.218942    0.219331 ^ clkbuf_0_clk/X (sky130_fd_sc_hd__clkbuf_16)
                                                         clknet_0_clk (net)
                      0.093376    0.000502    0.219832 ^ clkbuf_2_2__f_clk/A (sky130_fd_sc_hd__clkbuf_16)
     9    0.024306    0.072831    0.238390    0.458223 ^ clkbuf_2_2__f_clk/X (sky130_fd_sc_hd__clkbuf_16)
                                                         clknet_2_2__leaf_clk (net)
                      0.072837    0.000140    0.458362 ^ _219_/CLK (sky130_fd_sc_hd__dfxtp_2)
     7    0.025002    0.125180    0.684393    1.142755 v _219_/Q (sky130_fd_sc_hd__dfxtp_2)
                                                         baud_counter[3] (net)
                      0.125180    0.000169    1.142924 v _177_/A (sky130_fd_sc_hd__or4b_2)
     1    0.006425    0.247912    1.634511    2.777435 v _177_/X (sky130_fd_sc_hd__or4b_2)
                                                         _096_ (net)
                      0.247912    0.000177    2.777613 v _180_/B (sky130_fd_sc_hd__or4b_2)
     4    0.017576    0.322330    1.749802    4.527415 v _180_/X (sky130_fd_sc_hd__or4b_2)
                                                         _099_ (net)
                      0.322330    0.000441    4.527855 v _138_/A3 (sky130_fd_sc_hd__o31a_2)
     8    0.036177    0.226443    0.821785    5.349640 v _138_/X (sky130_fd_sc_hd__o31a_2)
                                                         _066_ (net)
                      0.226443    0.000601    5.350241 v _149_/S (sky130_fd_sc_hd__mux2_1)
     1    0.001638    0.100522    0.730361    6.080602 v _149_/X (sky130_fd_sc_hd__mux2_1)
                                                         _074_ (net)
                      0.100522    0.000015    6.080616 v _150_/B (sky130_fd_sc_hd__or2_2)
     1    0.001948    0.105638    0.614265    6.694881 v _150_/X (sky130_fd_sc_hd__or2_2)
                                                         _025_ (net)
                      0.105638    0.000017    6.694899 v _239_/D (sky130_fd_sc_hd__dfxtp_2)
                                              6.694899   data arrival time

                                 20.000000   20.000000   clock clk (rise edge)
                                  0.000000   20.000000   clock source latency
     1    0.014492    0.000000    0.000000   20.000000 ^ clk (in)
                                                         clk (net)
                      0.000777    0.000389   20.000389 ^ clkbuf_0_clk/A (sky130_fd_sc_hd__clkbuf_16)
     4    0.039427    0.093375    0.218941   20.219330 ^ clkbuf_0_clk/X (sky130_fd_sc_hd__clkbuf_16)
                                                         clknet_0_clk (net)
                      0.093376    0.000494   20.219824 ^ clkbuf_2_0__f_clk/A (sky130_fd_sc_hd__clkbuf_16)
     8    0.026536    0.075742    0.241482   20.461306 ^ clkbuf_2_0__f_clk/X (sky130_fd_sc_hd__clkbuf_16)
                                                         clknet_2_0__leaf_clk (net)
                      0.075747    0.000627   20.461933 ^ _239_/CLK (sky130_fd_sc_hd__dfxtp_2)
                                  0.000000   20.461933   clock reconvergence pessimism
                                 -0.287642   20.174292   library setup time
                                             20.174292   data required time
---------------------------------------------------------------------------------------------
                                             20.174292   data required time
                                             -6.694899   data arrival time
---------------------------------------------------------------------------------------------
                                             13.479392   slack (MET)


Startpoint: _219_ (rising edge-triggered flip-flop clocked by clk)
Endpoint: _243_ (rising edge-triggered flip-flop clocked by clk)
Path Group: clk
Path Type: max

Fanout         Cap        Slew       Delay        Time   Description
---------------------------------------------------------------------------------------------
                                  0.000000    0.000000   clock clk (rise edge)
                                  0.000000    0.000000   clock source latency
     1    0.014492    0.000000    0.000000    0.000000 ^ clk (in)
                                                         clk (net)
                      0.000777    0.000388    0.000388 ^ clkbuf_0_clk/A (sky130_fd_sc_hd__clkbuf_16)
     4    0.039427    0.093375    0.218942    0.219331 ^ clkbuf_0_clk/X (sky130_fd_sc_hd__clkbuf_16)
                                                         clknet_0_clk (net)
                      0.093376    0.000502    0.219832 ^ clkbuf_2_2__f_clk/A (sky130_fd_sc_hd__clkbuf_16)
     9    0.024306    0.072831    0.238390    0.458223 ^ clkbuf_2_2__f_clk/X (sky130_fd_sc_hd__clkbuf_16)
                                                         clknet_2_2__leaf_clk (net)
                      0.072837    0.000140    0.458362 ^ _219_/CLK (sky130_fd_sc_hd__dfxtp_2)
     7    0.025002    0.125180    0.684393    1.142755 v _219_/Q (sky130_fd_sc_hd__dfxtp_2)
                                                         baud_counter[3] (net)
                      0.125180    0.000169    1.142924 v _177_/A (sky130_fd_sc_hd__or4b_2)
     1    0.006425    0.247912    1.634511    2.777435 v _177_/X (sky130_fd_sc_hd__or4b_2)
                                                         _096_ (net)
                      0.247912    0.000177    2.777613 v _180_/B (sky130_fd_sc_hd__or4b_2)
     4    0.017576    0.322330    1.749802    4.527415 v _180_/X (sky130_fd_sc_hd__or4b_2)
                                                         _099_ (net)
                      0.322330    0.000441    4.527855 v _138_/A3 (sky130_fd_sc_hd__o31a_2)
     8    0.036177    0.226443    0.821785    5.349640 v _138_/X (sky130_fd_sc_hd__o31a_2)
                                                         _066_ (net)
                      0.226443    0.000261    5.349901 v _161_/B1 (sky130_fd_sc_hd__a32o_2)
     1    0.002169    0.063164    0.452797    5.802698 v _161_/X (sky130_fd_sc_hd__a32o_2)
                                                         _082_ (net)
                      0.063164    0.000022    5.802720 v _162_/B (sky130_fd_sc_hd__or2_2)
     1    0.002123    0.107414    0.602898    6.405618 v _162_/X (sky130_fd_sc_hd__or2_2)
                                                         _029_ (net)
                      0.107414    0.000012    6.405630 v _243_/D (sky130_fd_sc_hd__dfxtp_2)
                                              6.405630   data arrival time

                                 20.000000   20.000000   clock clk (rise edge)
                                  0.000000   20.000000   clock source latency
     1    0.014492    0.000000    0.000000   20.000000 ^ clk (in)
                                                         clk (net)
                      0.000777    0.000389   20.000389 ^ clkbuf_0_clk/A (sky130_fd_sc_hd__clkbuf_16)
     4    0.039427    0.093375    0.218941   20.219330 ^ clkbuf_0_clk/X (sky130_fd_sc_hd__clkbuf_16)
                                                         clknet_0_clk (net)
                      0.093376    0.000503   20.219833 ^ clkbuf_2_2__f_clk/A (sky130_fd_sc_hd__clkbuf_16)
     9    0.024306    0.072831    0.238389   20.458221 ^ clkbuf_2_2__f_clk/X (sky130_fd_sc_hd__clkbuf_16)
                                                         clknet_2_2__leaf_clk (net)
                      0.072842    0.000346   20.458569 ^ _243_/CLK (sky130_fd_sc_hd__dfxtp_2)
                                  0.000000   20.458569   clock reconvergence pessimism
                                 -0.289168   20.169401   library setup time
                                             20.169401   data required time
---------------------------------------------------------------------------------------------
                                             20.169401   data required time
                                             -6.405630   data arrival time
---------------------------------------------------------------------------------------------
                                             13.763771   slack (MET)


Startpoint: _219_ (rising edge-triggered flip-flop clocked by clk)
Endpoint: _233_ (rising edge-triggered flip-flop clocked by clk)
Path Group: clk
Path Type: max

Fanout         Cap        Slew       Delay        Time   Description
---------------------------------------------------------------------------------------------
                                  0.000000    0.000000   clock clk (rise edge)
                                  0.000000    0.000000   clock source latency
     1    0.014492    0.000000    0.000000    0.000000 ^ clk (in)
                                                         clk (net)
                      0.000777    0.000388    0.000388 ^ clkbuf_0_clk/A (sky130_fd_sc_hd__clkbuf_16)
     4    0.039427    0.093375    0.218942    0.219331 ^ clkbuf_0_clk/X (sky130_fd_sc_hd__clkbuf_16)
                                                         clknet_0_clk (net)
                      0.093376    0.000502    0.219832 ^ clkbuf_2_2__f_clk/A (sky130_fd_sc_hd__clkbuf_16)
     9    0.024306    0.072831    0.238390    0.458223 ^ clkbuf_2_2__f_clk/X (sky130_fd_sc_hd__clkbuf_16)
                                                         clknet_2_2__leaf_clk (net)
                      0.072837    0.000140    0.458362 ^ _219_/CLK (sky130_fd_sc_hd__dfxtp_2)
     7    0.025002    0.125180    0.684393    1.142755 v _219_/Q (sky130_fd_sc_hd__dfxtp_2)
                                                         baud_counter[3] (net)
                      0.125180    0.000169    1.142924 v _177_/A (sky130_fd_sc_hd__or4b_2)
     1    0.006425    0.247912    1.634511    2.777435 v _177_/X (sky130_fd_sc_hd__or4b_2)
                                                         _096_ (net)
                      0.247912    0.000177    2.777613 v _180_/B (sky130_fd_sc_hd__or4b_2)
     4    0.017576    0.322330    1.749802    4.527415 v _180_/X (sky130_fd_sc_hd__or4b_2)
                                                         _099_ (net)
                      0.322330    0.000427    4.527842 v _181_/B (sky130_fd_sc_hd__nor2_2)
    10    0.049506    0.871647    0.796936    5.324777 ^ _181_/Y (sky130_fd_sc_hd__nor2_2)
                                                         _100_ (net)
                      0.871647    0.000429    5.325207 ^ _130_/C (sky130_fd_sc_hd__and3_2)
     2    0.004743    0.100193    0.605159    5.930366 ^ _130_/X (sky130_fd_sc_hd__and3_2)
                                                         _061_ (net)
                      0.100193    0.000020    5.930385 ^ _131_/A_N (sky130_fd_sc_hd__and3b_2)
     1    0.002964    0.072205    0.427773    6.358159 v _131_/X (sky130_fd_sc_hd__and3b_2)
                                                         _019_ (net)
                      0.072205    0.000040    6.358198 v _233_/D (sky130_fd_sc_hd__dfxtp_2)
                                              6.358198   data arrival time

                                 20.000000   20.000000   clock clk (rise edge)
                                  0.000000   20.000000   clock source latency
     1    0.014492    0.000000    0.000000   20.000000 ^ clk (in)
                                                         clk (net)
                      0.000777    0.000389   20.000389 ^ clkbuf_0_clk/A (sky130_fd_sc_hd__clkbuf_16)
     4    0.039427    0.093375    0.218941   20.219330 ^ clkbuf_0_clk/X (sky130_fd_sc_hd__clkbuf_16)
                                                         clknet_0_clk (net)
                      0.093376    0.000465   20.219797 ^ clkbuf_2_1__f_clk/A (sky130_fd_sc_hd__clkbuf_16)
     9    0.024143    0.072630    0.238209   20.458006 ^ clkbuf_2_1__f_clk/X (sky130_fd_sc_hd__clkbuf_16)
                                                         clknet_2_1__leaf_clk (net)
                      0.072630    0.000110   20.458117 ^ _233_/CLK (sky130_fd_sc_hd__dfxtp_2)
                                  0.000000   20.458117   clock reconvergence pessimism
                                 -0.274590   20.183527   library setup time
                                             20.183527   data required time
---------------------------------------------------------------------------------------------
                                             20.183527   data required time
                                             -6.358198   data arrival time
---------------------------------------------------------------------------------------------
                                             13.825329   slack (MET)


Startpoint: _219_ (rising edge-triggered flip-flop clocked by clk)
Endpoint: _220_ (rising edge-triggered flip-flop clocked by clk)
Path Group: clk
Path Type: max

Fanout         Cap        Slew       Delay        Time   Description
---------------------------------------------------------------------------------------------
                                  0.000000    0.000000   clock clk (rise edge)
                                  0.000000    0.000000   clock source latency
     1    0.014492    0.000000    0.000000    0.000000 ^ clk (in)
                                                         clk (net)
                      0.000777    0.000388    0.000388 ^ clkbuf_0_clk/A (sky130_fd_sc_hd__clkbuf_16)
     4    0.039427    0.093375    0.218942    0.219331 ^ clkbuf_0_clk/X (sky130_fd_sc_hd__clkbuf_16)
                                                         clknet_0_clk (net)
                      0.093376    0.000502    0.219832 ^ clkbuf_2_2__f_clk/A (sky130_fd_sc_hd__clkbuf_16)
     9    0.024306    0.072831    0.238390    0.458223 ^ clkbuf_2_2__f_clk/X (sky130_fd_sc_hd__clkbuf_16)
                                                         clknet_2_2__leaf_clk (net)
                      0.072837    0.000140    0.458362 ^ _219_/CLK (sky130_fd_sc_hd__dfxtp_2)
     7    0.025002    0.125180    0.684393    1.142755 v _219_/Q (sky130_fd_sc_hd__dfxtp_2)
                                                         baud_counter[3] (net)
                      0.125180    0.000169    1.142924 v _177_/A (sky130_fd_sc_hd__or4b_2)
     1    0.006425    0.247912    1.634511    2.777435 v _177_/X (sky130_fd_sc_hd__or4b_2)
                                                         _096_ (net)
                      0.247912    0.000177    2.777613 v _180_/B (sky130_fd_sc_hd__or4b_2)
     4    0.017576    0.322330    1.749802    4.527415 v _180_/X (sky130_fd_sc_hd__or4b_2)
                                                         _099_ (net)
                      0.322330    0.000427    4.527842 v _181_/B (sky130_fd_sc_hd__nor2_2)
    10    0.049506    0.871647    0.796936    5.324777 ^ _181_/Y (sky130_fd_sc_hd__nor2_2)
                                                         _100_ (net)
                      0.871647    0.000485    5.325262 ^ _191_/A (sky130_fd_sc_hd__nor2_2)
     3    0.009751    0.174438    0.324071    5.649333 v _191_/Y (sky130_fd_sc_hd__nor2_2)
                                                         _031_ (net)
                      0.174438    0.000059    5.649392 v _202_/C (sky130_fd_sc_hd__and3b_2)
     1    0.001963    0.067714    0.472039    6.121431 v _202_/X (sky130_fd_sc_hd__and3b_2)
                                                         _006_ (net)
                      0.067714    0.000010    6.121440 v _220_/D (sky130_fd_sc_hd__dfxtp_2)
                                              6.121440   data arrival time

                                 20.000000   20.000000   clock clk (rise edge)
                                  0.000000   20.000000   clock source latency
     1    0.014492    0.000000    0.000000   20.000000 ^ clk (in)
                                                         clk (net)
                      0.000777    0.000389   20.000389 ^ clkbuf_0_clk/A (sky130_fd_sc_hd__clkbuf_16)
     4    0.039427    0.093375    0.218941   20.219330 ^ clkbuf_0_clk/X (sky130_fd_sc_hd__clkbuf_16)
                                                         clknet_0_clk (net)
                      0.093376    0.000464   20.219795 ^ clkbuf_2_3__f_clk/A (sky130_fd_sc_hd__clkbuf_16)
     8    0.026278    0.075393    0.241243   20.461039 ^ clkbuf_2_3__f_clk/X (sky130_fd_sc_hd__clkbuf_16)
                                                         clknet_2_3__leaf_clk (net)
                      0.075393    0.000162   20.461199 ^ _220_/CLK (sky130_fd_sc_hd__dfxtp_2)
                                  0.000000   20.461199   clock reconvergence pessimism
                                 -0.271975   20.189224   library setup time
                                             20.189224   data required time
---------------------------------------------------------------------------------------------
                                             20.189224   data required time
                                             -6.121440   data arrival time
---------------------------------------------------------------------------------------------
                                             14.067784   slack (MET)


Startpoint: _219_ (rising edge-triggered flip-flop clocked by clk)
Endpoint: _235_ (rising edge-triggered flip-flop clocked by clk)
Path Group: clk
Path Type: max

Fanout         Cap        Slew       Delay        Time   Description
---------------------------------------------------------------------------------------------
                                  0.000000    0.000000   clock clk (rise edge)
                                  0.000000    0.000000   clock source latency
     1    0.014492    0.000000    0.000000    0.000000 ^ clk (in)
                                                         clk (net)
                      0.000777    0.000388    0.000388 ^ clkbuf_0_clk/A (sky130_fd_sc_hd__clkbuf_16)
     4    0.039427    0.093375    0.218942    0.219331 ^ clkbuf_0_clk/X (sky130_fd_sc_hd__clkbuf_16)
                                                         clknet_0_clk (net)
                      0.093376    0.000502    0.219832 ^ clkbuf_2_2__f_clk/A (sky130_fd_sc_hd__clkbuf_16)
     9    0.024306    0.072831    0.238390    0.458223 ^ clkbuf_2_2__f_clk/X (sky130_fd_sc_hd__clkbuf_16)
                                                         clknet_2_2__leaf_clk (net)
                      0.072837    0.000140    0.458362 ^ _219_/CLK (sky130_fd_sc_hd__dfxtp_2)
     7    0.025002    0.125180    0.684393    1.142755 v _219_/Q (sky130_fd_sc_hd__dfxtp_2)
                                                         baud_counter[3] (net)
                      0.125180    0.000169    1.142924 v _177_/A (sky130_fd_sc_hd__or4b_2)
     1    0.006425    0.247912    1.634511    2.777435 v _177_/X (sky130_fd_sc_hd__or4b_2)
                                                         _096_ (net)
                      0.247912    0.000177    2.777613 v _180_/B (sky130_fd_sc_hd__or4b_2)
     4    0.017576    0.322330    1.749802    4.527415 v _180_/X (sky130_fd_sc_hd__or4b_2)
                                                         _099_ (net)
                      0.322330    0.000282    4.527697 v _133_/C (sky130_fd_sc_hd__nor4_2)
     2    0.015142    0.737682    0.763765    5.291461 ^ _133_/Y (sky130_fd_sc_hd__nor4_2)
                                                         _063_ (net)
                      0.737682    0.000123    5.291584 ^ _136_/B (sky130_fd_sc_hd__xor2_2)
     1    0.002782    0.157960    0.302507    5.594091 v _136_/X (sky130_fd_sc_hd__xor2_2)
                                                         _065_ (net)
                      0.157960    0.000037    5.594129 v _137_/C (sky130_fd_sc_hd__and3_2)
     1    0.001869    0.067569    0.462431    6.056559 v _137_/X (sky130_fd_sc_hd__and3_2)
                                                         _021_ (net)
                      0.067569    0.000008    6.056567 v _235_/D (sky130_fd_sc_hd__dfxtp_2)
                                              6.056567   data arrival time

                                 20.000000   20.000000   clock clk (rise edge)
                                  0.000000   20.000000   clock source latency
     1    0.014492    0.000000    0.000000   20.000000 ^ clk (in)
                                                         clk (net)
                      0.000777    0.000389   20.000389 ^ clkbuf_0_clk/A (sky130_fd_sc_hd__clkbuf_16)
     4    0.039427    0.093375    0.218941   20.219330 ^ clkbuf_0_clk/X (sky130_fd_sc_hd__clkbuf_16)
                                                         clknet_0_clk (net)
                      0.093376    0.000503   20.219833 ^ clkbuf_2_2__f_clk/A (sky130_fd_sc_hd__clkbuf_16)
     9    0.024306    0.072831    0.238389   20.458221 ^ clkbuf_2_2__f_clk/X (sky130_fd_sc_hd__clkbuf_16)
                                                         clknet_2_2__leaf_clk (net)
                      0.072839    0.000220   20.458443 ^ _235_/CLK (sky130_fd_sc_hd__dfxtp_2)
                                  0.000000   20.458443   clock reconvergence pessimism
                                 -0.272606   20.185835   library setup time
                                             20.185835   data required time
---------------------------------------------------------------------------------------------
                                             20.185835   data required time
                                             -6.056567   data arrival time
---------------------------------------------------------------------------------------------
                                             14.129269   slack (MET)


Startpoint: _219_ (rising edge-triggered flip-flop clocked by clk)
Endpoint: _223_ (rising edge-triggered flip-flop clocked by clk)
Path Group: clk
Path Type: max

Fanout         Cap        Slew       Delay        Time   Description
---------------------------------------------------------------------------------------------
                                  0.000000    0.000000   clock clk (rise edge)
                                  0.000000    0.000000   clock source latency
     1    0.014492    0.000000    0.000000    0.000000 ^ clk (in)
                                                         clk (net)
                      0.000777    0.000388    0.000388 ^ clkbuf_0_clk/A (sky130_fd_sc_hd__clkbuf_16)
     4    0.039427    0.093375    0.218942    0.219331 ^ clkbuf_0_clk/X (sky130_fd_sc_hd__clkbuf_16)
                                                         clknet_0_clk (net)
                      0.093376    0.000502    0.219832 ^ clkbuf_2_2__f_clk/A (sky130_fd_sc_hd__clkbuf_16)
     9    0.024306    0.072831    0.238390    0.458223 ^ clkbuf_2_2__f_clk/X (sky130_fd_sc_hd__clkbuf_16)
                                                         clknet_2_2__leaf_clk (net)
                      0.072837    0.000140    0.458362 ^ _219_/CLK (sky130_fd_sc_hd__dfxtp_2)
     7    0.025002    0.125180    0.684393    1.142755 v _219_/Q (sky130_fd_sc_hd__dfxtp_2)
                                                         baud_counter[3] (net)
                      0.125180    0.000169    1.142924 v _177_/A (sky130_fd_sc_hd__or4b_2)
     1    0.006425    0.247912    1.634511    2.777435 v _177_/X (sky130_fd_sc_hd__or4b_2)
                                                         _096_ (net)
                      0.247912    0.000177    2.777613 v _180_/B (sky130_fd_sc_hd__or4b_2)
     4    0.017576    0.322330    1.749802    4.527415 v _180_/X (sky130_fd_sc_hd__or4b_2)
                                                         _099_ (net)
                      0.322330    0.000427    4.527842 v _181_/B (sky130_fd_sc_hd__nor2_2)
    10    0.049506    0.871647    0.796936    5.324777 ^ _181_/Y (sky130_fd_sc_hd__nor2_2)
                                                         _100_ (net)
                      0.871647    0.000485    5.325262 ^ _191_/A (sky130_fd_sc_hd__nor2_2)
     3    0.009751    0.174438    0.324071    5.649333 v _191_/Y (sky130_fd_sc_hd__nor2_2)
                                                         _031_ (net)
                      0.174438    0.000090    5.649423 v _210_/A (sky130_fd_sc_hd__and3_2)
     1    0.002094    0.068527    0.399372    6.048795 v _210_/X (sky130_fd_sc_hd__and3_2)
                                                         _009_ (net)
                      0.068527    0.000012    6.048806 v _223_/D (sky130_fd_sc_hd__dfxtp_2)
                                              6.048806   data arrival time

                                 20.000000   20.000000   clock clk (rise edge)
                                  0.000000   20.000000   clock source latency
     1    0.014492    0.000000    0.000000   20.000000 ^ clk (in)
                                                         clk (net)
                      0.000777    0.000389   20.000389 ^ clkbuf_0_clk/A (sky130_fd_sc_hd__clkbuf_16)
     4    0.039427    0.093375    0.218941   20.219330 ^ clkbuf_0_clk/X (sky130_fd_sc_hd__clkbuf_16)
                                                         clknet_0_clk (net)
                      0.093376    0.000464   20.219795 ^ clkbuf_2_3__f_clk/A (sky130_fd_sc_hd__clkbuf_16)
     8    0.026278    0.075393    0.241243   20.461039 ^ clkbuf_2_3__f_clk/X (sky130_fd_sc_hd__clkbuf_16)
                                                         clknet_2_3__leaf_clk (net)
                      0.075393    0.000107   20.461145 ^ _223_/CLK (sky130_fd_sc_hd__dfxtp_2)
                                  0.000000   20.461145   clock reconvergence pessimism
                                 -0.272313   20.188831   library setup time
                                             20.188831   data required time
---------------------------------------------------------------------------------------------
                                             20.188831   data required time
                                             -6.048806   data arrival time
---------------------------------------------------------------------------------------------
                                             14.140025   slack (MET)


Startpoint: _219_ (rising edge-triggered flip-flop clocked by clk)
Endpoint: _234_ (rising edge-triggered flip-flop clocked by clk)
Path Group: clk
Path Type: max

Fanout         Cap        Slew       Delay        Time   Description
---------------------------------------------------------------------------------------------
                                  0.000000    0.000000   clock clk (rise edge)
                                  0.000000    0.000000   clock source latency
     1    0.014492    0.000000    0.000000    0.000000 ^ clk (in)
                                                         clk (net)
                      0.000777    0.000388    0.000388 ^ clkbuf_0_clk/A (sky130_fd_sc_hd__clkbuf_16)
     4    0.039427    0.093375    0.218942    0.219331 ^ clkbuf_0_clk/X (sky130_fd_sc_hd__clkbuf_16)
                                                         clknet_0_clk (net)
                      0.093376    0.000502    0.219832 ^ clkbuf_2_2__f_clk/A (sky130_fd_sc_hd__clkbuf_16)
     9    0.024306    0.072831    0.238390    0.458223 ^ clkbuf_2_2__f_clk/X (sky130_fd_sc_hd__clkbuf_16)
                                                         clknet_2_2__leaf_clk (net)
                      0.072837    0.000140    0.458362 ^ _219_/CLK (sky130_fd_sc_hd__dfxtp_2)
     7    0.025002    0.125180    0.684393    1.142755 v _219_/Q (sky130_fd_sc_hd__dfxtp_2)
                                                         baud_counter[3] (net)
                      0.125180    0.000169    1.142924 v _177_/A (sky130_fd_sc_hd__or4b_2)
     1    0.006425    0.247912    1.634511    2.777435 v _177_/X (sky130_fd_sc_hd__or4b_2)
                                                         _096_ (net)
                      0.247912    0.000177    2.777613 v _180_/B (sky130_fd_sc_hd__or4b_2)
     4    0.017576    0.322330    1.749802    4.527415 v _180_/X (sky130_fd_sc_hd__or4b_2)
                                                         _099_ (net)
                      0.322330    0.000427    4.527842 v _181_/B (sky130_fd_sc_hd__nor2_2)
    10    0.049506    0.871647    0.796936    5.324777 ^ _181_/Y (sky130_fd_sc_hd__nor2_2)
                                                         _100_ (net)
                      0.871647    0.000429    5.325207 ^ _130_/C (sky130_fd_sc_hd__and3_2)
     2    0.004743    0.100193    0.605159    5.930366 ^ _130_/X (sky130_fd_sc_hd__and3_2)
                                                         _061_ (net)
                      0.100193    0.000040    5.930406 ^ _135_/A2 (sky130_fd_sc_hd__o21a_2)
     1    0.002710    0.056551    0.227512    6.157917 ^ _135_/X (sky130_fd_sc_hd__o21a_2)
                                                         _020_ (net)
                      0.056551    0.000035    6.157952 ^ _234_/D (sky130_fd_sc_hd__dfxtp_2)
                                              6.157952   data arrival time

                                 20.000000   20.000000   clock clk (rise edge)
                                  0.000000   20.000000   clock source latency
     1    0.014492    0.000000    0.000000   20.000000 ^ clk (in)
                                                         clk (net)
                      0.000777    0.000389   20.000389 ^ clkbuf_0_clk/A (sky130_fd_sc_hd__clkbuf_16)
     4    0.039427    0.093375    0.218941   20.219330 ^ clkbuf_0_clk/X (sky130_fd_sc_hd__clkbuf_16)
                                                         clknet_0_clk (net)
                      0.093376    0.000464   20.219795 ^ clkbuf_2_3__f_clk/A (sky130_fd_sc_hd__clkbuf_16)
     8    0.026278    0.075393    0.241243   20.461039 ^ clkbuf_2_3__f_clk/X (sky130_fd_sc_hd__clkbuf_16)
                                                         clknet_2_3__leaf_clk (net)
                      0.075393    0.000181   20.461220 ^ _234_/CLK (sky130_fd_sc_hd__dfxtp_2)
                                  0.000000   20.461220   clock reconvergence pessimism
                                 -0.136586   20.324633   library setup time
                                             20.324633   data required time
---------------------------------------------------------------------------------------------
                                             20.324633   data required time
                                             -6.157952   data arrival time
---------------------------------------------------------------------------------------------
                                             14.166680   slack (MET)


Startpoint: _219_ (rising edge-triggered flip-flop clocked by clk)
Endpoint: _221_ (rising edge-triggered flip-flop clocked by clk)
Path Group: clk
Path Type: max

Fanout         Cap        Slew       Delay        Time   Description
---------------------------------------------------------------------------------------------
                                  0.000000    0.000000   clock clk (rise edge)
                                  0.000000    0.000000   clock source latency
     1    0.014492    0.000000    0.000000    0.000000 ^ clk (in)
                                                         clk (net)
                      0.000777    0.000388    0.000388 ^ clkbuf_0_clk/A (sky130_fd_sc_hd__clkbuf_16)
     4    0.039427    0.093375    0.218942    0.219331 ^ clkbuf_0_clk/X (sky130_fd_sc_hd__clkbuf_16)
                                                         clknet_0_clk (net)
                      0.093376    0.000502    0.219832 ^ clkbuf_2_2__f_clk/A (sky130_fd_sc_hd__clkbuf_16)
     9    0.024306    0.072831    0.238390    0.458223 ^ clkbuf_2_2__f_clk/X (sky130_fd_sc_hd__clkbuf_16)
                                                         clknet_2_2__leaf_clk (net)
                      0.072837    0.000140    0.458362 ^ _219_/CLK (sky130_fd_sc_hd__dfxtp_2)
     7    0.025002    0.125180    0.684393    1.142755 v _219_/Q (sky130_fd_sc_hd__dfxtp_2)
                                                         baud_counter[3] (net)
                      0.125180    0.000169    1.142924 v _177_/A (sky130_fd_sc_hd__or4b_2)
     1    0.006425    0.247912    1.634511    2.777435 v _177_/X (sky130_fd_sc_hd__or4b_2)
                                                         _096_ (net)
                      0.247912    0.000177    2.777613 v _180_/B (sky130_fd_sc_hd__or4b_2)
     4    0.017576    0.322330    1.749802    4.527415 v _180_/X (sky130_fd_sc_hd__or4b_2)
                                                         _099_ (net)
                      0.322330    0.000427    4.527842 v _181_/B (sky130_fd_sc_hd__nor2_2)
    10    0.049506    0.871647    0.796936    5.324777 ^ _181_/Y (sky130_fd_sc_hd__nor2_2)
                                                         _100_ (net)
                      0.871647    0.000473    5.325250 ^ _203_/C1 (sky130_fd_sc_hd__a211o_2)
     1    0.002143    0.063796    0.416122    5.741373 ^ _203_/X (sky130_fd_sc_hd__a211o_2)
                                                         _039_ (net)
                      0.063796    0.000022    5.741395 ^ _204_/B1_N (sky130_fd_sc_hd__o21ba_2)
     1    0.001848    0.054802    0.271791    6.013186 v _204_/X (sky130_fd_sc_hd__o21ba_2)
                                                         _007_ (net)
                      0.054802    0.000016    6.013201 v _221_/D (sky130_fd_sc_hd__dfxtp_2)
                                              6.013201   data arrival time

                                 20.000000   20.000000   clock clk (rise edge)
                                  0.000000   20.000000   clock source latency
     1    0.014492    0.000000    0.000000   20.000000 ^ clk (in)
                                                         clk (net)
                      0.000777    0.000389   20.000389 ^ clkbuf_0_clk/A (sky130_fd_sc_hd__clkbuf_16)
     4    0.039427    0.093375    0.218941   20.219330 ^ clkbuf_0_clk/X (sky130_fd_sc_hd__clkbuf_16)
                                                         clknet_0_clk (net)
                      0.093376    0.000464   20.219795 ^ clkbuf_2_3__f_clk/A (sky130_fd_sc_hd__clkbuf_16)
     8    0.026278    0.075393    0.241243   20.461039 ^ clkbuf_2_3__f_clk/X (sky130_fd_sc_hd__clkbuf_16)
                                                         clknet_2_3__leaf_clk (net)
                      0.075393    0.000169   20.461206 ^ _221_/CLK (sky130_fd_sc_hd__dfxtp_2)
                                  0.000000   20.461206   clock reconvergence pessimism
                                 -0.266608   20.194599   library setup time
                                             20.194599   data required time
---------------------------------------------------------------------------------------------
                                             20.194599   data required time
                                             -6.013201   data arrival time
---------------------------------------------------------------------------------------------
                                             14.181397   slack (MET)


Startpoint: _219_ (rising edge-triggered flip-flop clocked by clk)
Endpoint: _244_ (rising edge-triggered flip-flop clocked by clk)
Path Group: clk
Path Type: max

Fanout         Cap        Slew       Delay        Time   Description
---------------------------------------------------------------------------------------------
                                  0.000000    0.000000   clock clk (rise edge)
                                  0.000000    0.000000   clock source latency
     1    0.014492    0.000000    0.000000    0.000000 ^ clk (in)
                                                         clk (net)
                      0.000777    0.000388    0.000388 ^ clkbuf_0_clk/A (sky130_fd_sc_hd__clkbuf_16)
     4    0.039427    0.093375    0.218942    0.219331 ^ clkbuf_0_clk/X (sky130_fd_sc_hd__clkbuf_16)
                                                         clknet_0_clk (net)
                      0.093376    0.000502    0.219832 ^ clkbuf_2_2__f_clk/A (sky130_fd_sc_hd__clkbuf_16)
     9    0.024306    0.072831    0.238390    0.458223 ^ clkbuf_2_2__f_clk/X (sky130_fd_sc_hd__clkbuf_16)
                                                         clknet_2_2__leaf_clk (net)
                      0.072837    0.000140    0.458362 ^ _219_/CLK (sky130_fd_sc_hd__dfxtp_2)
     7    0.025002    0.125180    0.684393    1.142755 v _219_/Q (sky130_fd_sc_hd__dfxtp_2)
                                                         baud_counter[3] (net)
                      0.125180    0.000169    1.142924 v _177_/A (sky130_fd_sc_hd__or4b_2)
     1    0.006425    0.247912    1.634511    2.777435 v _177_/X (sky130_fd_sc_hd__or4b_2)
                                                         _096_ (net)
                      0.247912    0.000177    2.777613 v _180_/B (sky130_fd_sc_hd__or4b_2)
     4    0.017576    0.322330    1.749802    4.527415 v _180_/X (sky130_fd_sc_hd__or4b_2)
                                                         _099_ (net)
                      0.322330    0.000427    4.527842 v _181_/B (sky130_fd_sc_hd__nor2_2)
    10    0.049506    0.871647    0.796936    5.324777 ^ _181_/Y (sky130_fd_sc_hd__nor2_2)
                                                         _100_ (net)
                      0.871647    0.000530    5.325307 ^ _128_/B (sky130_fd_sc_hd__nand2_2)
     1    0.002927    0.123833    0.270348    5.595655 v _128_/Y (sky130_fd_sc_hd__nand2_2)
                                                         _059_ (net)
                      0.123833    0.000031    5.595686 v _163_/A2 (sky130_fd_sc_hd__a21o_2)
     1    0.002325    0.055018    0.390723    5.986409 v _163_/X (sky130_fd_sc_hd__a21o_2)
                                                         _030_ (net)
                      0.055018    0.000024    5.986433 v _244_/D (sky130_fd_sc_hd__dfxtp_2)
                                              5.986433   data arrival time

                                 20.000000   20.000000   clock clk (rise edge)
                                  0.000000   20.000000   clock source latency
     1    0.014492    0.000000    0.000000   20.000000 ^ clk (in)
                                                         clk (net)
                      0.000777    0.000389   20.000389 ^ clkbuf_0_clk/A (sky130_fd_sc_hd__clkbuf_16)
     4    0.039427    0.093375    0.218941   20.219330 ^ clkbuf_0_clk/X (sky130_fd_sc_hd__clkbuf_16)
                                                         clknet_0_clk (net)
                      0.093376    0.000503   20.219833 ^ clkbuf_2_2__f_clk/A (sky130_fd_sc_hd__clkbuf_16)
     9    0.024306    0.072831    0.238389   20.458221 ^ clkbuf_2_2__f_clk/X (sky130_fd_sc_hd__clkbuf_16)
                                                         clknet_2_2__leaf_clk (net)
                      0.072841    0.000300   20.458523 ^ _244_/CLK (sky130_fd_sc_hd__dfxtp_2)
                                  0.000000   20.458523   clock reconvergence pessimism
                                 -0.267389   20.191133   library setup time
                                             20.191133   data required time
---------------------------------------------------------------------------------------------
                                             20.191133   data required time
                                             -5.986433   data arrival time
---------------------------------------------------------------------------------------------
                                             14.204700   slack (MET)


Startpoint: _219_ (rising edge-triggered flip-flop clocked by clk)
Endpoint: _224_ (rising edge-triggered flip-flop clocked by clk)
Path Group: clk
Path Type: max

Fanout         Cap        Slew       Delay        Time   Description
---------------------------------------------------------------------------------------------
                                  0.000000    0.000000   clock clk (rise edge)
                                  0.000000    0.000000   clock source latency
     1    0.014492    0.000000    0.000000    0.000000 ^ clk (in)
                                                         clk (net)
                      0.000777    0.000388    0.000388 ^ clkbuf_0_clk/A (sky130_fd_sc_hd__clkbuf_16)
     4    0.039427    0.093375    0.218942    0.219331 ^ clkbuf_0_clk/X (sky130_fd_sc_hd__clkbuf_16)
                                                         clknet_0_clk (net)
                      0.093376    0.000502    0.219832 ^ clkbuf_2_2__f_clk/A (sky130_fd_sc_hd__clkbuf_16)
     9    0.024306    0.072831    0.238390    0.458223 ^ clkbuf_2_2__f_clk/X (sky130_fd_sc_hd__clkbuf_16)
                                                         clknet_2_2__leaf_clk (net)
                      0.072837    0.000140    0.458362 ^ _219_/CLK (sky130_fd_sc_hd__dfxtp_2)
     7    0.025002    0.125180    0.684393    1.142755 v _219_/Q (sky130_fd_sc_hd__dfxtp_2)
                                                         baud_counter[3] (net)
                      0.125180    0.000169    1.142924 v _177_/A (sky130_fd_sc_hd__or4b_2)
     1    0.006425    0.247912    1.634511    2.777435 v _177_/X (sky130_fd_sc_hd__or4b_2)
                                                         _096_ (net)
                      0.247912    0.000177    2.777613 v _180_/B (sky130_fd_sc_hd__or4b_2)
     4    0.017576    0.322330    1.749802    4.527415 v _180_/X (sky130_fd_sc_hd__or4b_2)
                                                         _099_ (net)
                      0.322330    0.000427    4.527842 v _181_/B (sky130_fd_sc_hd__nor2_2)
    10    0.049506    0.871647    0.796936    5.324777 ^ _181_/Y (sky130_fd_sc_hd__nor2_2)
                                                         _100_ (net)
                      0.871647    0.000485    5.325262 ^ _191_/A (sky130_fd_sc_hd__nor2_2)
     3    0.009751    0.174438    0.324071    5.649333 v _191_/Y (sky130_fd_sc_hd__nor2_2)
                                                         _031_ (net)
                      0.174438    0.000034    5.649367 v _212_/C1 (sky130_fd_sc_hd__o211a_2)
     1    0.002155    0.065864    0.251252    5.900620 v _212_/X (sky130_fd_sc_hd__o211a_2)
                                                         _010_ (net)
                      0.065864    0.000022    5.900641 v _224_/D (sky130_fd_sc_hd__dfxtp_2)
                                              5.900641   data arrival time

                                 20.000000   20.000000   clock clk (rise edge)
                                  0.000000   20.000000   clock source latency
     1    0.014492    0.000000    0.000000   20.000000 ^ clk (in)
                                                         clk (net)
                      0.000777    0.000389   20.000389 ^ clkbuf_0_clk/A (sky130_fd_sc_hd__clkbuf_16)
     4    0.039427    0.093375    0.218941   20.219330 ^ clkbuf_0_clk/X (sky130_fd_sc_hd__clkbuf_16)
                                                         clknet_0_clk (net)
                      0.093376    0.000464   20.219795 ^ clkbuf_2_3__f_clk/A (sky130_fd_sc_hd__clkbuf_16)
     8    0.026278    0.075393    0.241243   20.461039 ^ clkbuf_2_3__f_clk/X (sky130_fd_sc_hd__clkbuf_16)
                                                         clknet_2_3__leaf_clk (net)
                      0.075393    0.000115   20.461153 ^ _224_/CLK (sky130_fd_sc_hd__dfxtp_2)
                                  0.000000   20.461153   clock reconvergence pessimism
                                 -0.271206   20.189947   library setup time
                                             20.189947   data required time
---------------------------------------------------------------------------------------------
                                             20.189947   data required time
                                             -5.900641   data arrival time
---------------------------------------------------------------------------------------------
                                             14.289306   slack (MET)


Startpoint: _219_ (rising edge-triggered flip-flop clocked by clk)
Endpoint: _217_ (rising edge-triggered flip-flop clocked by clk)
Path Group: clk
Path Type: max

Fanout         Cap        Slew       Delay        Time   Description
---------------------------------------------------------------------------------------------
                                  0.000000    0.000000   clock clk (rise edge)
                                  0.000000    0.000000   clock source latency
     1    0.014492    0.000000    0.000000    0.000000 ^ clk (in)
                                                         clk (net)
                      0.000777    0.000388    0.000388 ^ clkbuf_0_clk/A (sky130_fd_sc_hd__clkbuf_16)
     4    0.039427    0.093375    0.218942    0.219331 ^ clkbuf_0_clk/X (sky130_fd_sc_hd__clkbuf_16)
                                                         clknet_0_clk (net)
                      0.093376    0.000502    0.219832 ^ clkbuf_2_2__f_clk/A (sky130_fd_sc_hd__clkbuf_16)
     9    0.024306    0.072831    0.238390    0.458223 ^ clkbuf_2_2__f_clk/X (sky130_fd_sc_hd__clkbuf_16)
                                                         clknet_2_2__leaf_clk (net)
                      0.072837    0.000140    0.458362 ^ _219_/CLK (sky130_fd_sc_hd__dfxtp_2)
     7    0.025002    0.125180    0.684393    1.142755 v _219_/Q (sky130_fd_sc_hd__dfxtp_2)
                                                         baud_counter[3] (net)
                      0.125180    0.000169    1.142924 v _177_/A (sky130_fd_sc_hd__or4b_2)
     1    0.006425    0.247912    1.634511    2.777435 v _177_/X (sky130_fd_sc_hd__or4b_2)
                                                         _096_ (net)
                      0.247912    0.000177    2.777613 v _180_/B (sky130_fd_sc_hd__or4b_2)
     4    0.017576    0.322330    1.749802    4.527415 v _180_/X (sky130_fd_sc_hd__or4b_2)
                                                         _099_ (net)
                      0.322330    0.000427    4.527842 v _181_/B (sky130_fd_sc_hd__nor2_2)
    10    0.049506    0.871647    0.796936    5.324777 ^ _181_/Y (sky130_fd_sc_hd__nor2_2)
                                                         _100_ (net)
                      0.871647    0.000559    5.325336 ^ _193_/B1 (sky130_fd_sc_hd__a311o_2)
     1    0.005768    0.098441    0.478825    5.804162 ^ _193_/X (sky130_fd_sc_hd__a311o_2)
                                                         _033_ (net)
                      0.098441    0.000070    5.804232 ^ _194_/B (sky130_fd_sc_hd__nor2_2)
     1    0.002055    0.045445    0.064517    5.868748 v _194_/Y (sky130_fd_sc_hd__nor2_2)
                                                         _003_ (net)
                      0.045445    0.000019    5.868767 v _217_/D (sky130_fd_sc_hd__dfxtp_2)
                                              5.868767   data arrival time

                                 20.000000   20.000000   clock clk (rise edge)
                                  0.000000   20.000000   clock source latency
     1    0.014492    0.000000    0.000000   20.000000 ^ clk (in)
                                                         clk (net)
                      0.000777    0.000389   20.000389 ^ clkbuf_0_clk/A (sky130_fd_sc_hd__clkbuf_16)
     4    0.039427    0.093375    0.218941   20.219330 ^ clkbuf_0_clk/X (sky130_fd_sc_hd__clkbuf_16)
                                                         clknet_0_clk (net)
                      0.093376    0.000503   20.219833 ^ clkbuf_2_2__f_clk/A (sky130_fd_sc_hd__clkbuf_16)
     9    0.024306    0.072831    0.238389   20.458221 ^ clkbuf_2_2__f_clk/X (sky130_fd_sc_hd__clkbuf_16)
                                                         clknet_2_2__leaf_clk (net)
                      0.072842    0.000361   20.458584 ^ _217_/CLK (sky130_fd_sc_hd__dfxtp_2)
                                  0.000000   20.458584   clock reconvergence pessimism
                                 -0.263409   20.195173   library setup time
                                             20.195173   data required time
---------------------------------------------------------------------------------------------
                                             20.195173   data required time
                                             -5.868767   data arrival time
---------------------------------------------------------------------------------------------
                                             14.326407   slack (MET)


Startpoint: _219_ (rising edge-triggered flip-flop clocked by clk)
Endpoint: _215_ (rising edge-triggered flip-flop clocked by clk)
Path Group: clk
Path Type: max

Fanout         Cap        Slew       Delay        Time   Description
---------------------------------------------------------------------------------------------
                                  0.000000    0.000000   clock clk (rise edge)
                                  0.000000    0.000000   clock source latency
     1    0.014492    0.000000    0.000000    0.000000 ^ clk (in)
                                                         clk (net)
                      0.000777    0.000388    0.000388 ^ clkbuf_0_clk/A (sky130_fd_sc_hd__clkbuf_16)
     4    0.039427    0.093375    0.218942    0.219331 ^ clkbuf_0_clk/X (sky130_fd_sc_hd__clkbuf_16)
                                                         clknet_0_clk (net)
                      0.093376    0.000502    0.219832 ^ clkbuf_2_2__f_clk/A (sky130_fd_sc_hd__clkbuf_16)
     9    0.024306    0.072831    0.238390    0.458223 ^ clkbuf_2_2__f_clk/X (sky130_fd_sc_hd__clkbuf_16)
                                                         clknet_2_2__leaf_clk (net)
                      0.072837    0.000140    0.458362 ^ _219_/CLK (sky130_fd_sc_hd__dfxtp_2)
     7    0.025002    0.125180    0.684393    1.142755 v _219_/Q (sky130_fd_sc_hd__dfxtp_2)
                                                         baud_counter[3] (net)
                      0.125180    0.000169    1.142924 v _177_/A (sky130_fd_sc_hd__or4b_2)
     1    0.006425    0.247912    1.634511    2.777435 v _177_/X (sky130_fd_sc_hd__or4b_2)
                                                         _096_ (net)
                      0.247912    0.000177    2.777613 v _180_/B (sky130_fd_sc_hd__or4b_2)
     4    0.017576    0.322330    1.749802    4.527415 v _180_/X (sky130_fd_sc_hd__or4b_2)
                                                         _099_ (net)
                      0.322330    0.000427    4.527842 v _181_/B (sky130_fd_sc_hd__nor2_2)
    10    0.049506    0.871647    0.796936    5.324777 ^ _181_/Y (sky130_fd_sc_hd__nor2_2)
                                                         _100_ (net)
                      0.871647    0.000358    5.325136 ^ _185_/B (sky130_fd_sc_hd__nand2_2)
     2    0.004297    0.139762    0.291176    5.616312 v _185_/Y (sky130_fd_sc_hd__nand2_2)
                                                         _103_ (net)
                      0.139762    0.000040    5.616352 v _186_/C1 (sky130_fd_sc_hd__o211a_2)
     1    0.002735    0.069217    0.238565    5.854917 v _186_/X (sky130_fd_sc_hd__o211a_2)
                                                         _001_ (net)
                      0.069217    0.000032    5.854949 v _215_/D (sky130_fd_sc_hd__dfxtp_2)
                                              5.854949   data arrival time

                                 20.000000   20.000000   clock clk (rise edge)
                                  0.000000   20.000000   clock source latency
     1    0.014492    0.000000    0.000000   20.000000 ^ clk (in)
                                                         clk (net)
                      0.000777    0.000389   20.000389 ^ clkbuf_0_clk/A (sky130_fd_sc_hd__clkbuf_16)
     4    0.039427    0.093375    0.218941   20.219330 ^ clkbuf_0_clk/X (sky130_fd_sc_hd__clkbuf_16)
                                                         clknet_0_clk (net)
                      0.093376    0.000503   20.219833 ^ clkbuf_2_2__f_clk/A (sky130_fd_sc_hd__clkbuf_16)
     9    0.024306    0.072831    0.238389   20.458221 ^ clkbuf_2_2__f_clk/X (sky130_fd_sc_hd__clkbuf_16)
                                                         clknet_2_2__leaf_clk (net)
                      0.072839    0.000204   20.458427 ^ _215_/CLK (sky130_fd_sc_hd__dfxtp_2)
                                  0.000000   20.458427   clock reconvergence pessimism
                                 -0.273291   20.185137   library setup time
                                             20.185137   data required time
---------------------------------------------------------------------------------------------
                                             20.185137   data required time
                                             -5.854949   data arrival time
---------------------------------------------------------------------------------------------
                                             14.330187   slack (MET)


Startpoint: _219_ (rising edge-triggered flip-flop clocked by clk)
Endpoint: _232_ (rising edge-triggered flip-flop clocked by clk)
Path Group: clk
Path Type: max

Fanout         Cap        Slew       Delay        Time   Description
---------------------------------------------------------------------------------------------
                                  0.000000    0.000000   clock clk (rise edge)
                                  0.000000    0.000000   clock source latency
     1    0.014492    0.000000    0.000000    0.000000 ^ clk (in)
                                                         clk (net)
                      0.000777    0.000388    0.000388 ^ clkbuf_0_clk/A (sky130_fd_sc_hd__clkbuf_16)
     4    0.039427    0.093375    0.218942    0.219331 ^ clkbuf_0_clk/X (sky130_fd_sc_hd__clkbuf_16)
                                                         clknet_0_clk (net)
                      0.093376    0.000502    0.219832 ^ clkbuf_2_2__f_clk/A (sky130_fd_sc_hd__clkbuf_16)
     9    0.024306    0.072831    0.238390    0.458223 ^ clkbuf_2_2__f_clk/X (sky130_fd_sc_hd__clkbuf_16)
                                                         clknet_2_2__leaf_clk (net)
                      0.072837    0.000140    0.458362 ^ _219_/CLK (sky130_fd_sc_hd__dfxtp_2)
     7    0.025002    0.125180    0.684393    1.142755 v _219_/Q (sky130_fd_sc_hd__dfxtp_2)
                                                         baud_counter[3] (net)
                      0.125180    0.000169    1.142924 v _177_/A (sky130_fd_sc_hd__or4b_2)
     1    0.006425    0.247912    1.634511    2.777435 v _177_/X (sky130_fd_sc_hd__or4b_2)
                                                         _096_ (net)
                      0.247912    0.000177    2.777613 v _180_/B (sky130_fd_sc_hd__or4b_2)
     4    0.017576    0.322330    1.749802    4.527415 v _180_/X (sky130_fd_sc_hd__or4b_2)
                                                         _099_ (net)
                      0.322330    0.000427    4.527842 v _181_/B (sky130_fd_sc_hd__nor2_2)
    10    0.049506    0.871647    0.796936    5.324777 ^ _181_/Y (sky130_fd_sc_hd__nor2_2)
                                                         _100_ (net)
                      0.871647    0.000405    5.325182 ^ _126_/B (sky130_fd_sc_hd__xnor2_2)
     1    0.005510    0.199834    0.422628    5.747809 ^ _126_/Y (sky130_fd_sc_hd__xnor2_2)
                                                         _058_ (net)
                      0.199834    0.000062    5.747871 ^ _127_/B (sky130_fd_sc_hd__nor2_2)
     1    0.001921    0.068342    0.092546    5.840417 v _127_/Y (sky130_fd_sc_hd__nor2_2)
                                                         _018_ (net)
                      0.068342    0.000017    5.840434 v _232_/D (sky130_fd_sc_hd__dfxtp_2)
                                              5.840434   data arrival time

                                 20.000000   20.000000   clock clk (rise edge)
                                  0.000000   20.000000   clock source latency
     1    0.014492    0.000000    0.000000   20.000000 ^ clk (in)
                                                         clk (net)
                      0.000777    0.000389   20.000389 ^ clkbuf_0_clk/A (sky130_fd_sc_hd__clkbuf_16)
     4    0.039427    0.093375    0.218941   20.219330 ^ clkbuf_0_clk/X (sky130_fd_sc_hd__clkbuf_16)
                                                         clknet_0_clk (net)
                      0.093376    0.000465   20.219797 ^ clkbuf_2_1__f_clk/A (sky130_fd_sc_hd__clkbuf_16)
     9    0.024143    0.072630    0.238209   20.458006 ^ clkbuf_2_1__f_clk/X (sky130_fd_sc_hd__clkbuf_16)
                                                         clknet_2_1__leaf_clk (net)
                      0.072630    0.000073   20.458078 ^ _232_/CLK (sky130_fd_sc_hd__dfxtp_2)
                                  0.000000   20.458078   clock reconvergence pessimism
                                 -0.272984   20.185095   library setup time
                                             20.185095   data required time
---------------------------------------------------------------------------------------------
                                             20.185095   data required time
                                             -5.840434   data arrival time
---------------------------------------------------------------------------------------------
                                             14.344661   slack (MET)


Startpoint: _219_ (rising edge-triggered flip-flop clocked by clk)
Endpoint: _214_ (rising edge-triggered flip-flop clocked by clk)
Path Group: clk
Path Type: max

Fanout         Cap        Slew       Delay        Time   Description
---------------------------------------------------------------------------------------------
                                  0.000000    0.000000   clock clk (rise edge)
                                  0.000000    0.000000   clock source latency
     1    0.014492    0.000000    0.000000    0.000000 ^ clk (in)
                                                         clk (net)
                      0.000777    0.000388    0.000388 ^ clkbuf_0_clk/A (sky130_fd_sc_hd__clkbuf_16)
     4    0.039427    0.093375    0.218942    0.219331 ^ clkbuf_0_clk/X (sky130_fd_sc_hd__clkbuf_16)
                                                         clknet_0_clk (net)
                      0.093376    0.000502    0.219832 ^ clkbuf_2_2__f_clk/A (sky130_fd_sc_hd__clkbuf_16)
     9    0.024306    0.072831    0.238390    0.458223 ^ clkbuf_2_2__f_clk/X (sky130_fd_sc_hd__clkbuf_16)
                                                         clknet_2_2__leaf_clk (net)
                      0.072837    0.000140    0.458362 ^ _219_/CLK (sky130_fd_sc_hd__dfxtp_2)
     7    0.025002    0.125180    0.684393    1.142755 v _219_/Q (sky130_fd_sc_hd__dfxtp_2)
                                                         baud_counter[3] (net)
                      0.125180    0.000169    1.142924 v _177_/A (sky130_fd_sc_hd__or4b_2)
     1    0.006425    0.247912    1.634511    2.777435 v _177_/X (sky130_fd_sc_hd__or4b_2)
                                                         _096_ (net)
                      0.247912    0.000177    2.777613 v _180_/B (sky130_fd_sc_hd__or4b_2)
     4    0.017576    0.322330    1.749802    4.527415 v _180_/X (sky130_fd_sc_hd__or4b_2)
                                                         _099_ (net)
                      0.322330    0.000427    4.527842 v _181_/B (sky130_fd_sc_hd__nor2_2)
    10    0.049506    0.871647    0.796936    5.324777 ^ _181_/Y (sky130_fd_sc_hd__nor2_2)
                                                         _100_ (net)
                      0.871647    0.000486    5.325264 ^ _184_/A1 (sky130_fd_sc_hd__a211o_2)
     1    0.001930    0.059224    0.510625    5.835888 ^ _184_/X (sky130_fd_sc_hd__a211o_2)
                                                         _000_ (net)
                      0.059224    0.000017    5.835905 ^ _214_/D (sky130_fd_sc_hd__dfxtp_2)
                                              5.835905   data arrival time

                                 20.000000   20.000000   clock clk (rise edge)
                                  0.000000   20.000000   clock source latency
     1    0.014492    0.000000    0.000000   20.000000 ^ clk (in)
                                                         clk (net)
                      0.000777    0.000389   20.000389 ^ clkbuf_0_clk/A (sky130_fd_sc_hd__clkbuf_16)
     4    0.039427    0.093375    0.218941   20.219330 ^ clkbuf_0_clk/X (sky130_fd_sc_hd__clkbuf_16)
                                                         clknet_0_clk (net)
                      0.093376    0.000494   20.219824 ^ clkbuf_2_0__f_clk/A (sky130_fd_sc_hd__clkbuf_16)
     8    0.026536    0.075742    0.241482   20.461306 ^ clkbuf_2_0__f_clk/X (sky130_fd_sc_hd__clkbuf_16)
                                                         clknet_2_0__leaf_clk (net)
                      0.075742    0.000249   20.461555 ^ _214_/CLK (sky130_fd_sc_hd__dfxtp_2)
                                  0.000000   20.461555   clock reconvergence pessimism
                                 -0.137226   20.324327   library setup time
                                             20.324327   data required time
---------------------------------------------------------------------------------------------
                                             20.324327   data required time
                                             -5.835905   data arrival time
---------------------------------------------------------------------------------------------
                                             14.488422   slack (MET)


Startpoint: tx_start (input port clocked by clk)
Endpoint: _231_ (rising edge-triggered flip-flop clocked by clk)
Path Group: clk
Path Type: max

Fanout         Cap        Slew       Delay        Time   Description
---------------------------------------------------------------------------------------------
                                  0.000000    0.000000   clock clk (rise edge)
                                  0.000000    0.000000   clock network delay (propagated)
                                  2.000000    2.000000 v input external delay
     1    0.003529    0.000000    0.000000    2.000000 v tx_start (in)
                                                         tx_start (net)
                      0.000030    0.000015    2.000015 v input10/A (sky130_fd_sc_hd__clkdlybuf4s25_1)
     4    0.014006    0.208294    0.543900    2.543915 v input10/X (sky130_fd_sc_hd__clkdlybuf4s25_1)
                                                         net10 (net)
                      0.208294    0.000192    2.544106 v _169_/B (sky130_fd_sc_hd__and2_2)
     8    0.035298    0.196559    0.607290    3.151397 v _169_/X (sky130_fd_sc_hd__and2_2)
                                                         _088_ (net)
                      0.196560    0.000887    3.152284 v _187_/B (sky130_fd_sc_hd__nor2_2)
    11    0.045520    0.805716    0.694786    3.847070 ^ _187_/Y (sky130_fd_sc_hd__nor2_2)
                                                         _104_ (net)
                      0.805716    0.001116    3.848186 ^ _125_/C1 (sky130_fd_sc_hd__o211a_2)
     1    0.001906    0.075845    0.603210    4.451396 ^ _125_/X (sky130_fd_sc_hd__o211a_2)
                                                         _017_ (net)
                      0.075845    0.000017    4.451413 ^ _231_/D (sky130_fd_sc_hd__dfxtp_2)
                                              4.451413   data arrival time

                                 20.000000   20.000000   clock clk (rise edge)
                                  0.000000   20.000000   clock source latency
     1    0.014492    0.000000    0.000000   20.000000 ^ clk (in)
                                                         clk (net)
                      0.000777    0.000389   20.000389 ^ clkbuf_0_clk/A (sky130_fd_sc_hd__clkbuf_16)
     4    0.039427    0.093375    0.218941   20.219330 ^ clkbuf_0_clk/X (sky130_fd_sc_hd__clkbuf_16)
                                                         clknet_0_clk (net)
                      0.093376    0.000465   20.219797 ^ clkbuf_2_1__f_clk/A (sky130_fd_sc_hd__clkbuf_16)
     9    0.024143    0.072630    0.238209   20.458006 ^ clkbuf_2_1__f_clk/X (sky130_fd_sc_hd__clkbuf_16)
                                                         clknet_2_1__leaf_clk (net)
                      0.072630    0.000101   20.458107 ^ _231_/CLK (sky130_fd_sc_hd__dfxtp_2)
                                  0.000000   20.458107   clock reconvergence pessimism
                                 -0.142125   20.315983   library setup time
                                             20.315983   data required time
---------------------------------------------------------------------------------------------
                                             20.315983   data required time
                                             -4.451413   data arrival time
---------------------------------------------------------------------------------------------
                                             15.864569   slack (MET)


Startpoint: tx_start (input port clocked by clk)
Endpoint: _230_ (rising edge-triggered flip-flop clocked by clk)
Path Group: clk
Path Type: max

Fanout         Cap        Slew       Delay        Time   Description
---------------------------------------------------------------------------------------------
                                  0.000000    0.000000   clock clk (rise edge)
                                  0.000000    0.000000   clock network delay (propagated)
                                  2.000000    2.000000 v input external delay
     1    0.003529    0.000000    0.000000    2.000000 v tx_start (in)
                                                         tx_start (net)
                      0.000030    0.000015    2.000015 v input10/A (sky130_fd_sc_hd__clkdlybuf4s25_1)
     4    0.014006    0.208294    0.543900    2.543915 v input10/X (sky130_fd_sc_hd__clkdlybuf4s25_1)
                                                         net10 (net)
                      0.208294    0.000192    2.544106 v _169_/B (sky130_fd_sc_hd__and2_2)
     8    0.035298    0.196559    0.607290    3.151397 v _169_/X (sky130_fd_sc_hd__and2_2)
                                                         _088_ (net)
                      0.196560    0.000887    3.152284 v _187_/B (sky130_fd_sc_hd__nor2_2)
    11    0.045520    0.805716    0.694786    3.847070 ^ _187_/Y (sky130_fd_sc_hd__nor2_2)
                                                         _104_ (net)
                      0.805716    0.001075    3.848145 ^ _122_/A (sky130_fd_sc_hd__and3_2)
     1    0.002455    0.084803    0.595216    4.443360 ^ _122_/X (sky130_fd_sc_hd__and3_2)
                                                         _016_ (net)
                      0.084803    0.000026    4.443386 ^ _230_/D (sky130_fd_sc_hd__dfxtp_2)
                                              4.443386   data arrival time

                                 20.000000   20.000000   clock clk (rise edge)
                                  0.000000   20.000000   clock source latency
     1    0.014492    0.000000    0.000000   20.000000 ^ clk (in)
                                                         clk (net)
                      0.000777    0.000389   20.000389 ^ clkbuf_0_clk/A (sky130_fd_sc_hd__clkbuf_16)
     4    0.039427    0.093375    0.218941   20.219330 ^ clkbuf_0_clk/X (sky130_fd_sc_hd__clkbuf_16)
                                                         clknet_0_clk (net)
                      0.093376    0.000465   20.219797 ^ clkbuf_2_1__f_clk/A (sky130_fd_sc_hd__clkbuf_16)
     9    0.024143    0.072630    0.238209   20.458006 ^ clkbuf_2_1__f_clk/X (sky130_fd_sc_hd__clkbuf_16)
                                                         clknet_2_1__leaf_clk (net)
                      0.072630    0.000091   20.458096 ^ _230_/CLK (sky130_fd_sc_hd__dfxtp_2)
                                  0.000000   20.458096   clock reconvergence pessimism
                                 -0.144475   20.313622   library setup time
                                             20.313622   data required time
---------------------------------------------------------------------------------------------
                                             20.313622   data required time
                                             -4.443386   data arrival time
---------------------------------------------------------------------------------------------
                                             15.870235   slack (MET)


Startpoint: tx_start (input port clocked by clk)
Endpoint: _226_ (rising edge-triggered flip-flop clocked by clk)
Path Group: clk
Path Type: max

Fanout         Cap        Slew       Delay        Time   Description
---------------------------------------------------------------------------------------------
                                  0.000000    0.000000   clock clk (rise edge)
                                  0.000000    0.000000   clock network delay (propagated)
                                  2.000000    2.000000 v input external delay
     1    0.003529    0.000000    0.000000    2.000000 v tx_start (in)
                                                         tx_start (net)
                      0.000030    0.000015    2.000015 v input10/A (sky130_fd_sc_hd__clkdlybuf4s25_1)
     4    0.014006    0.208294    0.543900    2.543915 v input10/X (sky130_fd_sc_hd__clkdlybuf4s25_1)
                                                         net10 (net)
                      0.208294    0.000192    2.544106 v _169_/B (sky130_fd_sc_hd__and2_2)
     8    0.035298    0.196559    0.607290    3.151397 v _169_/X (sky130_fd_sc_hd__and2_2)
                                                         _088_ (net)
                      0.196560    0.000887    3.152284 v _187_/B (sky130_fd_sc_hd__nor2_2)
    11    0.045520    0.805716    0.694786    3.847070 ^ _187_/Y (sky130_fd_sc_hd__nor2_2)
                                                         _104_ (net)
                      0.805716    0.000914    3.847983 ^ _111_/B (sky130_fd_sc_hd__and3b_2)
     1    0.002118    0.081335    0.581133    4.429116 ^ _111_/X (sky130_fd_sc_hd__and3b_2)
                                                         _012_ (net)
                      0.081335    0.000020    4.429137 ^ _226_/D (sky130_fd_sc_hd__dfxtp_2)
                                              4.429137   data arrival time

                                 20.000000   20.000000   clock clk (rise edge)
                                  0.000000   20.000000   clock source latency
     1    0.014492    0.000000    0.000000   20.000000 ^ clk (in)
                                                         clk (net)
                      0.000777    0.000389   20.000389 ^ clkbuf_0_clk/A (sky130_fd_sc_hd__clkbuf_16)
     4    0.039427    0.093375    0.218941   20.219330 ^ clkbuf_0_clk/X (sky130_fd_sc_hd__clkbuf_16)
                                                         clknet_0_clk (net)
                      0.093376    0.000465   20.219797 ^ clkbuf_2_1__f_clk/A (sky130_fd_sc_hd__clkbuf_16)
     9    0.024143    0.072630    0.238209   20.458006 ^ clkbuf_2_1__f_clk/X (sky130_fd_sc_hd__clkbuf_16)
                                                         clknet_2_1__leaf_clk (net)
                      0.072630    0.000101   20.458107 ^ _226_/CLK (sky130_fd_sc_hd__dfxtp_2)
                                  0.000000   20.458107   clock reconvergence pessimism
                                 -0.143565   20.314541   library setup time
                                             20.314541   data required time
---------------------------------------------------------------------------------------------
                                             20.314541   data required time
                                             -4.429137   data arrival time
---------------------------------------------------------------------------------------------
                                             15.885406   slack (MET)


Startpoint: tx_start (input port clocked by clk)
Endpoint: _218_ (rising edge-triggered flip-flop clocked by clk)
Path Group: clk
Path Type: max

Fanout         Cap        Slew       Delay        Time   Description
---------------------------------------------------------------------------------------------
                                  0.000000    0.000000   clock clk (rise edge)
                                  0.000000    0.000000   clock network delay (propagated)
                                  2.000000    2.000000 v input external delay
     1    0.003529    0.000000    0.000000    2.000000 v tx_start (in)
                                                         tx_start (net)
                      0.000030    0.000015    2.000015 v input10/A (sky130_fd_sc_hd__clkdlybuf4s25_1)
     4    0.014006    0.208294    0.543900    2.543915 v input10/X (sky130_fd_sc_hd__clkdlybuf4s25_1)
                                                         net10 (net)
                      0.208294    0.000192    2.544106 v _169_/B (sky130_fd_sc_hd__and2_2)
     8    0.035298    0.196559    0.607290    3.151397 v _169_/X (sky130_fd_sc_hd__and2_2)
                                                         _088_ (net)
                      0.196560    0.000887    3.152284 v _187_/B (sky130_fd_sc_hd__nor2_2)
    11    0.045520    0.805716    0.694786    3.847070 ^ _187_/Y (sky130_fd_sc_hd__nor2_2)
                                                         _104_ (net)
                      0.805716    0.000533    3.847603 ^ _197_/B (sky130_fd_sc_hd__and3b_2)
     1    0.002106    0.081249    0.580994    4.428597 ^ _197_/X (sky130_fd_sc_hd__and3b_2)
                                                         _004_ (net)
                      0.081249    0.000020    4.428617 ^ _218_/D (sky130_fd_sc_hd__dfxtp_2)
                                              4.428617   data arrival time

                                 20.000000   20.000000   clock clk (rise edge)
                                  0.000000   20.000000   clock source latency
     1    0.014492    0.000000    0.000000   20.000000 ^ clk (in)
                                                         clk (net)
                      0.000777    0.000389   20.000389 ^ clkbuf_0_clk/A (sky130_fd_sc_hd__clkbuf_16)
     4    0.039427    0.093375    0.218941   20.219330 ^ clkbuf_0_clk/X (sky130_fd_sc_hd__clkbuf_16)
                                                         clknet_0_clk (net)
                      0.093376    0.000503   20.219833 ^ clkbuf_2_2__f_clk/A (sky130_fd_sc_hd__clkbuf_16)
     9    0.024306    0.072831    0.238389   20.458221 ^ clkbuf_2_2__f_clk/X (sky130_fd_sc_hd__clkbuf_16)
                                                         clknet_2_2__leaf_clk (net)
                      0.072837    0.000124   20.458347 ^ _218_/CLK (sky130_fd_sc_hd__dfxtp_2)
                                  0.000000   20.458347   clock reconvergence pessimism
                                 -0.143507   20.314840   library setup time
                                             20.314840   data required time
---------------------------------------------------------------------------------------------
                                             20.314840   data required time
                                             -4.428617   data arrival time
---------------------------------------------------------------------------------------------
                                             15.886223   slack (MET)


Startpoint: tx_start (input port clocked by clk)
Endpoint: _228_ (rising edge-triggered flip-flop clocked by clk)
Path Group: clk
Path Type: max

Fanout         Cap        Slew       Delay        Time   Description
---------------------------------------------------------------------------------------------
                                  0.000000    0.000000   clock clk (rise edge)
                                  0.000000    0.000000   clock network delay (propagated)
                                  2.000000    2.000000 v input external delay
     1    0.003529    0.000000    0.000000    2.000000 v tx_start (in)
                                                         tx_start (net)
                      0.000030    0.000015    2.000015 v input10/A (sky130_fd_sc_hd__clkdlybuf4s25_1)
     4    0.014006    0.208294    0.543900    2.543915 v input10/X (sky130_fd_sc_hd__clkdlybuf4s25_1)
                                                         net10 (net)
                      0.208294    0.000192    2.544106 v _169_/B (sky130_fd_sc_hd__and2_2)
     8    0.035298    0.196559    0.607290    3.151397 v _169_/X (sky130_fd_sc_hd__and2_2)
                                                         _088_ (net)
                      0.196560    0.000887    3.152284 v _187_/B (sky130_fd_sc_hd__nor2_2)
    11    0.045520    0.805716    0.694786    3.847070 ^ _187_/Y (sky130_fd_sc_hd__nor2_2)
                                                         _104_ (net)
                      0.805716    0.001120    3.848189 ^ _116_/B (sky130_fd_sc_hd__and3b_2)
     1    0.001960    0.080215    0.579335    4.427524 ^ _116_/X (sky130_fd_sc_hd__and3b_2)
                                                         _014_ (net)
                      0.080215    0.000018    4.427543 ^ _228_/D (sky130_fd_sc_hd__dfxtp_2)
                                              4.427543   data arrival time

                                 20.000000   20.000000   clock clk (rise edge)
                                  0.000000   20.000000   clock source latency
     1    0.014492    0.000000    0.000000   20.000000 ^ clk (in)
                                                         clk (net)
                      0.000777    0.000389   20.000389 ^ clkbuf_0_clk/A (sky130_fd_sc_hd__clkbuf_16)
     4    0.039427    0.093375    0.218941   20.219330 ^ clkbuf_0_clk/X (sky130_fd_sc_hd__clkbuf_16)
                                                         clknet_0_clk (net)
                      0.093376    0.000465   20.219797 ^ clkbuf_2_1__f_clk/A (sky130_fd_sc_hd__clkbuf_16)
     9    0.024143    0.072630    0.238209   20.458006 ^ clkbuf_2_1__f_clk/X (sky130_fd_sc_hd__clkbuf_16)
                                                         clknet_2_1__leaf_clk (net)
                      0.072632    0.000172   20.458178 ^ _228_/CLK (sky130_fd_sc_hd__dfxtp_2)
                                  0.000000   20.458178   clock reconvergence pessimism
                                 -0.143271   20.314905   library setup time
                                             20.314905   data required time
---------------------------------------------------------------------------------------------
                                             20.314905   data required time
                                             -4.427543   data arrival time
---------------------------------------------------------------------------------------------
                                             15.887363   slack (MET)


Startpoint: tx_start (input port clocked by clk)
Endpoint: _222_ (rising edge-triggered flip-flop clocked by clk)
Path Group: clk
Path Type: max

Fanout         Cap        Slew       Delay        Time   Description
---------------------------------------------------------------------------------------------
                                  0.000000    0.000000   clock clk (rise edge)
                                  0.000000    0.000000   clock network delay (propagated)
                                  2.000000    2.000000 v input external delay
     1    0.003529    0.000000    0.000000    2.000000 v tx_start (in)
                                                         tx_start (net)
                      0.000030    0.000015    2.000015 v input10/A (sky130_fd_sc_hd__clkdlybuf4s25_1)
     4    0.014006    0.208294    0.543900    2.543915 v input10/X (sky130_fd_sc_hd__clkdlybuf4s25_1)
                                                         net10 (net)
                      0.208294    0.000192    2.544106 v _169_/B (sky130_fd_sc_hd__and2_2)
     8    0.035298    0.196559    0.607290    3.151397 v _169_/X (sky130_fd_sc_hd__and2_2)
                                                         _088_ (net)
                      0.196560    0.000887    3.152284 v _187_/B (sky130_fd_sc_hd__nor2_2)
    11    0.045520    0.805716    0.694786    3.847070 ^ _187_/Y (sky130_fd_sc_hd__nor2_2)
                                                         _104_ (net)
                      0.805716    0.001021    3.848090 ^ _207_/B (sky130_fd_sc_hd__and3b_2)
     1    0.002097    0.081183    0.580888    4.428978 ^ _207_/X (sky130_fd_sc_hd__and3b_2)
                                                         _008_ (net)
                      0.081183    0.000020    4.428998 ^ _222_/D (sky130_fd_sc_hd__dfxtp_2)
                                              4.428998   data arrival time

                                 20.000000   20.000000   clock clk (rise edge)
                                  0.000000   20.000000   clock source latency
     1    0.014492    0.000000    0.000000   20.000000 ^ clk (in)
                                                         clk (net)
                      0.000777    0.000389   20.000389 ^ clkbuf_0_clk/A (sky130_fd_sc_hd__clkbuf_16)
     4    0.039427    0.093375    0.218941   20.219330 ^ clkbuf_0_clk/X (sky130_fd_sc_hd__clkbuf_16)
                                                         clknet_0_clk (net)
                      0.093376    0.000464   20.219795 ^ clkbuf_2_3__f_clk/A (sky130_fd_sc_hd__clkbuf_16)
     8    0.026278    0.075393    0.241243   20.461039 ^ clkbuf_2_3__f_clk/X (sky130_fd_sc_hd__clkbuf_16)
                                                         clknet_2_3__leaf_clk (net)
                      0.075393    0.000124   20.461163 ^ _222_/CLK (sky130_fd_sc_hd__dfxtp_2)
                                  0.000000   20.461163   clock reconvergence pessimism
                                 -0.143046   20.318115   library setup time
                                             20.318115   data required time
---------------------------------------------------------------------------------------------
                                             20.318115   data required time
                                             -4.428998   data arrival time
---------------------------------------------------------------------------------------------
                                             15.889118   slack (MET)


Startpoint: tx_start (input port clocked by clk)
Endpoint: _225_ (rising edge-triggered flip-flop clocked by clk)
Path Group: clk
Path Type: max

Fanout         Cap        Slew       Delay        Time   Description
---------------------------------------------------------------------------------------------
                                  0.000000    0.000000   clock clk (rise edge)
                                  0.000000    0.000000   clock network delay (propagated)
                                  2.000000    2.000000 v input external delay
     1    0.003529    0.000000    0.000000    2.000000 v tx_start (in)
                                                         tx_start (net)
                      0.000030    0.000015    2.000015 v input10/A (sky130_fd_sc_hd__clkdlybuf4s25_1)
     4    0.014006    0.208294    0.543900    2.543915 v input10/X (sky130_fd_sc_hd__clkdlybuf4s25_1)
                                                         net10 (net)
                      0.208294    0.000192    2.544106 v _169_/B (sky130_fd_sc_hd__and2_2)
     8    0.035298    0.196559    0.607290    3.151397 v _169_/X (sky130_fd_sc_hd__and2_2)
                                                         _088_ (net)
                      0.196560    0.000887    3.152284 v _187_/B (sky130_fd_sc_hd__nor2_2)
    11    0.045520    0.805716    0.694786    3.847070 ^ _187_/Y (sky130_fd_sc_hd__nor2_2)
                                                         _104_ (net)
                      0.805716    0.000976    3.848046 ^ _108_/B (sky130_fd_sc_hd__and3b_2)
     1    0.001891    0.079723    0.578548    4.426593 ^ _108_/X (sky130_fd_sc_hd__and3b_2)
                                                         _011_ (net)
                      0.079723    0.000017    4.426610 ^ _225_/D (sky130_fd_sc_hd__dfxtp_2)
                                              4.426610   data arrival time

                                 20.000000   20.000000   clock clk (rise edge)
                                  0.000000   20.000000   clock source latency
     1    0.014492    0.000000    0.000000   20.000000 ^ clk (in)
                                                         clk (net)
                      0.000777    0.000389   20.000389 ^ clkbuf_0_clk/A (sky130_fd_sc_hd__clkbuf_16)
     4    0.039427    0.093375    0.218941   20.219330 ^ clkbuf_0_clk/X (sky130_fd_sc_hd__clkbuf_16)
                                                         clknet_0_clk (net)
                      0.093376    0.000464   20.219795 ^ clkbuf_2_3__f_clk/A (sky130_fd_sc_hd__clkbuf_16)
     8    0.026278    0.075393    0.241243   20.461039 ^ clkbuf_2_3__f_clk/X (sky130_fd_sc_hd__clkbuf_16)
                                                         clknet_2_3__leaf_clk (net)
                      0.075393    0.000181   20.461220 ^ _225_/CLK (sky130_fd_sc_hd__dfxtp_2)
                                  0.000000   20.461220   clock reconvergence pessimism
                                 -0.142663   20.318556   library setup time
                                             20.318556   data required time
---------------------------------------------------------------------------------------------
                                             20.318556   data required time
                                             -4.426610   data arrival time
---------------------------------------------------------------------------------------------
                                             15.891946   slack (MET)


Startpoint: tx_start (input port clocked by clk)
Endpoint: _216_ (rising edge-triggered flip-flop clocked by clk)
Path Group: clk
Path Type: max

Fanout         Cap        Slew       Delay        Time   Description
---------------------------------------------------------------------------------------------
                                  0.000000    0.000000   clock clk (rise edge)
                                  0.000000    0.000000   clock network delay (propagated)
                                  2.000000    2.000000 v input external delay
     1    0.003529    0.000000    0.000000    2.000000 v tx_start (in)
                                                         tx_start (net)
                      0.000030    0.000015    2.000015 v input10/A (sky130_fd_sc_hd__clkdlybuf4s25_1)
     4    0.014006    0.208294    0.543900    2.543915 v input10/X (sky130_fd_sc_hd__clkdlybuf4s25_1)
                                                         net10 (net)
                      0.208294    0.000192    2.544106 v _169_/B (sky130_fd_sc_hd__and2_2)
     8    0.035298    0.196559    0.607290    3.151397 v _169_/X (sky130_fd_sc_hd__and2_2)
                                                         _088_ (net)
                      0.196560    0.000887    3.152284 v _187_/B (sky130_fd_sc_hd__nor2_2)
    11    0.045520    0.805716    0.694786    3.847070 ^ _187_/Y (sky130_fd_sc_hd__nor2_2)
                                                         _104_ (net)
                      0.805716    0.000552    3.847622 ^ _189_/B1 (sky130_fd_sc_hd__o21ai_2)
     1    0.005996    0.179778    0.327750    4.175372 v _189_/Y (sky130_fd_sc_hd__o21ai_2)
                                                         _106_ (net)
                      0.179778    0.000096    4.175468 v _190_/B1 (sky130_fd_sc_hd__a21oi_2)
     1    0.002318    0.123254    0.193745    4.369214 ^ _190_/Y (sky130_fd_sc_hd__a21oi_2)
                                                         _002_ (net)
                      0.123254    0.000026    4.369240 ^ _216_/D (sky130_fd_sc_hd__dfxtp_2)
                                              4.369240   data arrival time

                                 20.000000   20.000000   clock clk (rise edge)
                                  0.000000   20.000000   clock source latency
     1    0.014492    0.000000    0.000000   20.000000 ^ clk (in)
                                                         clk (net)
                      0.000777    0.000389   20.000389 ^ clkbuf_0_clk/A (sky130_fd_sc_hd__clkbuf_16)
     4    0.039427    0.093375    0.218941   20.219330 ^ clkbuf_0_clk/X (sky130_fd_sc_hd__clkbuf_16)
                                                         clknet_0_clk (net)
                      0.093376    0.000503   20.219833 ^ clkbuf_2_2__f_clk/A (sky130_fd_sc_hd__clkbuf_16)
     9    0.024306    0.072831    0.238389   20.458221 ^ clkbuf_2_2__f_clk/X (sky130_fd_sc_hd__clkbuf_16)
                                                         clknet_2_2__leaf_clk (net)
                      0.072842    0.000357   20.458580 ^ _216_/CLK (sky130_fd_sc_hd__dfxtp_2)
                                  0.000000   20.458580   clock reconvergence pessimism
                                 -0.154524   20.304056   library setup time
                                             20.304056   data required time
---------------------------------------------------------------------------------------------
                                             20.304056   data required time
                                             -4.369240   data arrival time
---------------------------------------------------------------------------------------------
                                             15.934816   slack (MET)


Startpoint: tx_start (input port clocked by clk)
Endpoint: _219_ (rising edge-triggered flip-flop clocked by clk)
Path Group: clk
Path Type: max

Fanout         Cap        Slew       Delay        Time   Description
---------------------------------------------------------------------------------------------
                                  0.000000    0.000000   clock clk (rise edge)
                                  0.000000    0.000000   clock network delay (propagated)
                                  2.000000    2.000000 v input external delay
     1    0.003529    0.000000    0.000000    2.000000 v tx_start (in)
                                                         tx_start (net)
                      0.000030    0.000015    2.000015 v input10/A (sky130_fd_sc_hd__clkdlybuf4s25_1)
     4    0.014006    0.208294    0.543900    2.543915 v input10/X (sky130_fd_sc_hd__clkdlybuf4s25_1)
                                                         net10 (net)
                      0.208294    0.000192    2.544106 v _169_/B (sky130_fd_sc_hd__and2_2)
     8    0.035298    0.196559    0.607290    3.151397 v _169_/X (sky130_fd_sc_hd__and2_2)
                                                         _088_ (net)
                      0.196560    0.000887    3.152284 v _187_/B (sky130_fd_sc_hd__nor2_2)
    11    0.045520    0.805716    0.694786    3.847070 ^ _187_/Y (sky130_fd_sc_hd__nor2_2)
                                                         _104_ (net)
                      0.805716    0.000568    3.847637 ^ _198_/B1 (sky130_fd_sc_hd__o21ai_2)
     1    0.005026    0.172892    0.316635    4.164272 v _198_/Y (sky130_fd_sc_hd__o21ai_2)
                                                         _036_ (net)
                      0.172892    0.000059    4.164331 v _199_/B1 (sky130_fd_sc_hd__a21oi_2)
     1    0.001935    0.117123    0.185835    4.350166 ^ _199_/Y (sky130_fd_sc_hd__a21oi_2)
                                                         _005_ (net)
                      0.117123    0.000018    4.350183 ^ _219_/D (sky130_fd_sc_hd__dfxtp_2)
                                              4.350183   data arrival time

                                 20.000000   20.000000   clock clk (rise edge)
                                  0.000000   20.000000   clock source latency
     1    0.014492    0.000000    0.000000   20.000000 ^ clk (in)
                                                         clk (net)
                      0.000777    0.000389   20.000389 ^ clkbuf_0_clk/A (sky130_fd_sc_hd__clkbuf_16)
     4    0.039427    0.093375    0.218941   20.219330 ^ clkbuf_0_clk/X (sky130_fd_sc_hd__clkbuf_16)
                                                         clknet_0_clk (net)
                      0.093376    0.000503   20.219833 ^ clkbuf_2_2__f_clk/A (sky130_fd_sc_hd__clkbuf_16)
     9    0.024306    0.072831    0.238389   20.458221 ^ clkbuf_2_2__f_clk/X (sky130_fd_sc_hd__clkbuf_16)
                                                         clknet_2_2__leaf_clk (net)
                      0.072837    0.000140   20.458363 ^ _219_/CLK (sky130_fd_sc_hd__dfxtp_2)
                                  0.000000   20.458363   clock reconvergence pessimism
                                 -0.152917   20.305447   library setup time
                                             20.305447   data required time
---------------------------------------------------------------------------------------------
                                             20.305447   data required time
                                             -4.350183   data arrival time
---------------------------------------------------------------------------------------------
                                             15.955262   slack (MET)


Startpoint: _215_ (rising edge-triggered flip-flop clocked by clk)
Endpoint: _229_ (rising edge-triggered flip-flop clocked by clk)
Path Group: clk
Path Type: max

Fanout         Cap        Slew       Delay        Time   Description
---------------------------------------------------------------------------------------------
                                  0.000000    0.000000   clock clk (rise edge)
                                  0.000000    0.000000   clock source latency
     1    0.014492    0.000000    0.000000    0.000000 ^ clk (in)
                                                         clk (net)
                      0.000777    0.000388    0.000388 ^ clkbuf_0_clk/A (sky130_fd_sc_hd__clkbuf_16)
     4    0.039427    0.093375    0.218942    0.219331 ^ clkbuf_0_clk/X (sky130_fd_sc_hd__clkbuf_16)
                                                         clknet_0_clk (net)
                      0.093376    0.000502    0.219832 ^ clkbuf_2_2__f_clk/A (sky130_fd_sc_hd__clkbuf_16)
     9    0.024306    0.072831    0.238390    0.458223 ^ clkbuf_2_2__f_clk/X (sky130_fd_sc_hd__clkbuf_16)
                                                         clknet_2_2__leaf_clk (net)
                      0.072839    0.000203    0.458426 ^ _215_/CLK (sky130_fd_sc_hd__dfxtp_2)
     9    0.037867    0.310214    0.840499    1.298925 ^ _215_/Q (sky130_fd_sc_hd__dfxtp_2)
                                                         net11 (net)
                      0.310214    0.000676    1.299601 ^ _196_/A (sky130_fd_sc_hd__and4_2)
     7    0.027241    0.279144    0.697959    1.997560 ^ _196_/X (sky130_fd_sc_hd__and4_2)
                                                         _035_ (net)
                      0.279144    0.000476    1.998035 ^ _206_/D (sky130_fd_sc_hd__and4_2)
     6    0.019353    0.221959    0.677041    2.675076 ^ _206_/X (sky130_fd_sc_hd__and4_2)
                                                         _041_ (net)
                      0.221959    0.000415    2.675491 ^ _110_/D (sky130_fd_sc_hd__and4_2)
     8    0.029152    0.293228    0.722168    3.397660 ^ _110_/X (sky130_fd_sc_hd__and4_2)
                                                         _048_ (net)
                      0.293228    0.000736    3.398396 ^ _118_/A2 (sky130_fd_sc_hd__a31o_2)
     1    0.001725    0.062479    0.377470    3.775866 ^ _118_/X (sky130_fd_sc_hd__a31o_2)
                                                         _053_ (net)
                      0.062479    0.000009    3.775874 ^ _119_/B1_N (sky130_fd_sc_hd__o21ba_2)
     1    0.002297    0.056949    0.274365    4.050240 v _119_/X (sky130_fd_sc_hd__o21ba_2)
                                                         _015_ (net)
                      0.056949    0.000022    4.050262 v _229_/D (sky130_fd_sc_hd__dfxtp_2)
                                              4.050262   data arrival time

                                 20.000000   20.000000   clock clk (rise edge)
                                  0.000000   20.000000   clock source latency
     1    0.014492    0.000000    0.000000   20.000000 ^ clk (in)
                                                         clk (net)
                      0.000777    0.000389   20.000389 ^ clkbuf_0_clk/A (sky130_fd_sc_hd__clkbuf_16)
     4    0.039427    0.093375    0.218941   20.219330 ^ clkbuf_0_clk/X (sky130_fd_sc_hd__clkbuf_16)
                                                         clknet_0_clk (net)
                      0.093376    0.000465   20.219797 ^ clkbuf_2_1__f_clk/A (sky130_fd_sc_hd__clkbuf_16)
     9    0.024143    0.072630    0.238209   20.458006 ^ clkbuf_2_1__f_clk/X (sky130_fd_sc_hd__clkbuf_16)
                                                         clknet_2_1__leaf_clk (net)
                      0.072631    0.000151   20.458157 ^ _229_/CLK (sky130_fd_sc_hd__dfxtp_2)
                                  0.000000   20.458157   clock reconvergence pessimism
                                 -0.268248   20.189909   library setup time
                                             20.189909   data required time
---------------------------------------------------------------------------------------------
                                             20.189909   data required time
                                             -4.050262   data arrival time
---------------------------------------------------------------------------------------------
                                             16.139647   slack (MET)


Startpoint: _215_ (rising edge-triggered flip-flop clocked by clk)
Endpoint: busy (output port clocked by clk)
Path Group: clk
Path Type: max

Fanout         Cap        Slew       Delay        Time   Description
---------------------------------------------------------------------------------------------
                                  0.000000    0.000000   clock clk (rise edge)
                                  0.000000    0.000000   clock source latency
     1    0.014492    0.000000    0.000000    0.000000 ^ clk (in)
                                                         clk (net)
                      0.000777    0.000388    0.000388 ^ clkbuf_0_clk/A (sky130_fd_sc_hd__clkbuf_16)
     4    0.039427    0.093375    0.218942    0.219331 ^ clkbuf_0_clk/X (sky130_fd_sc_hd__clkbuf_16)
                                                         clknet_0_clk (net)
                      0.093376    0.000502    0.219832 ^ clkbuf_2_2__f_clk/A (sky130_fd_sc_hd__clkbuf_16)
     9    0.024306    0.072831    0.238390    0.458223 ^ clkbuf_2_2__f_clk/X (sky130_fd_sc_hd__clkbuf_16)
                                                         clknet_2_2__leaf_clk (net)
                      0.072839    0.000203    0.458426 ^ _215_/CLK (sky130_fd_sc_hd__dfxtp_2)
     9    0.037867    0.310214    0.840499    1.298925 ^ _215_/Q (sky130_fd_sc_hd__dfxtp_2)
                                                         net11 (net)
                      0.310214    0.000391    1.299316 ^ output11/A (sky130_fd_sc_hd__clkdlybuf4s25_1)
     1    0.000849    0.047536    0.535397    1.834712 ^ output11/X (sky130_fd_sc_hd__clkdlybuf4s25_1)
                                                         busy (net)
                      0.047536    0.000004    1.834716 ^ busy (out)
                                              1.834716   data arrival time

                                 20.000000   20.000000   clock clk (rise edge)
                                  0.000000   20.000000   clock network delay (propagated)
                                  0.000000   20.000000   clock reconvergence pessimism
                                 -2.000000   18.000000   output external delay
                                             18.000000   data required time
---------------------------------------------------------------------------------------------
                                             18.000000   data required time
                                             -1.834716   data arrival time
---------------------------------------------------------------------------------------------
                                             16.165285   slack (MET)


Startpoint: _215_ (rising edge-triggered flip-flop clocked by clk)
Endpoint: _227_ (rising edge-triggered flip-flop clocked by clk)
Path Group: clk
Path Type: max

Fanout         Cap        Slew       Delay        Time   Description
---------------------------------------------------------------------------------------------
                                  0.000000    0.000000   clock clk (rise edge)
                                  0.000000    0.000000   clock source latency
     1    0.014492    0.000000    0.000000    0.000000 ^ clk (in)
                                                         clk (net)
                      0.000777    0.000388    0.000388 ^ clkbuf_0_clk/A (sky130_fd_sc_hd__clkbuf_16)
     4    0.039427    0.093375    0.218942    0.219331 ^ clkbuf_0_clk/X (sky130_fd_sc_hd__clkbuf_16)
                                                         clknet_0_clk (net)
                      0.093376    0.000502    0.219832 ^ clkbuf_2_2__f_clk/A (sky130_fd_sc_hd__clkbuf_16)
     9    0.024306    0.072831    0.238390    0.458223 ^ clkbuf_2_2__f_clk/X (sky130_fd_sc_hd__clkbuf_16)
                                                         clknet_2_2__leaf_clk (net)
                      0.072839    0.000203    0.458426 ^ _215_/CLK (sky130_fd_sc_hd__dfxtp_2)
     9    0.037867    0.310214    0.840499    1.298925 ^ _215_/Q (sky130_fd_sc_hd__dfxtp_2)
                                                         net11 (net)
                      0.310214    0.000676    1.299601 ^ _196_/A (sky130_fd_sc_hd__and4_2)
     7    0.027241    0.279144    0.697959    1.997560 ^ _196_/X (sky130_fd_sc_hd__and4_2)
                                                         _035_ (net)
                      0.279144    0.000476    1.998035 ^ _206_/D (sky130_fd_sc_hd__and4_2)
     6    0.019353    0.221959    0.677041    2.675076 ^ _206_/X (sky130_fd_sc_hd__and4_2)
                                                         _041_ (net)
                      0.221959    0.000411    2.675486 ^ _107_/D (sky130_fd_sc_hd__and4_2)
     4    0.010639    0.158758    0.589251    3.264737 ^ _107_/X (sky130_fd_sc_hd__and4_2)
                                                         _046_ (net)
                      0.158758    0.000186    3.264923 ^ _112_/A3 (sky130_fd_sc_hd__a31o_2)
     1    0.001732    0.061533    0.338263    3.603186 ^ _112_/X (sky130_fd_sc_hd__a31o_2)
                                                         _049_ (net)
                      0.061533    0.000015    3.603202 ^ _113_/B1_N (sky130_fd_sc_hd__o21ba_2)
     1    0.002175    0.055872    0.273072    3.876274 v _113_/X (sky130_fd_sc_hd__o21ba_2)
                                                         _013_ (net)
                      0.055872    0.000020    3.876294 v _227_/D (sky130_fd_sc_hd__dfxtp_2)
                                              3.876294   data arrival time

                                 20.000000   20.000000   clock clk (rise edge)
                                  0.000000   20.000000   clock source latency
     1    0.014492    0.000000    0.000000   20.000000 ^ clk (in)
                                                         clk (net)
                      0.000777    0.000389   20.000389 ^ clkbuf_0_clk/A (sky130_fd_sc_hd__clkbuf_16)
     4    0.039427    0.093375    0.218941   20.219330 ^ clkbuf_0_clk/X (sky130_fd_sc_hd__clkbuf_16)
                                                         clknet_0_clk (net)
                      0.093376    0.000465   20.219797 ^ clkbuf_2_1__f_clk/A (sky130_fd_sc_hd__clkbuf_16)
     9    0.024143    0.072630    0.238209   20.458006 ^ clkbuf_2_1__f_clk/X (sky130_fd_sc_hd__clkbuf_16)
                                                         clknet_2_1__leaf_clk (net)
                      0.072630    0.000098   20.458103 ^ _227_/CLK (sky130_fd_sc_hd__dfxtp_2)
                                  0.000000   20.458103   clock reconvergence pessimism
                                 -0.267801   20.190304   library setup time
                                             20.190304   data required time
---------------------------------------------------------------------------------------------
                                             20.190304   data required time
                                             -3.876294   data arrival time
---------------------------------------------------------------------------------------------
                                             16.314009   slack (MET)


Startpoint: _214_ (rising edge-triggered flip-flop clocked by clk)
Endpoint: tx (output port clocked by clk)
Path Group: clk
Path Type: max

Fanout         Cap        Slew       Delay        Time   Description
---------------------------------------------------------------------------------------------
                                  0.000000    0.000000   clock clk (rise edge)
                                  0.000000    0.000000   clock source latency
     1    0.014492    0.000000    0.000000    0.000000 ^ clk (in)
                                                         clk (net)
                      0.000777    0.000388    0.000388 ^ clkbuf_0_clk/A (sky130_fd_sc_hd__clkbuf_16)
     4    0.039427    0.093375    0.218942    0.219331 ^ clkbuf_0_clk/X (sky130_fd_sc_hd__clkbuf_16)
                                                         clknet_0_clk (net)
                      0.093376    0.000494    0.219824 ^ clkbuf_2_0__f_clk/A (sky130_fd_sc_hd__clkbuf_16)
     8    0.026536    0.075742    0.241482    0.461306 ^ clkbuf_2_0__f_clk/X (sky130_fd_sc_hd__clkbuf_16)
                                                         clknet_2_0__leaf_clk (net)
                      0.075742    0.000249    0.461555 ^ _214_/CLK (sky130_fd_sc_hd__dfxtp_2)
     2    0.007318    0.083275    0.667939    1.129494 ^ _214_/Q (sky130_fd_sc_hd__dfxtp_2)
                                                         net12 (net)
                      0.083275    0.000071    1.129566 ^ output12/A (sky130_fd_sc_hd__clkdlybuf4s25_1)
     1    0.000913    0.048452    0.442551    1.572117 ^ output12/X (sky130_fd_sc_hd__clkdlybuf4s25_1)
                                                         tx (net)
                      0.048452    0.000003    1.572120 ^ tx (out)
                                              1.572120   data arrival time

                                 20.000000   20.000000   clock clk (rise edge)
                                  0.000000   20.000000   clock network delay (propagated)
                                  0.000000   20.000000   clock reconvergence pessimism
                                 -2.000000   18.000000   output external delay
                                             18.000000   data required time
---------------------------------------------------------------------------------------------
                                             18.000000   data required time
                                             -1.572120   data arrival time
---------------------------------------------------------------------------------------------
                                             16.427879   slack (MET)



%OL_END_REPORT
%OL_CREATE_REPORT checks.rpt

===========================================================================
report_checks -unconstrained
===========================================================================
======================= min_ss_100C_1v60 Corner ===================================

Startpoint: _219_ (rising edge-triggered flip-flop clocked by clk)
Endpoint: _236_ (rising edge-triggered flip-flop clocked by clk)
Path Group: clk
Path Type: max

Fanout         Cap        Slew       Delay        Time   Description
---------------------------------------------------------------------------------------------
                                  0.000000    0.000000   clock clk (rise edge)
                                  0.000000    0.000000   clock source latency
     1    0.014492    0.000000    0.000000    0.000000 ^ clk (in)
                                                         clk (net)
                      0.000777    0.000388    0.000388 ^ clkbuf_0_clk/A (sky130_fd_sc_hd__clkbuf_16)
     4    0.039427    0.093375    0.218942    0.219331 ^ clkbuf_0_clk/X (sky130_fd_sc_hd__clkbuf_16)
                                                         clknet_0_clk (net)
                      0.093376    0.000502    0.219832 ^ clkbuf_2_2__f_clk/A (sky130_fd_sc_hd__clkbuf_16)
     9    0.024306    0.072831    0.238390    0.458223 ^ clkbuf_2_2__f_clk/X (sky130_fd_sc_hd__clkbuf_16)
                                                         clknet_2_2__leaf_clk (net)
                      0.072837    0.000140    0.458362 ^ _219_/CLK (sky130_fd_sc_hd__dfxtp_2)
     7    0.025002    0.125180    0.684393    1.142755 v _219_/Q (sky130_fd_sc_hd__dfxtp_2)
                                                         baud_counter[3] (net)
                      0.125180    0.000169    1.142924 v _177_/A (sky130_fd_sc_hd__or4b_2)
     1    0.006425    0.247912    1.634511    2.777435 v _177_/X (sky130_fd_sc_hd__or4b_2)
                                                         _096_ (net)
                      0.247912    0.000177    2.777613 v _180_/B (sky130_fd_sc_hd__or4b_2)
     4    0.017576    0.322330    1.749802    4.527415 v _180_/X (sky130_fd_sc_hd__or4b_2)
                                                         _099_ (net)
                      0.322330    0.000441    4.527855 v _138_/A3 (sky130_fd_sc_hd__o31a_2)
     8    0.036177    0.226443    0.821785    5.349640 v _138_/X (sky130_fd_sc_hd__o31a_2)
                                                         _066_ (net)
                      0.226443    0.000242    5.349883 v _140_/S (sky130_fd_sc_hd__mux2_1)
     1    0.002711    0.109187    0.748937    6.098820 v _140_/X (sky130_fd_sc_hd__mux2_1)
                                                         _068_ (net)
                      0.109187    0.000036    6.098856 v _141_/B (sky130_fd_sc_hd__or2_2)
     1    0.002852    0.110618    0.628717    6.727572 v _141_/X (sky130_fd_sc_hd__or2_2)
                                                         _022_ (net)
                      0.110618    0.000037    6.727609 v _236_/D (sky130_fd_sc_hd__dfxtp_2)
                                              6.727609   data arrival time

                                 20.000000   20.000000   clock clk (rise edge)
                                  0.000000   20.000000   clock source latency
     1    0.014492    0.000000    0.000000   20.000000 ^ clk (in)
                                                         clk (net)
                      0.000777    0.000389   20.000389 ^ clkbuf_0_clk/A (sky130_fd_sc_hd__clkbuf_16)
     4    0.039427    0.093375    0.218941   20.219330 ^ clkbuf_0_clk/X (sky130_fd_sc_hd__clkbuf_16)
                                                         clknet_0_clk (net)
                      0.093376    0.000494   20.219824 ^ clkbuf_2_0__f_clk/A (sky130_fd_sc_hd__clkbuf_16)
     8    0.026536    0.075742    0.241482   20.461306 ^ clkbuf_2_0__f_clk/X (sky130_fd_sc_hd__clkbuf_16)
                                                         clknet_2_0__leaf_clk (net)
                      0.075742    0.000236   20.461542 ^ _236_/CLK (sky130_fd_sc_hd__dfxtp_2)
                                  0.000000   20.461542   clock reconvergence pessimism
                                 -0.289713   20.171829   library setup time
                                             20.171829   data required time
---------------------------------------------------------------------------------------------
                                             20.171829   data required time
                                             -6.727609   data arrival time
---------------------------------------------------------------------------------------------
                                             13.444221   slack (MET)




===========================================================================
report_checks --slack_max -0.01
============================================================================
======================= min_ss_100C_1v60 Corner ===================================

No paths found.


===========================================================================
 report_check_types -max_slew -max_cap -max_fanout -violators
============================================================================
======================= min_ss_100C_1v60 Corner ===================================



===========================================================================
report_parasitic_annotation -report_unannotated
============================================================================
Found 3 unannotated drivers.
 clkload0/X
 clkload1/X
 clkload2/X
Found 0 partially unannotated drivers.

===========================================================================
max slew violation count 0
%OL_METRIC_I design__max_slew_violation__count__corner:min_ss_100C_1v60 0
max fanout violation count 0
%OL_METRIC_I design__max_fanout_violation__count__corner:min_ss_100C_1v60 0
max cap violation count 0
%OL_METRIC_I design__max_cap_violation__count__corner:min_ss_100C_1v60 0
============================================================================

===========================================================================
check_setup -verbose -unconstrained_endpoints -multiple_clock -no_clock -no_input_delay -loops -generated_clocks
===========================================================================
%OL_END_REPORT
%OL_CREATE_REPORT power.rpt

===========================================================================
 report_power
============================================================================
======================= min_ss_100C_1v60 Corner ===================================

Group                    Internal    Switching      Leakage        Total
                            Power        Power        Power        Power (Watts)
------------------------------------------------------------------------
Sequential           4.928677e-05 8.958593e-07 4.540718e-07 5.063670e-05  41.7%
Combinational        4.874506e-06 3.227230e-06 5.296699e-07 8.631405e-06   7.1%
Clock                4.406614e-05 1.800819e-05 1.245255e-07 6.219885e-05  51.2%
Macro                0.000000e+00 0.000000e+00 0.000000e+00 0.000000e+00   0.0%
Pad                  0.000000e+00 0.000000e+00 0.000000e+00 0.000000e+00   0.0%
------------------------------------------------------------------------
Total                9.822741e-05 2.213127e-05 1.108267e-06 1.214670e-04 100.0%
                            80.9%        18.2%         0.9%
%OL_METRIC_F power__internal__total 9.822741412790492e-5
%OL_METRIC_F power__switching__total 2.213127118011471e-5
%OL_METRIC_F power__leakage__total 1.1082672699558316e-6
%OL_METRIC_F power__total 0.00012146695371484384

%OL_END_REPORT
%OL_CREATE_REPORT skew.min.rpt

===========================================================================
Clock Skew (Hold)
============================================================================
%OL_METRIC_F clock__skew__worst_hold__corner:min_ss_100C_1v60 -0.0038796189581244956
======================= min_ss_100C_1v60 Corner ===================================

Clock clk
0.458078 source latency _232_/CLK ^
-0.461958 target latency _237_/CLK ^
0.000000 CRPR
--------------
-0.003880 hold skew

%OL_END_REPORT
%OL_CREATE_REPORT skew.max.rpt

===========================================================================
Clock Skew (Setup)
============================================================================
%OL_METRIC_F clock__skew__worst_setup__corner:min_ss_100C_1v60 -0.0038796189581244956
======================= min_ss_100C_1v60 Corner ===================================

Clock clk
0.458078 source latency _232_/CLK ^
-0.461958 target latency _237_/CLK ^
0.000000 CRPR
--------------
-0.003880 setup skew

%OL_END_REPORT
%OL_CREATE_REPORT ws.min.rpt

===========================================================================
Worst Slack (Hold)
============================================================================
%OL_METRIC_F timing__hold__ws__corner:min_ss_100C_1v60 0.9483343267979313
min_ss_100C_1v60: 0.9483343267979313
%OL_END_REPORT
%OL_CREATE_REPORT ws.max.rpt

===========================================================================
Worst Slack (Setup)
============================================================================
%OL_METRIC_F timing__setup__ws__corner:min_ss_100C_1v60 13.44422033975268
min_ss_100C_1v60: 13.44422033975268
%OL_END_REPORT
%OL_CREATE_REPORT tns.min.rpt

===========================================================================
Total Negative Slack (Hold)
============================================================================
%OL_METRIC_F timing__hold__tns__corner:min_ss_100C_1v60 0.0
min_ss_100C_1v60: 0.0
%OL_END_REPORT
%OL_CREATE_REPORT tns.max.rpt

===========================================================================
Total Negative Slack (Setup)
============================================================================
%OL_METRIC_F timing__setup__tns__corner:min_ss_100C_1v60 0.0
min_ss_100C_1v60: 0.0
%OL_END_REPORT
%OL_CREATE_REPORT wns.min.rpt

===========================================================================
Worst Negative Slack (Hold)
============================================================================
%OL_METRIC_F timing__hold__wns__corner:min_ss_100C_1v60 0
min_ss_100C_1v60: 0
%OL_END_REPORT
%OL_CREATE_REPORT wns.max.rpt

===========================================================================
Worst Negative Slack (Setup)
============================================================================
%OL_METRIC_F timing__setup__wns__corner:min_ss_100C_1v60 0.0
min_ss_100C_1v60: 0.0
%OL_END_REPORT
%OL_CREATE_REPORT violator_list.rpt

===========================================================================
Violator List
============================================================================
%OL_METRIC_I timing__hold_vio__count__corner:min_ss_100C_1v60 0
%OL_METRIC_F timing__hold_r2r__ws__corner:min_ss_100C_1v60 0.948334
%OL_METRIC_I timing__hold_r2r_vio__count__corner:min_ss_100C_1v60 0
%OL_METRIC_I timing__setup_vio__count__corner:min_ss_100C_1v60 0
%OL_METRIC_F timing__setup_r2r__ws__corner:min_ss_100C_1v60 13.444221
%OL_METRIC_I timing__setup_r2r_vio__count__corner:min_ss_100C_1v60 0
%OL_END_REPORT
%OL_CREATE_REPORT unpropagated.rpt
%OL_END_REPORT
%OL_CREATE_REPORT clock.rpt
Clock: clk
Sources: clk 
Generated: no
Virtual: yes
Propagated: no
Period: 20.000000

===========================================================================
report_clock_properties
============================================================================
Clock                   Period          Waveform
----------------------------------------------------
clk                  20.000000    0.000000 10.000000

===========================================================================
report_clock_latency
============================================================================
Clock clk
rise -> rise
    min     max
0.000000 0.000000 source latency
0.458078         network latency _232_/CLK
        0.461958 network latency _237_/CLK
---------------
0.458078 0.461958 latency
        0.003880 skew

fall -> fall
    min     max
0.000000 0.000000 source latency
0.506764         network latency _232_/CLK
        0.509852 network latency _237_/CLK
---------------
0.506764 0.509852 latency
        0.003087 skew



===========================================================================
report_clock_min_period
============================================================================
clk period_min = 6.56 fmax = 152.54
%OL_END_REPORT
Writing SDF files for all corners…
Removing Clock latencies before writing libs…
Writing timing models for all corners…
Writing timing models for the min_ss_100C_1v60 corner to /home/gp7871/VLSI_Freelancing/projects/uart_tx_rtl_to_gds/runs/RUN_2026-09-16_17-29-04/55-openroad-stapostpnr/min_ss_100C_1v60/uart_tx__min_ss_100C_1v60.lib…
