+ define_corners nom_tt_025C_1v80
Reading timing models for corner nom_tt_025C_1v80…
Reading cell library for the 'nom_tt_025C_1v80' corner at '/home/gp7871/.ciel/ciel/sky130/versions/8afc8346a57fe1ab7934ba5a6056ea8b43078e71/ciel/sky130/versions/8afc8346a57fe1ab7934ba5a6056ea8b43078e71/sky130A/libs.ref/sky130_fd_sc_hd/lib/sky130_fd_sc_hd__tt_025C_1v80.lib'…
Reading top-level netlist at '/home/gp7871/VLSI_Freelancing/projects/uart_tx_rtl_to_gds/runs/RUN_2026-09-16_17-29-04/52-openroad-fillinsertion/uart_tx.nl.v'…
Linking design 'uart_tx' from netlist…
Warning: /home/gp7871/VLSI_Freelancing/projects/uart_tx_rtl_to_gds/runs/RUN_2026-09-16_17-29-04/52-openroad-fillinsertion/uart_tx.nl.v line 181, module sky130_fd_sc_hd__fill_1 not found. Creating black box for FILLER_0_27.
Warning: /home/gp7871/VLSI_Freelancing/projects/uart_tx_rtl_to_gds/runs/RUN_2026-09-16_17-29-04/52-openroad-fillinsertion/uart_tx.nl.v line 202, module sky130_fd_sc_hd__fill_2 not found. Creating black box for FILLER_10_11.
Warning: /home/gp7871/VLSI_Freelancing/projects/uart_tx_rtl_to_gds/runs/RUN_2026-09-16_17-29-04/52-openroad-fillinsertion/uart_tx.nl.v line 752, module sky130_fd_sc_hd__tapvpwrvgnd_1 not found. Creating black box for TAP_TAPCELL_ROW_0_46.
Reading design constraints file at '/home/gp7871/VLSI_Freelancing/projects/uart_tx_rtl_to_gds/constraints/uart_tx.sdc'…
[INFO] No information on clock propagation in input SDC file-- propagating all clocks.
Reading top-level design parasitics for the 'nom_tt_025C_1v80' corner at '/home/gp7871/VLSI_Freelancing/projects/uart_tx_rtl_to_gds/runs/RUN_2026-09-16_17-29-04/54-openroad-rcx/nom/uart_tx.nom.spef'…
%OL_CREATE_REPORT min.rpt

===========================================================================
report_checks -path_delay min (Hold)
============================================================================
======================= nom_tt_025C_1v80 Corner ===================================

Startpoint: _244_ (rising edge-triggered flip-flop clocked by clk)
Endpoint: _244_ (rising edge-triggered flip-flop clocked by clk)
Path Group: clk
Path Type: min

Fanout         Cap        Slew       Delay        Time   Description
---------------------------------------------------------------------------------------------
                                  0.000000    0.000000   clock clk (rise edge)
                                  0.000000    0.000000   clock source latency
     1    0.015134    0.000000    0.000000    0.000000 ^ clk (in)
                                                         clk (net)
                      0.001178    0.000589    0.000589 ^ clkbuf_0_clk/A (sky130_fd_sc_hd__clkbuf_16)
     4    0.040131    0.059806    0.126378    0.126966 ^ clkbuf_0_clk/X (sky130_fd_sc_hd__clkbuf_16)
                                                         clknet_0_clk (net)
                      0.059831    0.001084    0.128050 ^ clkbuf_2_2__f_clk/A (sky130_fd_sc_hd__clkbuf_16)
     9    0.026435    0.047625    0.136798    0.264849 ^ clkbuf_2_2__f_clk/X (sky130_fd_sc_hd__clkbuf_16)
                                                         clknet_2_2__leaf_clk (net)
                      0.047636    0.000693    0.265541 ^ _244_/CLK (sky130_fd_sc_hd__dfxtp_2)
     2    0.006849    0.047280    0.320993    0.586534 ^ _244_/Q (sky130_fd_sc_hd__dfxtp_2)
                                                         tx_shift[9] (net)
                      0.047280    0.000148    0.586682 ^ _163_/A1 (sky130_fd_sc_hd__a21o_2)
     1    0.002512    0.028441    0.104600    0.691282 ^ _163_/X (sky130_fd_sc_hd__a21o_2)
                                                         _030_ (net)
                      0.028441    0.000075    0.691357 ^ _244_/D (sky130_fd_sc_hd__dfxtp_2)
                                              0.691357   data arrival time

                                  0.000000    0.000000   clock clk (rise edge)
                                  0.000000    0.000000   clock source latency
     1    0.015134    0.000000    0.000000    0.000000 ^ clk (in)
                                                         clk (net)
                      0.001178    0.000589    0.000589 ^ clkbuf_0_clk/A (sky130_fd_sc_hd__clkbuf_16)
     4    0.040131    0.059806    0.126378    0.126966 ^ clkbuf_0_clk/X (sky130_fd_sc_hd__clkbuf_16)
                                                         clknet_0_clk (net)
                      0.059831    0.001084    0.128050 ^ clkbuf_2_2__f_clk/A (sky130_fd_sc_hd__clkbuf_16)
     9    0.026435    0.047625    0.136798    0.264849 ^ clkbuf_2_2__f_clk/X (sky130_fd_sc_hd__clkbuf_16)
                                                         clknet_2_2__leaf_clk (net)
                      0.047636    0.000693    0.265541 ^ _244_/CLK (sky130_fd_sc_hd__dfxtp_2)
                                  0.000000    0.265541   clock reconvergence pessimism
                                 -0.027414    0.238127   library hold time
                                              0.238127   data required time
---------------------------------------------------------------------------------------------
                                              0.238127   data required time
                                             -0.691357   data arrival time
---------------------------------------------------------------------------------------------
                                              0.453229   slack (MET)


Startpoint: _229_ (rising edge-triggered flip-flop clocked by clk)
Endpoint: _229_ (rising edge-triggered flip-flop clocked by clk)
Path Group: clk
Path Type: min

Fanout         Cap        Slew       Delay        Time   Description
---------------------------------------------------------------------------------------------
                                  0.000000    0.000000   clock clk (rise edge)
                                  0.000000    0.000000   clock source latency
     1    0.015134    0.000000    0.000000    0.000000 ^ clk (in)
                                                         clk (net)
                      0.001178    0.000589    0.000589 ^ clkbuf_0_clk/A (sky130_fd_sc_hd__clkbuf_16)
     4    0.040131    0.059806    0.126378    0.126966 ^ clkbuf_0_clk/X (sky130_fd_sc_hd__clkbuf_16)
                                                         clknet_0_clk (net)
                      0.059832    0.001101    0.128068 ^ clkbuf_2_1__f_clk/A (sky130_fd_sc_hd__clkbuf_16)
     9    0.026502    0.047658    0.137019    0.265087 ^ clkbuf_2_1__f_clk/X (sky130_fd_sc_hd__clkbuf_16)
                                                         clknet_2_1__leaf_clk (net)
                      0.047660    0.000321    0.265407 ^ _229_/CLK (sky130_fd_sc_hd__dfxtp_2)
     3    0.007489    0.050118    0.323394    0.588801 ^ _229_/Q (sky130_fd_sc_hd__dfxtp_2)
                                                         baud_counter[13] (net)
                      0.050118    0.000154    0.588955 ^ _119_/A1 (sky130_fd_sc_hd__o21ba_2)
     1    0.002483    0.031288    0.128570    0.717525 ^ _119_/X (sky130_fd_sc_hd__o21ba_2)
                                                         _015_ (net)
                      0.031288    0.000069    0.717594 ^ _229_/D (sky130_fd_sc_hd__dfxtp_2)
                                              0.717594   data arrival time

                                  0.000000    0.000000   clock clk (rise edge)
                                  0.000000    0.000000   clock source latency
     1    0.015134    0.000000    0.000000    0.000000 ^ clk (in)
                                                         clk (net)
                      0.001178    0.000589    0.000589 ^ clkbuf_0_clk/A (sky130_fd_sc_hd__clkbuf_16)
     4    0.040131    0.059806    0.126378    0.126966 ^ clkbuf_0_clk/X (sky130_fd_sc_hd__clkbuf_16)
                                                         clknet_0_clk (net)
                      0.059832    0.001101    0.128068 ^ clkbuf_2_1__f_clk/A (sky130_fd_sc_hd__clkbuf_16)
     9    0.026502    0.047658    0.137019    0.265087 ^ clkbuf_2_1__f_clk/X (sky130_fd_sc_hd__clkbuf_16)
                                                         clknet_2_1__leaf_clk (net)
                      0.047660    0.000321    0.265407 ^ _229_/CLK (sky130_fd_sc_hd__dfxtp_2)
                                  0.000000    0.265407   clock reconvergence pessimism
                                 -0.028000    0.237407   library hold time
                                              0.237407   data required time
---------------------------------------------------------------------------------------------
                                              0.237407   data required time
                                             -0.717594   data arrival time
---------------------------------------------------------------------------------------------
                                              0.480187   slack (MET)


Startpoint: _219_ (rising edge-triggered flip-flop clocked by clk)
Endpoint: _219_ (rising edge-triggered flip-flop clocked by clk)
Path Group: clk
Path Type: min

Fanout         Cap        Slew       Delay        Time   Description
---------------------------------------------------------------------------------------------
                                  0.000000    0.000000   clock clk (rise edge)
                                  0.000000    0.000000   clock source latency
     1    0.015134    0.000000    0.000000    0.000000 ^ clk (in)
                                                         clk (net)
                      0.001178    0.000589    0.000589 ^ clkbuf_0_clk/A (sky130_fd_sc_hd__clkbuf_16)
     4    0.040131    0.059806    0.126378    0.126966 ^ clkbuf_0_clk/X (sky130_fd_sc_hd__clkbuf_16)
                                                         clknet_0_clk (net)
                      0.059831    0.001084    0.128050 ^ clkbuf_2_2__f_clk/A (sky130_fd_sc_hd__clkbuf_16)
     9    0.026435    0.047625    0.136798    0.264849 ^ clkbuf_2_2__f_clk/X (sky130_fd_sc_hd__clkbuf_16)
                                                         clknet_2_2__leaf_clk (net)
                      0.047628    0.000458    0.265306 ^ _219_/CLK (sky130_fd_sc_hd__dfxtp_2)
     7    0.027104    0.142475    0.392316    0.657623 ^ _219_/Q (sky130_fd_sc_hd__dfxtp_2)
                                                         baud_counter[3] (net)
                      0.142475    0.000615    0.658238 ^ _199_/A1 (sky130_fd_sc_hd__a21oi_2)
     1    0.002116    0.024002    0.062428    0.720666 v _199_/Y (sky130_fd_sc_hd__a21oi_2)
                                                         _005_ (net)
                      0.024003    0.000060    0.720726 v _219_/D (sky130_fd_sc_hd__dfxtp_2)
                                              0.720726   data arrival time

                                  0.000000    0.000000   clock clk (rise edge)
                                  0.000000    0.000000   clock source latency
     1    0.015134    0.000000    0.000000    0.000000 ^ clk (in)
                                                         clk (net)
                      0.001178    0.000589    0.000589 ^ clkbuf_0_clk/A (sky130_fd_sc_hd__clkbuf_16)
     4    0.040131    0.059806    0.126378    0.126966 ^ clkbuf_0_clk/X (sky130_fd_sc_hd__clkbuf_16)
                                                         clknet_0_clk (net)
                      0.059831    0.001084    0.128050 ^ clkbuf_2_2__f_clk/A (sky130_fd_sc_hd__clkbuf_16)
     9    0.026435    0.047625    0.136798    0.264849 ^ clkbuf_2_2__f_clk/X (sky130_fd_sc_hd__clkbuf_16)
                                                         clknet_2_2__leaf_clk (net)
                      0.047628    0.000458    0.265306 ^ _219_/CLK (sky130_fd_sc_hd__dfxtp_2)
                                  0.000000    0.265306   clock reconvergence pessimism
                                 -0.036855    0.228451   library hold time
                                              0.228451   data required time
---------------------------------------------------------------------------------------------
                                              0.228451   data required time
                                             -0.720726   data arrival time
---------------------------------------------------------------------------------------------
                                              0.492275   slack (MET)


Startpoint: _221_ (rising edge-triggered flip-flop clocked by clk)
Endpoint: _221_ (rising edge-triggered flip-flop clocked by clk)
Path Group: clk
Path Type: min

Fanout         Cap        Slew       Delay        Time   Description
---------------------------------------------------------------------------------------------
                                  0.000000    0.000000   clock clk (rise edge)
                                  0.000000    0.000000   clock source latency
     1    0.015134    0.000000    0.000000    0.000000 ^ clk (in)
                                                         clk (net)
                      0.001178    0.000589    0.000589 ^ clkbuf_0_clk/A (sky130_fd_sc_hd__clkbuf_16)
     4    0.040131    0.059806    0.126378    0.126966 ^ clkbuf_0_clk/X (sky130_fd_sc_hd__clkbuf_16)
                                                         clknet_0_clk (net)
                      0.059829    0.001038    0.128004 ^ clkbuf_2_3__f_clk/A (sky130_fd_sc_hd__clkbuf_16)
     8    0.028519    0.049787    0.138793    0.266797 ^ clkbuf_2_3__f_clk/X (sky130_fd_sc_hd__clkbuf_16)
                                                         clknet_2_3__leaf_clk (net)
                      0.049787    0.000381    0.267178 ^ _221_/CLK (sky130_fd_sc_hd__dfxtp_2)
     4    0.012203    0.071144    0.341687    0.608865 ^ _221_/Q (sky130_fd_sc_hd__dfxtp_2)
                                                         baud_counter[5] (net)
                      0.071144    0.000371    0.609237 ^ _204_/A1 (sky130_fd_sc_hd__o21ba_2)
     1    0.001976    0.028823    0.131551    0.740788 ^ _204_/X (sky130_fd_sc_hd__o21ba_2)
                                                         _007_ (net)
                      0.028823    0.000056    0.740844 ^ _221_/D (sky130_fd_sc_hd__dfxtp_2)
                                              0.740844   data arrival time

                                  0.000000    0.000000   clock clk (rise edge)
                                  0.000000    0.000000   clock source latency
     1    0.015134    0.000000    0.000000    0.000000 ^ clk (in)
                                                         clk (net)
                      0.001178    0.000589    0.000589 ^ clkbuf_0_clk/A (sky130_fd_sc_hd__clkbuf_16)
     4    0.040131    0.059806    0.126378    0.126966 ^ clkbuf_0_clk/X (sky130_fd_sc_hd__clkbuf_16)
                                                         clknet_0_clk (net)
                      0.059829    0.001038    0.128004 ^ clkbuf_2_3__f_clk/A (sky130_fd_sc_hd__clkbuf_16)
     8    0.028519    0.049787    0.138793    0.266797 ^ clkbuf_2_3__f_clk/X (sky130_fd_sc_hd__clkbuf_16)
                                                         clknet_2_3__leaf_clk (net)
                      0.049787    0.000381    0.267178 ^ _221_/CLK (sky130_fd_sc_hd__dfxtp_2)
                                  0.000000    0.267178   clock reconvergence pessimism
                                 -0.027211    0.239968   library hold time
                                              0.239968   data required time
---------------------------------------------------------------------------------------------
                                              0.239968   data required time
                                             -0.740844   data arrival time
---------------------------------------------------------------------------------------------
                                              0.500876   slack (MET)


Startpoint: _234_ (rising edge-triggered flip-flop clocked by clk)
Endpoint: _234_ (rising edge-triggered flip-flop clocked by clk)
Path Group: clk
Path Type: min

Fanout         Cap        Slew       Delay        Time   Description
---------------------------------------------------------------------------------------------
                                  0.000000    0.000000   clock clk (rise edge)
                                  0.000000    0.000000   clock source latency
     1    0.015134    0.000000    0.000000    0.000000 ^ clk (in)
                                                         clk (net)
                      0.001178    0.000589    0.000589 ^ clkbuf_0_clk/A (sky130_fd_sc_hd__clkbuf_16)
     4    0.040131    0.059806    0.126378    0.126966 ^ clkbuf_0_clk/X (sky130_fd_sc_hd__clkbuf_16)
                                                         clknet_0_clk (net)
                      0.059829    0.001038    0.128004 ^ clkbuf_2_3__f_clk/A (sky130_fd_sc_hd__clkbuf_16)
     8    0.028519    0.049787    0.138793    0.266797 ^ clkbuf_2_3__f_clk/X (sky130_fd_sc_hd__clkbuf_16)
                                                         clknet_2_3__leaf_clk (net)
                      0.049788    0.000413    0.267210 ^ _234_/CLK (sky130_fd_sc_hd__dfxtp_2)
     4    0.014535    0.082149    0.349828    0.617038 ^ _234_/Q (sky130_fd_sc_hd__dfxtp_2)
                                                         bit_index[2] (net)
                      0.082149    0.000307    0.617345 ^ _135_/A1 (sky130_fd_sc_hd__o21a_2)
     1    0.002967    0.030131    0.130478    0.747823 ^ _135_/X (sky130_fd_sc_hd__o21a_2)
                                                         _020_ (net)
                      0.030131    0.000097    0.747920 ^ _234_/D (sky130_fd_sc_hd__dfxtp_2)
                                              0.747920   data arrival time

                                  0.000000    0.000000   clock clk (rise edge)
                                  0.000000    0.000000   clock source latency
     1    0.015134    0.000000    0.000000    0.000000 ^ clk (in)
                                                         clk (net)
                      0.001178    0.000589    0.000589 ^ clkbuf_0_clk/A (sky130_fd_sc_hd__clkbuf_16)
     4    0.040131    0.059806    0.126378    0.126966 ^ clkbuf_0_clk/X (sky130_fd_sc_hd__clkbuf_16)
                                                         clknet_0_clk (net)
                      0.059829    0.001038    0.128004 ^ clkbuf_2_3__f_clk/A (sky130_fd_sc_hd__clkbuf_16)
     8    0.028519    0.049787    0.138793    0.266797 ^ clkbuf_2_3__f_clk/X (sky130_fd_sc_hd__clkbuf_16)
                                                         clknet_2_3__leaf_clk (net)
                      0.049788    0.000413    0.267210 ^ _234_/CLK (sky130_fd_sc_hd__dfxtp_2)
                                  0.000000    0.267210   clock reconvergence pessimism
                                 -0.027481    0.239728   library hold time
                                              0.239728   data required time
---------------------------------------------------------------------------------------------
                                              0.239728   data required time
                                             -0.747920   data arrival time
---------------------------------------------------------------------------------------------
                                              0.508192   slack (MET)


Startpoint: _216_ (rising edge-triggered flip-flop clocked by clk)
Endpoint: _216_ (rising edge-triggered flip-flop clocked by clk)
Path Group: clk
Path Type: min

Fanout         Cap        Slew       Delay        Time   Description
---------------------------------------------------------------------------------------------
                                  0.000000    0.000000   clock clk (rise edge)
                                  0.000000    0.000000   clock source latency
     1    0.015134    0.000000    0.000000    0.000000 ^ clk (in)
                                                         clk (net)
                      0.001178    0.000589    0.000589 ^ clkbuf_0_clk/A (sky130_fd_sc_hd__clkbuf_16)
     4    0.040131    0.059806    0.126378    0.126966 ^ clkbuf_0_clk/X (sky130_fd_sc_hd__clkbuf_16)
                                                         clknet_0_clk (net)
                      0.059831    0.001084    0.128050 ^ clkbuf_2_2__f_clk/A (sky130_fd_sc_hd__clkbuf_16)
     9    0.026435    0.047625    0.136798    0.264849 ^ clkbuf_2_2__f_clk/X (sky130_fd_sc_hd__clkbuf_16)
                                                         clknet_2_2__leaf_clk (net)
                      0.047640    0.000789    0.265638 ^ _216_/CLK (sky130_fd_sc_hd__dfxtp_2)
     7    0.030292    0.157769    0.403489    0.669127 ^ _216_/Q (sky130_fd_sc_hd__dfxtp_2)
                                                         baud_counter[0] (net)
                      0.157769    0.000548    0.669676 ^ _190_/A2 (sky130_fd_sc_hd__a21oi_2)
     1    0.002530    0.025445    0.070533    0.740208 v _190_/Y (sky130_fd_sc_hd__a21oi_2)
                                                         _002_ (net)
                      0.025445    0.000076    0.740284 v _216_/D (sky130_fd_sc_hd__dfxtp_2)
                                              0.740284   data arrival time

                                  0.000000    0.000000   clock clk (rise edge)
                                  0.000000    0.000000   clock source latency
     1    0.015134    0.000000    0.000000    0.000000 ^ clk (in)
                                                         clk (net)
                      0.001178    0.000589    0.000589 ^ clkbuf_0_clk/A (sky130_fd_sc_hd__clkbuf_16)
     4    0.040131    0.059806    0.126378    0.126966 ^ clkbuf_0_clk/X (sky130_fd_sc_hd__clkbuf_16)
                                                         clknet_0_clk (net)
                      0.059831    0.001084    0.128050 ^ clkbuf_2_2__f_clk/A (sky130_fd_sc_hd__clkbuf_16)
     9    0.026435    0.047625    0.136798    0.264849 ^ clkbuf_2_2__f_clk/X (sky130_fd_sc_hd__clkbuf_16)
                                                         clknet_2_2__leaf_clk (net)
                      0.047640    0.000789    0.265638 ^ _216_/CLK (sky130_fd_sc_hd__dfxtp_2)
                                  0.000000    0.265638   clock reconvergence pessimism
                                 -0.037444    0.228194   library hold time
                                              0.228194   data required time
---------------------------------------------------------------------------------------------
                                              0.228194   data required time
                                             -0.740284   data arrival time
---------------------------------------------------------------------------------------------
                                              0.512090   slack (MET)


Startpoint: _217_ (rising edge-triggered flip-flop clocked by clk)
Endpoint: _217_ (rising edge-triggered flip-flop clocked by clk)
Path Group: clk
Path Type: min

Fanout         Cap        Slew       Delay        Time   Description
---------------------------------------------------------------------------------------------
                                  0.000000    0.000000   clock clk (rise edge)
                                  0.000000    0.000000   clock source latency
     1    0.015134    0.000000    0.000000    0.000000 ^ clk (in)
                                                         clk (net)
                      0.001178    0.000589    0.000589 ^ clkbuf_0_clk/A (sky130_fd_sc_hd__clkbuf_16)
     4    0.040131    0.059806    0.126378    0.126966 ^ clkbuf_0_clk/X (sky130_fd_sc_hd__clkbuf_16)
                                                         clknet_0_clk (net)
                      0.059831    0.001084    0.128050 ^ clkbuf_2_2__f_clk/A (sky130_fd_sc_hd__clkbuf_16)
     9    0.026435    0.047625    0.136798    0.264849 ^ clkbuf_2_2__f_clk/X (sky130_fd_sc_hd__clkbuf_16)
                                                         clknet_2_2__leaf_clk (net)
                      0.047641    0.000795    0.265644 ^ _217_/CLK (sky130_fd_sc_hd__dfxtp_2)
     5    0.017405    0.095905    0.358812    0.624456 ^ _217_/Q (sky130_fd_sc_hd__dfxtp_2)
                                                         baud_counter[1] (net)
                      0.095907    0.000640    0.625096 ^ _192_/B1 (sky130_fd_sc_hd__a21oi_2)
     1    0.004975    0.034727    0.043209    0.668305 v _192_/Y (sky130_fd_sc_hd__a21oi_2)
                                                         _032_ (net)
                      0.034727    0.000155    0.668460 v _194_/A (sky130_fd_sc_hd__nor2_2)
     1    0.002200    0.054597    0.082838    0.751298 ^ _194_/Y (sky130_fd_sc_hd__nor2_2)
                                                         _003_ (net)
                      0.054597    0.000061    0.751359 ^ _217_/D (sky130_fd_sc_hd__dfxtp_2)
                                              0.751359   data arrival time

                                  0.000000    0.000000   clock clk (rise edge)
                                  0.000000    0.000000   clock source latency
     1    0.015134    0.000000    0.000000    0.000000 ^ clk (in)
                                                         clk (net)
                      0.001178    0.000589    0.000589 ^ clkbuf_0_clk/A (sky130_fd_sc_hd__clkbuf_16)
     4    0.040131    0.059806    0.126378    0.126966 ^ clkbuf_0_clk/X (sky130_fd_sc_hd__clkbuf_16)
                                                         clknet_0_clk (net)
                      0.059831    0.001084    0.128050 ^ clkbuf_2_2__f_clk/A (sky130_fd_sc_hd__clkbuf_16)
     9    0.026435    0.047625    0.136798    0.264849 ^ clkbuf_2_2__f_clk/X (sky130_fd_sc_hd__clkbuf_16)
                                                         clknet_2_2__leaf_clk (net)
                      0.047641    0.000795    0.265644 ^ _217_/CLK (sky130_fd_sc_hd__dfxtp_2)
                                  0.000000    0.265644   clock reconvergence pessimism
                                 -0.032829    0.232815   library hold time
                                              0.232815   data required time
---------------------------------------------------------------------------------------------
                                              0.232815   data required time
                                             -0.751359   data arrival time
---------------------------------------------------------------------------------------------
                                              0.518544   slack (MET)


Startpoint: _239_ (rising edge-triggered flip-flop clocked by clk)
Endpoint: _239_ (rising edge-triggered flip-flop clocked by clk)
Path Group: clk
Path Type: min

Fanout         Cap        Slew       Delay        Time   Description
---------------------------------------------------------------------------------------------
                                  0.000000    0.000000   clock clk (rise edge)
                                  0.000000    0.000000   clock source latency
     1    0.015134    0.000000    0.000000    0.000000 ^ clk (in)
                                                         clk (net)
                      0.001178    0.000589    0.000589 ^ clkbuf_0_clk/A (sky130_fd_sc_hd__clkbuf_16)
     4    0.040131    0.059806    0.126378    0.126966 ^ clkbuf_0_clk/X (sky130_fd_sc_hd__clkbuf_16)
                                                         clknet_0_clk (net)
                      0.059830    0.001056    0.128023 ^ clkbuf_2_0__f_clk/A (sky130_fd_sc_hd__clkbuf_16)
     8    0.028861    0.050021    0.138837    0.266860 ^ clkbuf_2_0__f_clk/X (sky130_fd_sc_hd__clkbuf_16)
                                                         clknet_2_0__leaf_clk (net)
                      0.050029    0.001200    0.268060 ^ _239_/CLK (sky130_fd_sc_hd__dfxtp_2)
     2    0.005248    0.040299    0.315927    0.583987 ^ _239_/Q (sky130_fd_sc_hd__dfxtp_2)
                                                         tx_shift[4] (net)
                      0.040299    0.000129    0.584116 ^ _149_/A1 (sky130_fd_sc_hd__mux2_1)
     1    0.001891    0.034651    0.108319    0.692435 ^ _149_/X (sky130_fd_sc_hd__mux2_1)
                                                         _074_ (net)
                      0.034651    0.000053    0.692489 ^ _150_/B (sky130_fd_sc_hd__or2_2)
     1    0.002085    0.025803    0.086040    0.778529 ^ _150_/X (sky130_fd_sc_hd__or2_2)
                                                         _025_ (net)
                      0.025803    0.000059    0.778587 ^ _239_/D (sky130_fd_sc_hd__dfxtp_2)
                                              0.778587   data arrival time

                                  0.000000    0.000000   clock clk (rise edge)
                                  0.000000    0.000000   clock source latency
     1    0.015134    0.000000    0.000000    0.000000 ^ clk (in)
                                                         clk (net)
                      0.001178    0.000589    0.000589 ^ clkbuf_0_clk/A (sky130_fd_sc_hd__clkbuf_16)
     4    0.040131    0.059806    0.126378    0.126966 ^ clkbuf_0_clk/X (sky130_fd_sc_hd__clkbuf_16)
                                                         clknet_0_clk (net)
                      0.059830    0.001056    0.128023 ^ clkbuf_2_0__f_clk/A (sky130_fd_sc_hd__clkbuf_16)
     8    0.028861    0.050021    0.138837    0.266860 ^ clkbuf_2_0__f_clk/X (sky130_fd_sc_hd__clkbuf_16)
                                                         clknet_2_0__leaf_clk (net)
                      0.050029    0.001200    0.268060 ^ _239_/CLK (sky130_fd_sc_hd__dfxtp_2)
                                  0.000000    0.268060   clock reconvergence pessimism
                                 -0.026554    0.241506   library hold time
                                              0.241506   data required time
---------------------------------------------------------------------------------------------
                                              0.241506   data required time
                                             -0.778587   data arrival time
---------------------------------------------------------------------------------------------
                                              0.537081   slack (MET)


Startpoint: _242_ (rising edge-triggered flip-flop clocked by clk)
Endpoint: _242_ (rising edge-triggered flip-flop clocked by clk)
Path Group: clk
Path Type: min

Fanout         Cap        Slew       Delay        Time   Description
---------------------------------------------------------------------------------------------
                                  0.000000    0.000000   clock clk (rise edge)
                                  0.000000    0.000000   clock source latency
     1    0.015134    0.000000    0.000000    0.000000 ^ clk (in)
                                                         clk (net)
                      0.001178    0.000589    0.000589 ^ clkbuf_0_clk/A (sky130_fd_sc_hd__clkbuf_16)
     4    0.040131    0.059806    0.126378    0.126966 ^ clkbuf_0_clk/X (sky130_fd_sc_hd__clkbuf_16)
                                                         clknet_0_clk (net)
                      0.059830    0.001056    0.128023 ^ clkbuf_2_0__f_clk/A (sky130_fd_sc_hd__clkbuf_16)
     8    0.028861    0.050021    0.138837    0.266860 ^ clkbuf_2_0__f_clk/X (sky130_fd_sc_hd__clkbuf_16)
                                                         clknet_2_0__leaf_clk (net)
                      0.050027    0.001014    0.267873 ^ _242_/CLK (sky130_fd_sc_hd__dfxtp_2)
     2    0.004670    0.037868    0.313775    0.581648 ^ _242_/Q (sky130_fd_sc_hd__dfxtp_2)
                                                         tx_shift[7] (net)
                      0.037868    0.000112    0.581761 ^ _158_/A1 (sky130_fd_sc_hd__mux2_1)
     1    0.002200    0.036860    0.109941    0.691702 ^ _158_/X (sky130_fd_sc_hd__mux2_1)
                                                         _080_ (net)
                      0.036860    0.000060    0.691762 ^ _159_/B (sky130_fd_sc_hd__or2_2)
     1    0.002198    0.026280    0.087405    0.779167 ^ _159_/X (sky130_fd_sc_hd__or2_2)
                                                         _028_ (net)
                      0.026280    0.000045    0.779212 ^ _242_/D (sky130_fd_sc_hd__dfxtp_2)
                                              0.779212   data arrival time

                                  0.000000    0.000000   clock clk (rise edge)
                                  0.000000    0.000000   clock source latency
     1    0.015134    0.000000    0.000000    0.000000 ^ clk (in)
                                                         clk (net)
                      0.001178    0.000589    0.000589 ^ clkbuf_0_clk/A (sky130_fd_sc_hd__clkbuf_16)
     4    0.040131    0.059806    0.126378    0.126966 ^ clkbuf_0_clk/X (sky130_fd_sc_hd__clkbuf_16)
                                                         clknet_0_clk (net)
                      0.059830    0.001056    0.128023 ^ clkbuf_2_0__f_clk/A (sky130_fd_sc_hd__clkbuf_16)
     8    0.028861    0.050021    0.138837    0.266860 ^ clkbuf_2_0__f_clk/X (sky130_fd_sc_hd__clkbuf_16)
                                                         clknet_2_0__leaf_clk (net)
                      0.050027    0.001014    0.267873 ^ _242_/CLK (sky130_fd_sc_hd__dfxtp_2)
                                  0.000000    0.267873   clock reconvergence pessimism
                                 -0.026653    0.241221   library hold time
                                              0.241221   data required time
---------------------------------------------------------------------------------------------
                                              0.241221   data required time
                                             -0.779212   data arrival time
---------------------------------------------------------------------------------------------
                                              0.537991   slack (MET)


Startpoint: _240_ (rising edge-triggered flip-flop clocked by clk)
Endpoint: _240_ (rising edge-triggered flip-flop clocked by clk)
Path Group: clk
Path Type: min

Fanout         Cap        Slew       Delay        Time   Description
---------------------------------------------------------------------------------------------
                                  0.000000    0.000000   clock clk (rise edge)
                                  0.000000    0.000000   clock source latency
     1    0.015134    0.000000    0.000000    0.000000 ^ clk (in)
                                                         clk (net)
                      0.001178    0.000589    0.000589 ^ clkbuf_0_clk/A (sky130_fd_sc_hd__clkbuf_16)
     4    0.040131    0.059806    0.126378    0.126966 ^ clkbuf_0_clk/X (sky130_fd_sc_hd__clkbuf_16)
                                                         clknet_0_clk (net)
                      0.059830    0.001056    0.128023 ^ clkbuf_2_0__f_clk/A (sky130_fd_sc_hd__clkbuf_16)
     8    0.028861    0.050021    0.138837    0.266860 ^ clkbuf_2_0__f_clk/X (sky130_fd_sc_hd__clkbuf_16)
                                                         clknet_2_0__leaf_clk (net)
                      0.050028    0.001130    0.267990 ^ _240_/CLK (sky130_fd_sc_hd__dfxtp_2)
     2    0.004781    0.038328    0.314186    0.582176 ^ _240_/Q (sky130_fd_sc_hd__dfxtp_2)
                                                         tx_shift[5] (net)
                      0.038328    0.000104    0.582280 ^ _152_/A1 (sky130_fd_sc_hd__mux2_1)
     1    0.002226    0.037041    0.110298    0.692578 ^ _152_/X (sky130_fd_sc_hd__mux2_1)
                                                         _076_ (net)
                      0.037041    0.000065    0.692643 ^ _153_/B (sky130_fd_sc_hd__or2_2)
     1    0.002144    0.026052    0.087226    0.779869 ^ _153_/X (sky130_fd_sc_hd__or2_2)
                                                         _026_ (net)
                      0.026052    0.000061    0.779930 ^ _240_/D (sky130_fd_sc_hd__dfxtp_2)
                                              0.779930   data arrival time

                                  0.000000    0.000000   clock clk (rise edge)
                                  0.000000    0.000000   clock source latency
     1    0.015134    0.000000    0.000000    0.000000 ^ clk (in)
                                                         clk (net)
                      0.001178    0.000589    0.000589 ^ clkbuf_0_clk/A (sky130_fd_sc_hd__clkbuf_16)
     4    0.040131    0.059806    0.126378    0.126966 ^ clkbuf_0_clk/X (sky130_fd_sc_hd__clkbuf_16)
                                                         clknet_0_clk (net)
                      0.059830    0.001056    0.128023 ^ clkbuf_2_0__f_clk/A (sky130_fd_sc_hd__clkbuf_16)
     8    0.028861    0.050021    0.138837    0.266860 ^ clkbuf_2_0__f_clk/X (sky130_fd_sc_hd__clkbuf_16)
                                                         clknet_2_0__leaf_clk (net)
                      0.050028    0.001130    0.267990 ^ _240_/CLK (sky130_fd_sc_hd__dfxtp_2)
                                  0.000000    0.267990   clock reconvergence pessimism
                                 -0.026605    0.241385   library hold time
                                              0.241385   data required time
---------------------------------------------------------------------------------------------
                                              0.241385   data required time
                                             -0.779930   data arrival time
---------------------------------------------------------------------------------------------
                                              0.538546   slack (MET)


Startpoint: _241_ (rising edge-triggered flip-flop clocked by clk)
Endpoint: _241_ (rising edge-triggered flip-flop clocked by clk)
Path Group: clk
Path Type: min

Fanout         Cap        Slew       Delay        Time   Description
---------------------------------------------------------------------------------------------
                                  0.000000    0.000000   clock clk (rise edge)
                                  0.000000    0.000000   clock source latency
     1    0.015134    0.000000    0.000000    0.000000 ^ clk (in)
                                                         clk (net)
                      0.001178    0.000589    0.000589 ^ clkbuf_0_clk/A (sky130_fd_sc_hd__clkbuf_16)
     4    0.040131    0.059806    0.126378    0.126966 ^ clkbuf_0_clk/X (sky130_fd_sc_hd__clkbuf_16)
                                                         clknet_0_clk (net)
                      0.059830    0.001056    0.128023 ^ clkbuf_2_0__f_clk/A (sky130_fd_sc_hd__clkbuf_16)
     8    0.028861    0.050021    0.138837    0.266860 ^ clkbuf_2_0__f_clk/X (sky130_fd_sc_hd__clkbuf_16)
                                                         clknet_2_0__leaf_clk (net)
                      0.050025    0.000906    0.267765 ^ _241_/CLK (sky130_fd_sc_hd__dfxtp_2)
     2    0.004921    0.038912    0.314706    0.582471 ^ _241_/Q (sky130_fd_sc_hd__dfxtp_2)
                                                         tx_shift[6] (net)
                      0.038912    0.000109    0.582580 ^ _155_/A1 (sky130_fd_sc_hd__mux2_1)
     1    0.002174    0.036671    0.110091    0.692671 ^ _155_/X (sky130_fd_sc_hd__mux2_1)
                                                         _078_ (net)
                      0.036671    0.000059    0.692730 ^ _156_/B (sky130_fd_sc_hd__or2_2)
     1    0.002390    0.027084    0.088190    0.780920 ^ _156_/X (sky130_fd_sc_hd__or2_2)
                                                         _027_ (net)
                      0.027084    0.000048    0.780969 ^ _241_/D (sky130_fd_sc_hd__dfxtp_2)
                                              0.780969   data arrival time

                                  0.000000    0.000000   clock clk (rise edge)
                                  0.000000    0.000000   clock source latency
     1    0.015134    0.000000    0.000000    0.000000 ^ clk (in)
                                                         clk (net)
                      0.001178    0.000589    0.000589 ^ clkbuf_0_clk/A (sky130_fd_sc_hd__clkbuf_16)
     4    0.040131    0.059806    0.126378    0.126966 ^ clkbuf_0_clk/X (sky130_fd_sc_hd__clkbuf_16)
                                                         clknet_0_clk (net)
                      0.059830    0.001056    0.128023 ^ clkbuf_2_0__f_clk/A (sky130_fd_sc_hd__clkbuf_16)
     8    0.028861    0.050021    0.138837    0.266860 ^ clkbuf_2_0__f_clk/X (sky130_fd_sc_hd__clkbuf_16)
                                                         clknet_2_0__leaf_clk (net)
                      0.050025    0.000906    0.267765 ^ _241_/CLK (sky130_fd_sc_hd__dfxtp_2)
                                  0.000000    0.267765   clock reconvergence pessimism
                                 -0.026819    0.240946   library hold time
                                              0.240946   data required time
---------------------------------------------------------------------------------------------
                                              0.240946   data required time
                                             -0.780969   data arrival time
---------------------------------------------------------------------------------------------
                                              0.540023   slack (MET)


Startpoint: _236_ (rising edge-triggered flip-flop clocked by clk)
Endpoint: _214_ (rising edge-triggered flip-flop clocked by clk)
Path Group: clk
Path Type: min

Fanout         Cap        Slew       Delay        Time   Description
---------------------------------------------------------------------------------------------
                                  0.000000    0.000000   clock clk (rise edge)
                                  0.000000    0.000000   clock source latency
     1    0.015134    0.000000    0.000000    0.000000 ^ clk (in)
                                                         clk (net)
                      0.001178    0.000589    0.000589 ^ clkbuf_0_clk/A (sky130_fd_sc_hd__clkbuf_16)
     4    0.040131    0.059806    0.126378    0.126966 ^ clkbuf_0_clk/X (sky130_fd_sc_hd__clkbuf_16)
                                                         clknet_0_clk (net)
                      0.059830    0.001056    0.128023 ^ clkbuf_2_0__f_clk/A (sky130_fd_sc_hd__clkbuf_16)
     8    0.028861    0.050021    0.138837    0.266860 ^ clkbuf_2_0__f_clk/X (sky130_fd_sc_hd__clkbuf_16)
                                                         clknet_2_0__leaf_clk (net)
                      0.050023    0.000593    0.267453 ^ _236_/CLK (sky130_fd_sc_hd__dfxtp_2)
     2    0.004340    0.036138    0.312539    0.579992 ^ _236_/Q (sky130_fd_sc_hd__dfxtp_2)
                                                         tx_shift[1] (net)
                      0.036138    0.000104    0.580095 ^ _183_/A (sky130_fd_sc_hd__or2_2)
     1    0.003588    0.032323    0.095452    0.675548 ^ _183_/X (sky130_fd_sc_hd__or2_2)
                                                         _102_ (net)
                      0.032323    0.000080    0.675628 ^ _184_/A2 (sky130_fd_sc_hd__a211o_2)
     1    0.002113    0.022972    0.107145    0.782773 ^ _184_/X (sky130_fd_sc_hd__a211o_2)
                                                         _000_ (net)
                      0.022972    0.000060    0.782832 ^ _214_/D (sky130_fd_sc_hd__dfxtp_2)
                                              0.782832   data arrival time

                                  0.000000    0.000000   clock clk (rise edge)
                                  0.000000    0.000000   clock source latency
     1    0.015134    0.000000    0.000000    0.000000 ^ clk (in)
                                                         clk (net)
                      0.001178    0.000589    0.000589 ^ clkbuf_0_clk/A (sky130_fd_sc_hd__clkbuf_16)
     4    0.040131    0.059806    0.126378    0.126966 ^ clkbuf_0_clk/X (sky130_fd_sc_hd__clkbuf_16)
                                                         clknet_0_clk (net)
                      0.059830    0.001056    0.128023 ^ clkbuf_2_0__f_clk/A (sky130_fd_sc_hd__clkbuf_16)
     8    0.028861    0.050021    0.138837    0.266860 ^ clkbuf_2_0__f_clk/X (sky130_fd_sc_hd__clkbuf_16)
                                                         clknet_2_0__leaf_clk (net)
                      0.050023    0.000616    0.267476 ^ _214_/CLK (sky130_fd_sc_hd__dfxtp_2)
                                  0.000000    0.267476   clock reconvergence pessimism
                                 -0.025969    0.241507   library hold time
                                              0.241507   data required time
---------------------------------------------------------------------------------------------
                                              0.241507   data required time
                                             -0.782832   data arrival time
---------------------------------------------------------------------------------------------
                                              0.541325   slack (MET)


Startpoint: _238_ (rising edge-triggered flip-flop clocked by clk)
Endpoint: _238_ (rising edge-triggered flip-flop clocked by clk)
Path Group: clk
Path Type: min

Fanout         Cap        Slew       Delay        Time   Description
---------------------------------------------------------------------------------------------
                                  0.000000    0.000000   clock clk (rise edge)
                                  0.000000    0.000000   clock source latency
     1    0.015134    0.000000    0.000000    0.000000 ^ clk (in)
                                                         clk (net)
                      0.001178    0.000589    0.000589 ^ clkbuf_0_clk/A (sky130_fd_sc_hd__clkbuf_16)
     4    0.040131    0.059806    0.126378    0.126966 ^ clkbuf_0_clk/X (sky130_fd_sc_hd__clkbuf_16)
                                                         clknet_0_clk (net)
                      0.059832    0.001101    0.128068 ^ clkbuf_2_1__f_clk/A (sky130_fd_sc_hd__clkbuf_16)
     9    0.026502    0.047658    0.137019    0.265087 ^ clkbuf_2_1__f_clk/X (sky130_fd_sc_hd__clkbuf_16)
                                                         clknet_2_1__leaf_clk (net)
                      0.047661    0.000376    0.265463 ^ _238_/CLK (sky130_fd_sc_hd__dfxtp_2)
     2    0.005066    0.039530    0.314368    0.579831 ^ _238_/Q (sky130_fd_sc_hd__dfxtp_2)
                                                         tx_shift[3] (net)
                      0.039530    0.000131    0.579962 ^ _146_/A1 (sky130_fd_sc_hd__mux2_1)
     1    0.001641    0.032863    0.106066    0.686028 ^ _146_/X (sky130_fd_sc_hd__mux2_1)
                                                         _072_ (net)
                      0.032863    0.000031    0.686058 ^ _147_/B (sky130_fd_sc_hd__or2_2)
     1    0.004060    0.034390    0.094191    0.780249 ^ _147_/X (sky130_fd_sc_hd__or2_2)
                                                         _024_ (net)
                      0.034390    0.000142    0.780392 ^ _238_/D (sky130_fd_sc_hd__dfxtp_2)
                                              0.780392   data arrival time

                                  0.000000    0.000000   clock clk (rise edge)
                                  0.000000    0.000000   clock source latency
     1    0.015134    0.000000    0.000000    0.000000 ^ clk (in)
                                                         clk (net)
                      0.001178    0.000589    0.000589 ^ clkbuf_0_clk/A (sky130_fd_sc_hd__clkbuf_16)
     4    0.040131    0.059806    0.126378    0.126966 ^ clkbuf_0_clk/X (sky130_fd_sc_hd__clkbuf_16)
                                                         clknet_0_clk (net)
                      0.059832    0.001101    0.128068 ^ clkbuf_2_1__f_clk/A (sky130_fd_sc_hd__clkbuf_16)
     9    0.026502    0.047658    0.137019    0.265087 ^ clkbuf_2_1__f_clk/X (sky130_fd_sc_hd__clkbuf_16)
                                                         clknet_2_1__leaf_clk (net)
                      0.047661    0.000376    0.265463 ^ _238_/CLK (sky130_fd_sc_hd__dfxtp_2)
                                  0.000000    0.265463   clock reconvergence pessimism
                                 -0.028642    0.236820   library hold time
                                              0.236820   data required time
---------------------------------------------------------------------------------------------
                                              0.236820   data required time
                                             -0.780392   data arrival time
---------------------------------------------------------------------------------------------
                                              0.543571   slack (MET)


Startpoint: _243_ (rising edge-triggered flip-flop clocked by clk)
Endpoint: _243_ (rising edge-triggered flip-flop clocked by clk)
Path Group: clk
Path Type: min

Fanout         Cap        Slew       Delay        Time   Description
---------------------------------------------------------------------------------------------
                                  0.000000    0.000000   clock clk (rise edge)
                                  0.000000    0.000000   clock source latency
     1    0.015134    0.000000    0.000000    0.000000 ^ clk (in)
                                                         clk (net)
                      0.001178    0.000589    0.000589 ^ clkbuf_0_clk/A (sky130_fd_sc_hd__clkbuf_16)
     4    0.040131    0.059806    0.126378    0.126966 ^ clkbuf_0_clk/X (sky130_fd_sc_hd__clkbuf_16)
                                                         clknet_0_clk (net)
                      0.059831    0.001084    0.128050 ^ clkbuf_2_2__f_clk/A (sky130_fd_sc_hd__clkbuf_16)
     9    0.026435    0.047625    0.136798    0.264849 ^ clkbuf_2_2__f_clk/X (sky130_fd_sc_hd__clkbuf_16)
                                                         clknet_2_2__leaf_clk (net)
                      0.047640    0.000783    0.265632 ^ _243_/CLK (sky130_fd_sc_hd__dfxtp_2)
     2    0.005983    0.043461    0.317760    0.583392 ^ _243_/Q (sky130_fd_sc_hd__dfxtp_2)
                                                         tx_shift[8] (net)
                      0.043461    0.000166    0.583558 ^ _161_/B2 (sky130_fd_sc_hd__a32o_2)
     1    0.002493    0.038756    0.110233    0.693792 ^ _161_/X (sky130_fd_sc_hd__a32o_2)
                                                         _082_ (net)
                      0.038756    0.000069    0.693861 ^ _162_/B (sky130_fd_sc_hd__or2_2)
     1    0.002288    0.026659    0.088539    0.782400 ^ _162_/X (sky130_fd_sc_hd__or2_2)
                                                         _029_ (net)
                      0.026659    0.000046    0.782446 ^ _243_/D (sky130_fd_sc_hd__dfxtp_2)
                                              0.782446   data arrival time

                                  0.000000    0.000000   clock clk (rise edge)
                                  0.000000    0.000000   clock source latency
     1    0.015134    0.000000    0.000000    0.000000 ^ clk (in)
                                                         clk (net)
                      0.001178    0.000589    0.000589 ^ clkbuf_0_clk/A (sky130_fd_sc_hd__clkbuf_16)
     4    0.040131    0.059806    0.126378    0.126966 ^ clkbuf_0_clk/X (sky130_fd_sc_hd__clkbuf_16)
                                                         clknet_0_clk (net)
                      0.059831    0.001084    0.128050 ^ clkbuf_2_2__f_clk/A (sky130_fd_sc_hd__clkbuf_16)
     9    0.026435    0.047625    0.136798    0.264849 ^ clkbuf_2_2__f_clk/X (sky130_fd_sc_hd__clkbuf_16)
                                                         clknet_2_2__leaf_clk (net)
                      0.047640    0.000783    0.265632 ^ _243_/CLK (sky130_fd_sc_hd__dfxtp_2)
                                  0.000000    0.265632   clock reconvergence pessimism
                                 -0.027044    0.238587   library hold time
                                              0.238587   data required time
---------------------------------------------------------------------------------------------
                                              0.238587   data required time
                                             -0.782446   data arrival time
---------------------------------------------------------------------------------------------
                                              0.543859   slack (MET)


Startpoint: _237_ (rising edge-triggered flip-flop clocked by clk)
Endpoint: _237_ (rising edge-triggered flip-flop clocked by clk)
Path Group: clk
Path Type: min

Fanout         Cap        Slew       Delay        Time   Description
---------------------------------------------------------------------------------------------
                                  0.000000    0.000000   clock clk (rise edge)
                                  0.000000    0.000000   clock source latency
     1    0.015134    0.000000    0.000000    0.000000 ^ clk (in)
                                                         clk (net)
                      0.001178    0.000589    0.000589 ^ clkbuf_0_clk/A (sky130_fd_sc_hd__clkbuf_16)
     4    0.040131    0.059806    0.126378    0.126966 ^ clkbuf_0_clk/X (sky130_fd_sc_hd__clkbuf_16)
                                                         clknet_0_clk (net)
                      0.059830    0.001056    0.128023 ^ clkbuf_2_0__f_clk/A (sky130_fd_sc_hd__clkbuf_16)
     8    0.028861    0.050021    0.138837    0.266860 ^ clkbuf_2_0__f_clk/X (sky130_fd_sc_hd__clkbuf_16)
                                                         clknet_2_0__leaf_clk (net)
                      0.050030    0.001236    0.268096 ^ _237_/CLK (sky130_fd_sc_hd__dfxtp_2)
     2    0.005092    0.039635    0.315339    0.583435 ^ _237_/Q (sky130_fd_sc_hd__dfxtp_2)
                                                         tx_shift[2] (net)
                      0.039635    0.000126    0.583561 ^ _143_/A1 (sky130_fd_sc_hd__mux2_1)
     1    0.002589    0.039692    0.113652    0.697213 ^ _143_/X (sky130_fd_sc_hd__mux2_1)
                                                         _070_ (net)
                      0.039692    0.000053    0.697266 ^ _144_/B (sky130_fd_sc_hd__or2_2)
     1    0.002950    0.029453    0.091857    0.789123 ^ _144_/X (sky130_fd_sc_hd__or2_2)
                                                         _023_ (net)
                      0.029453    0.000085    0.789209 ^ _237_/D (sky130_fd_sc_hd__dfxtp_2)
                                              0.789209   data arrival time

                                  0.000000    0.000000   clock clk (rise edge)
                                  0.000000    0.000000   clock source latency
     1    0.015134    0.000000    0.000000    0.000000 ^ clk (in)
                                                         clk (net)
                      0.001178    0.000589    0.000589 ^ clkbuf_0_clk/A (sky130_fd_sc_hd__clkbuf_16)
     4    0.040131    0.059806    0.126378    0.126966 ^ clkbuf_0_clk/X (sky130_fd_sc_hd__clkbuf_16)
                                                         clknet_0_clk (net)
                      0.059830    0.001056    0.128023 ^ clkbuf_2_0__f_clk/A (sky130_fd_sc_hd__clkbuf_16)
     8    0.028861    0.050021    0.138837    0.266860 ^ clkbuf_2_0__f_clk/X (sky130_fd_sc_hd__clkbuf_16)
                                                         clknet_2_0__leaf_clk (net)
                      0.050030    0.001236    0.268096 ^ _237_/CLK (sky130_fd_sc_hd__dfxtp_2)
                                  0.000000    0.268096   clock reconvergence pessimism
                                 -0.027309    0.240787   library hold time
                                              0.240787   data required time
---------------------------------------------------------------------------------------------
                                              0.240787   data required time
                                             -0.789209   data arrival time
---------------------------------------------------------------------------------------------
                                              0.548422   slack (MET)


Startpoint: _236_ (rising edge-triggered flip-flop clocked by clk)
Endpoint: _236_ (rising edge-triggered flip-flop clocked by clk)
Path Group: clk
Path Type: min

Fanout         Cap        Slew       Delay        Time   Description
---------------------------------------------------------------------------------------------
                                  0.000000    0.000000   clock clk (rise edge)
                                  0.000000    0.000000   clock source latency
     1    0.015134    0.000000    0.000000    0.000000 ^ clk (in)
                                                         clk (net)
                      0.001178    0.000589    0.000589 ^ clkbuf_0_clk/A (sky130_fd_sc_hd__clkbuf_16)
     4    0.040131    0.059806    0.126378    0.126966 ^ clkbuf_0_clk/X (sky130_fd_sc_hd__clkbuf_16)
                                                         clknet_0_clk (net)
                      0.059830    0.001056    0.128023 ^ clkbuf_2_0__f_clk/A (sky130_fd_sc_hd__clkbuf_16)
     8    0.028861    0.050021    0.138837    0.266860 ^ clkbuf_2_0__f_clk/X (sky130_fd_sc_hd__clkbuf_16)
                                                         clknet_2_0__leaf_clk (net)
                      0.050023    0.000593    0.267453 ^ _236_/CLK (sky130_fd_sc_hd__dfxtp_2)
     2    0.004340    0.036138    0.312539    0.579992 ^ _236_/Q (sky130_fd_sc_hd__dfxtp_2)
                                                         tx_shift[1] (net)
                      0.036138    0.000109    0.580100 ^ _140_/A1 (sky130_fd_sc_hd__mux2_1)
     1    0.003086    0.043463    0.116392    0.696492 ^ _140_/X (sky130_fd_sc_hd__mux2_1)
                                                         _068_ (net)
                      0.043463    0.000099    0.696592 ^ _141_/B (sky130_fd_sc_hd__or2_2)
     1    0.003077    0.029995    0.093874    0.790466 ^ _141_/X (sky130_fd_sc_hd__or2_2)
                                                         _022_ (net)
                      0.029995    0.000097    0.790562 ^ _236_/D (sky130_fd_sc_hd__dfxtp_2)
                                              0.790562   data arrival time

                                  0.000000    0.000000   clock clk (rise edge)
                                  0.000000    0.000000   clock source latency
     1    0.015134    0.000000    0.000000    0.000000 ^ clk (in)
                                                         clk (net)
                      0.001178    0.000589    0.000589 ^ clkbuf_0_clk/A (sky130_fd_sc_hd__clkbuf_16)
     4    0.040131    0.059806    0.126378    0.126966 ^ clkbuf_0_clk/X (sky130_fd_sc_hd__clkbuf_16)
                                                         clknet_0_clk (net)
                      0.059830    0.001056    0.128023 ^ clkbuf_2_0__f_clk/A (sky130_fd_sc_hd__clkbuf_16)
     8    0.028861    0.050021    0.138837    0.266860 ^ clkbuf_2_0__f_clk/X (sky130_fd_sc_hd__clkbuf_16)
                                                         clknet_2_0__leaf_clk (net)
                      0.050023    0.000593    0.267453 ^ _236_/CLK (sky130_fd_sc_hd__dfxtp_2)
                                  0.000000    0.267453   clock reconvergence pessimism
                                 -0.027422    0.240030   library hold time
                                              0.240030   data required time
---------------------------------------------------------------------------------------------
                                              0.240030   data required time
                                             -0.790562   data arrival time
---------------------------------------------------------------------------------------------
                                              0.550532   slack (MET)


Startpoint: _231_ (rising edge-triggered flip-flop clocked by clk)
Endpoint: _231_ (rising edge-triggered flip-flop clocked by clk)
Path Group: clk
Path Type: min

Fanout         Cap        Slew       Delay        Time   Description
---------------------------------------------------------------------------------------------
                                  0.000000    0.000000   clock clk (rise edge)
                                  0.000000    0.000000   clock source latency
     1    0.015134    0.000000    0.000000    0.000000 ^ clk (in)
                                                         clk (net)
                      0.001178    0.000589    0.000589 ^ clkbuf_0_clk/A (sky130_fd_sc_hd__clkbuf_16)
     4    0.040131    0.059806    0.126378    0.126966 ^ clkbuf_0_clk/X (sky130_fd_sc_hd__clkbuf_16)
                                                         clknet_0_clk (net)
                      0.059832    0.001101    0.128068 ^ clkbuf_2_1__f_clk/A (sky130_fd_sc_hd__clkbuf_16)
     9    0.026502    0.047658    0.137019    0.265087 ^ clkbuf_2_1__f_clk/X (sky130_fd_sc_hd__clkbuf_16)
                                                         clknet_2_1__leaf_clk (net)
                      0.047659    0.000308    0.265395 ^ _231_/CLK (sky130_fd_sc_hd__dfxtp_2)
     3    0.010552    0.040185    0.324044    0.589439 v _231_/Q (sky130_fd_sc_hd__dfxtp_2)
                                                         baud_counter[15] (net)
                      0.040185    0.000271    0.589711 v _124_/A (sky130_fd_sc_hd__nand4_2)
     1    0.004007    0.043725    0.058470    0.648181 ^ _124_/Y (sky130_fd_sc_hd__nand4_2)
                                                         _057_ (net)
                      0.043725    0.000127    0.648308 ^ _125_/A2 (sky130_fd_sc_hd__o211a_2)
     1    0.002089    0.037169    0.150206    0.798514 ^ _125_/X (sky130_fd_sc_hd__o211a_2)
                                                         _017_ (net)
                      0.037169    0.000059    0.798573 ^ _231_/D (sky130_fd_sc_hd__dfxtp_2)
                                              0.798573   data arrival time

                                  0.000000    0.000000   clock clk (rise edge)
                                  0.000000    0.000000   clock source latency
     1    0.015134    0.000000    0.000000    0.000000 ^ clk (in)
                                                         clk (net)
                      0.001178    0.000589    0.000589 ^ clkbuf_0_clk/A (sky130_fd_sc_hd__clkbuf_16)
     4    0.040131    0.059806    0.126378    0.126966 ^ clkbuf_0_clk/X (sky130_fd_sc_hd__clkbuf_16)
                                                         clknet_0_clk (net)
                      0.059832    0.001101    0.128068 ^ clkbuf_2_1__f_clk/A (sky130_fd_sc_hd__clkbuf_16)
     9    0.026502    0.047658    0.137019    0.265087 ^ clkbuf_2_1__f_clk/X (sky130_fd_sc_hd__clkbuf_16)
                                                         clknet_2_1__leaf_clk (net)
                      0.047659    0.000308    0.265395 ^ _231_/CLK (sky130_fd_sc_hd__dfxtp_2)
                                  0.000000    0.265395   clock reconvergence pessimism
                                 -0.029218    0.236177   library hold time
                                              0.236177   data required time
---------------------------------------------------------------------------------------------
                                              0.236177   data required time
                                             -0.798573   data arrival time
---------------------------------------------------------------------------------------------
                                              0.562396   slack (MET)


Startpoint: _232_ (rising edge-triggered flip-flop clocked by clk)
Endpoint: _232_ (rising edge-triggered flip-flop clocked by clk)
Path Group: clk
Path Type: min

Fanout         Cap        Slew       Delay        Time   Description
---------------------------------------------------------------------------------------------
                                  0.000000    0.000000   clock clk (rise edge)
                                  0.000000    0.000000   clock source latency
     1    0.015134    0.000000    0.000000    0.000000 ^ clk (in)
                                                         clk (net)
                      0.001178    0.000589    0.000589 ^ clkbuf_0_clk/A (sky130_fd_sc_hd__clkbuf_16)
     4    0.040131    0.059806    0.126378    0.126966 ^ clkbuf_0_clk/X (sky130_fd_sc_hd__clkbuf_16)
                                                         clknet_0_clk (net)
                      0.059832    0.001101    0.128068 ^ clkbuf_2_1__f_clk/A (sky130_fd_sc_hd__clkbuf_16)
     9    0.026502    0.047658    0.137019    0.265087 ^ clkbuf_2_1__f_clk/X (sky130_fd_sc_hd__clkbuf_16)
                                                         clknet_2_1__leaf_clk (net)
                      0.047658    0.000187    0.265274 ^ _232_/CLK (sky130_fd_sc_hd__dfxtp_2)
     5    0.025333    0.133964    0.386178    0.651452 ^ _232_/Q (sky130_fd_sc_hd__dfxtp_2)
                                                         bit_index[0] (net)
                      0.133965    0.000660    0.652113 ^ _126_/A (sky130_fd_sc_hd__xnor2_2)
     1    0.005060    0.041002    0.087095    0.739208 v _126_/Y (sky130_fd_sc_hd__xnor2_2)
                                                         _058_ (net)
                      0.041002    0.000159    0.739367 v _127_/B (sky130_fd_sc_hd__nor2_2)
     1    0.002055    0.053147    0.061871    0.801237 ^ _127_/Y (sky130_fd_sc_hd__nor2_2)
                                                         _018_ (net)
                      0.053147    0.000057    0.801295 ^ _232_/D (sky130_fd_sc_hd__dfxtp_2)
                                              0.801295   data arrival time

                                  0.000000    0.000000   clock clk (rise edge)
                                  0.000000    0.000000   clock source latency
     1    0.015134    0.000000    0.000000    0.000000 ^ clk (in)
                                                         clk (net)
                      0.001178    0.000589    0.000589 ^ clkbuf_0_clk/A (sky130_fd_sc_hd__clkbuf_16)
     4    0.040131    0.059806    0.126378    0.126966 ^ clkbuf_0_clk/X (sky130_fd_sc_hd__clkbuf_16)
                                                         clknet_0_clk (net)
                      0.059832    0.001101    0.128068 ^ clkbuf_2_1__f_clk/A (sky130_fd_sc_hd__clkbuf_16)
     9    0.026502    0.047658    0.137019    0.265087 ^ clkbuf_2_1__f_clk/X (sky130_fd_sc_hd__clkbuf_16)
                                                         clknet_2_1__leaf_clk (net)
                      0.047658    0.000187    0.265274 ^ _232_/CLK (sky130_fd_sc_hd__dfxtp_2)
                                  0.000000    0.265274   clock reconvergence pessimism
                                 -0.032526    0.232748   library hold time
                                              0.232748   data required time
---------------------------------------------------------------------------------------------
                                              0.232748   data required time
                                             -0.801295   data arrival time
---------------------------------------------------------------------------------------------
                                              0.568547   slack (MET)


Startpoint: _224_ (rising edge-triggered flip-flop clocked by clk)
Endpoint: _224_ (rising edge-triggered flip-flop clocked by clk)
Path Group: clk
Path Type: min

Fanout         Cap        Slew       Delay        Time   Description
---------------------------------------------------------------------------------------------
                                  0.000000    0.000000   clock clk (rise edge)
                                  0.000000    0.000000   clock source latency
     1    0.015134    0.000000    0.000000    0.000000 ^ clk (in)
                                                         clk (net)
                      0.001178    0.000589    0.000589 ^ clkbuf_0_clk/A (sky130_fd_sc_hd__clkbuf_16)
     4    0.040131    0.059806    0.126378    0.126966 ^ clkbuf_0_clk/X (sky130_fd_sc_hd__clkbuf_16)
                                                         clknet_0_clk (net)
                      0.059829    0.001038    0.128004 ^ clkbuf_2_3__f_clk/A (sky130_fd_sc_hd__clkbuf_16)
     8    0.028519    0.049787    0.138793    0.266797 ^ clkbuf_2_3__f_clk/X (sky130_fd_sc_hd__clkbuf_16)
                                                         clknet_2_3__leaf_clk (net)
                      0.049787    0.000298    0.267095 ^ _224_/CLK (sky130_fd_sc_hd__dfxtp_2)
     4    0.017158    0.052690    0.338264    0.605358 v _224_/Q (sky130_fd_sc_hd__dfxtp_2)
                                                         baud_counter[8] (net)
                      0.052690    0.000435    0.605793 v _167_/A (sky130_fd_sc_hd__inv_2)
     2    0.008728    0.046559    0.062717    0.668510 ^ _167_/Y (sky130_fd_sc_hd__inv_2)
                                                         _086_ (net)
                      0.046559    0.000195    0.668705 ^ _211_/A (sky130_fd_sc_hd__nand2_2)
     1    0.003187    0.025673    0.038605    0.707310 v _211_/Y (sky130_fd_sc_hd__nand2_2)
                                                         _044_ (net)
                      0.025673    0.000097    0.707407 v _212_/B1 (sky130_fd_sc_hd__o211a_2)
     1    0.002309    0.022613    0.116555    0.823961 v _212_/X (sky130_fd_sc_hd__o211a_2)
                                                         _010_ (net)
                      0.022624    0.000068    0.824029 v _224_/D (sky130_fd_sc_hd__dfxtp_2)
                                              0.824029   data arrival time

                                  0.000000    0.000000   clock clk (rise edge)
                                  0.000000    0.000000   clock source latency
     1    0.015134    0.000000    0.000000    0.000000 ^ clk (in)
                                                         clk (net)
                      0.001178    0.000589    0.000589 ^ clkbuf_0_clk/A (sky130_fd_sc_hd__clkbuf_16)
     4    0.040131    0.059806    0.126378    0.126966 ^ clkbuf_0_clk/X (sky130_fd_sc_hd__clkbuf_16)
                                                         clknet_0_clk (net)
                      0.059829    0.001038    0.128004 ^ clkbuf_2_3__f_clk/A (sky130_fd_sc_hd__clkbuf_16)
     8    0.028519    0.049787    0.138793    0.266797 ^ clkbuf_2_3__f_clk/X (sky130_fd_sc_hd__clkbuf_16)
                                                         clknet_2_3__leaf_clk (net)
                      0.049787    0.000298    0.267095 ^ _224_/CLK (sky130_fd_sc_hd__dfxtp_2)
                                  0.000000    0.267095   clock reconvergence pessimism
                                 -0.035809    0.231285   library hold time
                                              0.231285   data required time
---------------------------------------------------------------------------------------------
                                              0.231285   data required time
                                             -0.824029   data arrival time
---------------------------------------------------------------------------------------------
                                              0.592744   slack (MET)


Startpoint: _230_ (rising edge-triggered flip-flop clocked by clk)
Endpoint: _230_ (rising edge-triggered flip-flop clocked by clk)
Path Group: clk
Path Type: min

Fanout         Cap        Slew       Delay        Time   Description
---------------------------------------------------------------------------------------------
                                  0.000000    0.000000   clock clk (rise edge)
                                  0.000000    0.000000   clock source latency
     1    0.015134    0.000000    0.000000    0.000000 ^ clk (in)
                                                         clk (net)
                      0.001178    0.000589    0.000589 ^ clkbuf_0_clk/A (sky130_fd_sc_hd__clkbuf_16)
     4    0.040131    0.059806    0.126378    0.126966 ^ clkbuf_0_clk/X (sky130_fd_sc_hd__clkbuf_16)
                                                         clknet_0_clk (net)
                      0.059832    0.001101    0.128068 ^ clkbuf_2_1__f_clk/A (sky130_fd_sc_hd__clkbuf_16)
     9    0.026502    0.047658    0.137019    0.265087 ^ clkbuf_2_1__f_clk/X (sky130_fd_sc_hd__clkbuf_16)
                                                         clknet_2_1__leaf_clk (net)
                      0.047659    0.000288    0.265375 ^ _230_/CLK (sky130_fd_sc_hd__dfxtp_2)
     5    0.019079    0.056809    0.341245    0.606620 v _230_/Q (sky130_fd_sc_hd__dfxtp_2)
                                                         baud_counter[14] (net)
                      0.056812    0.000464    0.607084 v _121_/A (sky130_fd_sc_hd__nand4_2)
     1    0.002147    0.036064    0.058572    0.665656 ^ _121_/Y (sky130_fd_sc_hd__nand4_2)
                                                         _055_ (net)
                      0.036064    0.000044    0.665700 ^ _122_/C (sky130_fd_sc_hd__and3_2)
     1    0.002706    0.041493    0.162586    0.828286 ^ _122_/X (sky130_fd_sc_hd__and3_2)
                                                         _016_ (net)
                      0.041493    0.000079    0.828364 ^ _230_/D (sky130_fd_sc_hd__dfxtp_2)
                                              0.828364   data arrival time

                                  0.000000    0.000000   clock clk (rise edge)
                                  0.000000    0.000000   clock source latency
     1    0.015134    0.000000    0.000000    0.000000 ^ clk (in)
                                                         clk (net)
                      0.001178    0.000589    0.000589 ^ clkbuf_0_clk/A (sky130_fd_sc_hd__clkbuf_16)
     4    0.040131    0.059806    0.126378    0.126966 ^ clkbuf_0_clk/X (sky130_fd_sc_hd__clkbuf_16)
                                                         clknet_0_clk (net)
                      0.059832    0.001101    0.128068 ^ clkbuf_2_1__f_clk/A (sky130_fd_sc_hd__clkbuf_16)
     9    0.026502    0.047658    0.137019    0.265087 ^ clkbuf_2_1__f_clk/X (sky130_fd_sc_hd__clkbuf_16)
                                                         clknet_2_1__leaf_clk (net)
                      0.047659    0.000288    0.265375 ^ _230_/CLK (sky130_fd_sc_hd__dfxtp_2)
                                  0.000000    0.265375   clock reconvergence pessimism
                                 -0.030113    0.235261   library hold time
                                              0.235261   data required time
---------------------------------------------------------------------------------------------
                                              0.235261   data required time
                                             -0.828364   data arrival time
---------------------------------------------------------------------------------------------
                                              0.593103   slack (MET)


Startpoint: _220_ (rising edge-triggered flip-flop clocked by clk)
Endpoint: _220_ (rising edge-triggered flip-flop clocked by clk)
Path Group: clk
Path Type: min

Fanout         Cap        Slew       Delay        Time   Description
---------------------------------------------------------------------------------------------
                                  0.000000    0.000000   clock clk (rise edge)
                                  0.000000    0.000000   clock source latency
     1    0.015134    0.000000    0.000000    0.000000 ^ clk (in)
                                                         clk (net)
                      0.001178    0.000589    0.000589 ^ clkbuf_0_clk/A (sky130_fd_sc_hd__clkbuf_16)
     4    0.040131    0.059806    0.126378    0.126966 ^ clkbuf_0_clk/X (sky130_fd_sc_hd__clkbuf_16)
                                                         clknet_0_clk (net)
                      0.059829    0.001038    0.128004 ^ clkbuf_2_3__f_clk/A (sky130_fd_sc_hd__clkbuf_16)
     8    0.028519    0.049787    0.138793    0.266797 ^ clkbuf_2_3__f_clk/X (sky130_fd_sc_hd__clkbuf_16)
                                                         clknet_2_3__leaf_clk (net)
                      0.049787    0.000375    0.267172 ^ _220_/CLK (sky130_fd_sc_hd__dfxtp_2)
     4    0.010263    0.062721    0.334540    0.601712 ^ _220_/Q (sky130_fd_sc_hd__dfxtp_2)
                                                         baud_counter[4] (net)
                      0.062721    0.000188    0.601900 ^ _201_/B1 (sky130_fd_sc_hd__a21o_2)
     1    0.001914    0.022606    0.081336    0.683236 ^ _201_/X (sky130_fd_sc_hd__a21o_2)
                                                         _038_ (net)
                      0.022606    0.000052    0.683288 ^ _202_/B (sky130_fd_sc_hd__and3b_2)
     1    0.002110    0.038976    0.151753    0.835041 ^ _202_/X (sky130_fd_sc_hd__and3b_2)
                                                         _006_ (net)
                      0.038976    0.000042    0.835083 ^ _220_/D (sky130_fd_sc_hd__dfxtp_2)
                                              0.835083   data arrival time

                                  0.000000    0.000000   clock clk (rise edge)
                                  0.000000    0.000000   clock source latency
     1    0.015134    0.000000    0.000000    0.000000 ^ clk (in)
                                                         clk (net)
                      0.001178    0.000589    0.000589 ^ clkbuf_0_clk/A (sky130_fd_sc_hd__clkbuf_16)
     4    0.040131    0.059806    0.126378    0.126966 ^ clkbuf_0_clk/X (sky130_fd_sc_hd__clkbuf_16)
                                                         clknet_0_clk (net)
                      0.059829    0.001038    0.128004 ^ clkbuf_2_3__f_clk/A (sky130_fd_sc_hd__clkbuf_16)
     8    0.028519    0.049787    0.138793    0.266797 ^ clkbuf_2_3__f_clk/X (sky130_fd_sc_hd__clkbuf_16)
                                                         clknet_2_3__leaf_clk (net)
                      0.049787    0.000375    0.267172 ^ _220_/CLK (sky130_fd_sc_hd__dfxtp_2)
                                  0.000000    0.267172   clock reconvergence pessimism
                                 -0.029312    0.237860   library hold time
                                              0.237860   data required time
---------------------------------------------------------------------------------------------
                                              0.237860   data required time
                                             -0.835083   data arrival time
---------------------------------------------------------------------------------------------
                                              0.597223   slack (MET)


Startpoint: _222_ (rising edge-triggered flip-flop clocked by clk)
Endpoint: _222_ (rising edge-triggered flip-flop clocked by clk)
Path Group: clk
Path Type: min

Fanout         Cap        Slew       Delay        Time   Description
---------------------------------------------------------------------------------------------
                                  0.000000    0.000000   clock clk (rise edge)
                                  0.000000    0.000000   clock source latency
     1    0.015134    0.000000    0.000000    0.000000 ^ clk (in)
                                                         clk (net)
                      0.001178    0.000589    0.000589 ^ clkbuf_0_clk/A (sky130_fd_sc_hd__clkbuf_16)
     4    0.040131    0.059806    0.126378    0.126966 ^ clkbuf_0_clk/X (sky130_fd_sc_hd__clkbuf_16)
                                                         clknet_0_clk (net)
                      0.059829    0.001038    0.128004 ^ clkbuf_2_3__f_clk/A (sky130_fd_sc_hd__clkbuf_16)
     8    0.028519    0.049787    0.138793    0.266797 ^ clkbuf_2_3__f_clk/X (sky130_fd_sc_hd__clkbuf_16)
                                                         clknet_2_3__leaf_clk (net)
                      0.049787    0.000318    0.267115 ^ _222_/CLK (sky130_fd_sc_hd__dfxtp_2)
     3    0.008118    0.052935    0.326511    0.593625 ^ _222_/Q (sky130_fd_sc_hd__dfxtp_2)
                                                         baud_counter[6] (net)
                      0.052935    0.000184    0.593810 ^ _205_/B1 (sky130_fd_sc_hd__a31o_2)
     1    0.002333    0.029167    0.089054    0.682863 ^ _205_/X (sky130_fd_sc_hd__a31o_2)
                                                         _040_ (net)
                      0.029172    0.000069    0.682932 ^ _207_/C (sky130_fd_sc_hd__and3b_2)
     1    0.002299    0.039953    0.162121    0.845053 ^ _207_/X (sky130_fd_sc_hd__and3b_2)
                                                         _008_ (net)
                      0.039953    0.000066    0.845120 ^ _222_/D (sky130_fd_sc_hd__dfxtp_2)
                                              0.845120   data arrival time

                                  0.000000    0.000000   clock clk (rise edge)
                                  0.000000    0.000000   clock source latency
     1    0.015134    0.000000    0.000000    0.000000 ^ clk (in)
                                                         clk (net)
                      0.001178    0.000589    0.000589 ^ clkbuf_0_clk/A (sky130_fd_sc_hd__clkbuf_16)
     4    0.040131    0.059806    0.126378    0.126966 ^ clkbuf_0_clk/X (sky130_fd_sc_hd__clkbuf_16)
                                                         clknet_0_clk (net)
                      0.059829    0.001038    0.128004 ^ clkbuf_2_3__f_clk/A (sky130_fd_sc_hd__clkbuf_16)
     8    0.028519    0.049787    0.138793    0.266797 ^ clkbuf_2_3__f_clk/X (sky130_fd_sc_hd__clkbuf_16)
                                                         clknet_2_3__leaf_clk (net)
                      0.049787    0.000318    0.267115 ^ _222_/CLK (sky130_fd_sc_hd__dfxtp_2)
                                  0.000000    0.267115   clock reconvergence pessimism
                                 -0.029514    0.237600   library hold time
                                              0.237600   data required time
---------------------------------------------------------------------------------------------
                                              0.237600   data required time
                                             -0.845120   data arrival time
---------------------------------------------------------------------------------------------
                                              0.607519   slack (MET)


Startpoint: _228_ (rising edge-triggered flip-flop clocked by clk)
Endpoint: _228_ (rising edge-triggered flip-flop clocked by clk)
Path Group: clk
Path Type: min

Fanout         Cap        Slew       Delay        Time   Description
---------------------------------------------------------------------------------------------
                                  0.000000    0.000000   clock clk (rise edge)
                                  0.000000    0.000000   clock source latency
     1    0.015134    0.000000    0.000000    0.000000 ^ clk (in)
                                                         clk (net)
                      0.001178    0.000589    0.000589 ^ clkbuf_0_clk/A (sky130_fd_sc_hd__clkbuf_16)
     4    0.040131    0.059806    0.126378    0.126966 ^ clkbuf_0_clk/X (sky130_fd_sc_hd__clkbuf_16)
                                                         clknet_0_clk (net)
                      0.059832    0.001101    0.128068 ^ clkbuf_2_1__f_clk/A (sky130_fd_sc_hd__clkbuf_16)
     9    0.026502    0.047658    0.137019    0.265087 ^ clkbuf_2_1__f_clk/X (sky130_fd_sc_hd__clkbuf_16)
                                                         clknet_2_1__leaf_clk (net)
                      0.047660    0.000366    0.265453 ^ _228_/CLK (sky130_fd_sc_hd__dfxtp_2)
     4    0.010387    0.063303    0.334169    0.599622 ^ _228_/Q (sky130_fd_sc_hd__dfxtp_2)
                                                         baud_counter[12] (net)
                      0.063303    0.000229    0.599851 ^ _114_/B1 (sky130_fd_sc_hd__a21o_2)
     1    0.002635    0.025513    0.084519    0.684371 ^ _114_/X (sky130_fd_sc_hd__a21o_2)
                                                         _050_ (net)
                      0.025513    0.000077    0.684447 ^ _116_/C (sky130_fd_sc_hd__and3b_2)
     1    0.002134    0.039209    0.160126    0.844574 ^ _116_/X (sky130_fd_sc_hd__and3b_2)
                                                         _014_ (net)
                      0.039209    0.000060    0.844634 ^ _228_/D (sky130_fd_sc_hd__dfxtp_2)
                                              0.844634   data arrival time

                                  0.000000    0.000000   clock clk (rise edge)
                                  0.000000    0.000000   clock source latency
     1    0.015134    0.000000    0.000000    0.000000 ^ clk (in)
                                                         clk (net)
                      0.001178    0.000589    0.000589 ^ clkbuf_0_clk/A (sky130_fd_sc_hd__clkbuf_16)
     4    0.040131    0.059806    0.126378    0.126966 ^ clkbuf_0_clk/X (sky130_fd_sc_hd__clkbuf_16)
                                                         clknet_0_clk (net)
                      0.059832    0.001101    0.128068 ^ clkbuf_2_1__f_clk/A (sky130_fd_sc_hd__clkbuf_16)
     9    0.026502    0.047658    0.137019    0.265087 ^ clkbuf_2_1__f_clk/X (sky130_fd_sc_hd__clkbuf_16)
                                                         clknet_2_1__leaf_clk (net)
                      0.047660    0.000366    0.265453 ^ _228_/CLK (sky130_fd_sc_hd__dfxtp_2)
                                  0.000000    0.265453   clock reconvergence pessimism
                                 -0.029640    0.235813   library hold time
                                              0.235813   data required time
---------------------------------------------------------------------------------------------
                                              0.235813   data required time
                                             -0.844634   data arrival time
---------------------------------------------------------------------------------------------
                                              0.608820   slack (MET)


Startpoint: _218_ (rising edge-triggered flip-flop clocked by clk)
Endpoint: _218_ (rising edge-triggered flip-flop clocked by clk)
Path Group: clk
Path Type: min

Fanout         Cap        Slew       Delay        Time   Description
---------------------------------------------------------------------------------------------
                                  0.000000    0.000000   clock clk (rise edge)
                                  0.000000    0.000000   clock source latency
     1    0.015134    0.000000    0.000000    0.000000 ^ clk (in)
                                                         clk (net)
                      0.001178    0.000589    0.000589 ^ clkbuf_0_clk/A (sky130_fd_sc_hd__clkbuf_16)
     4    0.040131    0.059806    0.126378    0.126966 ^ clkbuf_0_clk/X (sky130_fd_sc_hd__clkbuf_16)
                                                         clknet_0_clk (net)
                      0.059831    0.001084    0.128050 ^ clkbuf_2_2__f_clk/A (sky130_fd_sc_hd__clkbuf_16)
     9    0.026435    0.047625    0.136798    0.264849 ^ clkbuf_2_2__f_clk/X (sky130_fd_sc_hd__clkbuf_16)
                                                         clknet_2_2__leaf_clk (net)
                      0.047628    0.000429    0.265278 ^ _218_/CLK (sky130_fd_sc_hd__dfxtp_2)
     3    0.008110    0.052893    0.325714    0.590992 ^ _218_/Q (sky130_fd_sc_hd__dfxtp_2)
                                                         baud_counter[2] (net)
                      0.052893    0.000136    0.591128 ^ _195_/B1 (sky130_fd_sc_hd__a31o_2)
     1    0.002823    0.031387    0.091487    0.682614 ^ _195_/X (sky130_fd_sc_hd__a31o_2)
                                                         _034_ (net)
                      0.031387    0.000081    0.682695 ^ _197_/C (sky130_fd_sc_hd__and3b_2)
     1    0.002310    0.039980    0.162772    0.845467 ^ _197_/X (sky130_fd_sc_hd__and3b_2)
                                                         _004_ (net)
                      0.039980    0.000067    0.845534 ^ _218_/D (sky130_fd_sc_hd__dfxtp_2)
                                              0.845534   data arrival time

                                  0.000000    0.000000   clock clk (rise edge)
                                  0.000000    0.000000   clock source latency
     1    0.015134    0.000000    0.000000    0.000000 ^ clk (in)
                                                         clk (net)
                      0.001178    0.000589    0.000589 ^ clkbuf_0_clk/A (sky130_fd_sc_hd__clkbuf_16)
     4    0.040131    0.059806    0.126378    0.126966 ^ clkbuf_0_clk/X (sky130_fd_sc_hd__clkbuf_16)
                                                         clknet_0_clk (net)
                      0.059831    0.001084    0.128050 ^ clkbuf_2_2__f_clk/A (sky130_fd_sc_hd__clkbuf_16)
     9    0.026435    0.047625    0.136798    0.264849 ^ clkbuf_2_2__f_clk/X (sky130_fd_sc_hd__clkbuf_16)
                                                         clknet_2_2__leaf_clk (net)
                      0.047628    0.000429    0.265278 ^ _218_/CLK (sky130_fd_sc_hd__dfxtp_2)
                                  0.000000    0.265278   clock reconvergence pessimism
                                 -0.029804    0.235474   library hold time
                                              0.235474   data required time
---------------------------------------------------------------------------------------------
                                              0.235474   data required time
                                             -0.845534   data arrival time
---------------------------------------------------------------------------------------------
                                              0.610060   slack (MET)


Startpoint: _225_ (rising edge-triggered flip-flop clocked by clk)
Endpoint: _225_ (rising edge-triggered flip-flop clocked by clk)
Path Group: clk
Path Type: min

Fanout         Cap        Slew       Delay        Time   Description
---------------------------------------------------------------------------------------------
                                  0.000000    0.000000   clock clk (rise edge)
                                  0.000000    0.000000   clock source latency
     1    0.015134    0.000000    0.000000    0.000000 ^ clk (in)
                                                         clk (net)
                      0.001178    0.000589    0.000589 ^ clkbuf_0_clk/A (sky130_fd_sc_hd__clkbuf_16)
     4    0.040131    0.059806    0.126378    0.126966 ^ clkbuf_0_clk/X (sky130_fd_sc_hd__clkbuf_16)
                                                         clknet_0_clk (net)
                      0.059829    0.001038    0.128004 ^ clkbuf_2_3__f_clk/A (sky130_fd_sc_hd__clkbuf_16)
     8    0.028519    0.049787    0.138793    0.266797 ^ clkbuf_2_3__f_clk/X (sky130_fd_sc_hd__clkbuf_16)
                                                         clknet_2_3__leaf_clk (net)
                      0.049788    0.000410    0.267207 ^ _225_/CLK (sky130_fd_sc_hd__dfxtp_2)
     4    0.010878    0.065554    0.336792    0.603999 ^ _225_/Q (sky130_fd_sc_hd__dfxtp_2)
                                                         baud_counter[9] (net)
                      0.065554    0.000231    0.604230 ^ _213_/B1 (sky130_fd_sc_hd__a21o_2)
     1    0.002716    0.025891    0.085580    0.689810 ^ _213_/X (sky130_fd_sc_hd__a21o_2)
                                                         _045_ (net)
                      0.025891    0.000085    0.689896 ^ _108_/C (sky130_fd_sc_hd__and3b_2)
     1    0.002065    0.038940    0.159797    0.849693 ^ _108_/X (sky130_fd_sc_hd__and3b_2)
                                                         _011_ (net)
                      0.038940    0.000059    0.849752 ^ _225_/D (sky130_fd_sc_hd__dfxtp_2)
                                              0.849752   data arrival time

                                  0.000000    0.000000   clock clk (rise edge)
                                  0.000000    0.000000   clock source latency
     1    0.015134    0.000000    0.000000    0.000000 ^ clk (in)
                                                         clk (net)
                      0.001178    0.000589    0.000589 ^ clkbuf_0_clk/A (sky130_fd_sc_hd__clkbuf_16)
     4    0.040131    0.059806    0.126378    0.126966 ^ clkbuf_0_clk/X (sky130_fd_sc_hd__clkbuf_16)
                                                         clknet_0_clk (net)
                      0.059829    0.001038    0.128004 ^ clkbuf_2_3__f_clk/A (sky130_fd_sc_hd__clkbuf_16)
     8    0.028519    0.049787    0.138793    0.266797 ^ clkbuf_2_3__f_clk/X (sky130_fd_sc_hd__clkbuf_16)
                                                         clknet_2_3__leaf_clk (net)
                      0.049788    0.000410    0.267207 ^ _225_/CLK (sky130_fd_sc_hd__dfxtp_2)
                                  0.000000    0.267207   clock reconvergence pessimism
                                 -0.029305    0.237902   library hold time
                                              0.237902   data required time
---------------------------------------------------------------------------------------------
                                              0.237902   data required time
                                             -0.849752   data arrival time
---------------------------------------------------------------------------------------------
                                              0.611849   slack (MET)


Startpoint: _227_ (rising edge-triggered flip-flop clocked by clk)
Endpoint: _227_ (rising edge-triggered flip-flop clocked by clk)
Path Group: clk
Path Type: min

Fanout         Cap        Slew       Delay        Time   Description
---------------------------------------------------------------------------------------------
                                  0.000000    0.000000   clock clk (rise edge)
                                  0.000000    0.000000   clock source latency
     1    0.015134    0.000000    0.000000    0.000000 ^ clk (in)
                                                         clk (net)
                      0.001178    0.000589    0.000589 ^ clkbuf_0_clk/A (sky130_fd_sc_hd__clkbuf_16)
     4    0.040131    0.059806    0.126378    0.126966 ^ clkbuf_0_clk/X (sky130_fd_sc_hd__clkbuf_16)
                                                         clknet_0_clk (net)
                      0.059832    0.001101    0.128068 ^ clkbuf_2_1__f_clk/A (sky130_fd_sc_hd__clkbuf_16)
     9    0.026502    0.047658    0.137019    0.265087 ^ clkbuf_2_1__f_clk/X (sky130_fd_sc_hd__clkbuf_16)
                                                         clknet_2_1__leaf_clk (net)
                      0.047659    0.000296    0.265383 ^ _227_/CLK (sky130_fd_sc_hd__dfxtp_2)
    10    0.035967    0.184736    0.422787    0.688169 ^ _227_/Q (sky130_fd_sc_hd__dfxtp_2)
                                                         baud_counter[11] (net)
                      0.184737    0.000844    0.689013 ^ _113_/A1 (sky130_fd_sc_hd__o21ba_2)
     1    0.002358    0.031793    0.161619    0.850632 ^ _113_/X (sky130_fd_sc_hd__o21ba_2)
                                                         _013_ (net)
                      0.031793    0.000068    0.850700 ^ _227_/D (sky130_fd_sc_hd__dfxtp_2)
                                              0.850700   data arrival time

                                  0.000000    0.000000   clock clk (rise edge)
                                  0.000000    0.000000   clock source latency
     1    0.015134    0.000000    0.000000    0.000000 ^ clk (in)
                                                         clk (net)
                      0.001178    0.000589    0.000589 ^ clkbuf_0_clk/A (sky130_fd_sc_hd__clkbuf_16)
     4    0.040131    0.059806    0.126378    0.126966 ^ clkbuf_0_clk/X (sky130_fd_sc_hd__clkbuf_16)
                                                         clknet_0_clk (net)
                      0.059832    0.001101    0.128068 ^ clkbuf_2_1__f_clk/A (sky130_fd_sc_hd__clkbuf_16)
     9    0.026502    0.047658    0.137019    0.265087 ^ clkbuf_2_1__f_clk/X (sky130_fd_sc_hd__clkbuf_16)
                                                         clknet_2_1__leaf_clk (net)
                      0.047659    0.000296    0.265383 ^ _227_/CLK (sky130_fd_sc_hd__dfxtp_2)
                                  0.000000    0.265383   clock reconvergence pessimism
                                 -0.028105    0.237278   library hold time
                                              0.237278   data required time
---------------------------------------------------------------------------------------------
                                              0.237278   data required time
                                             -0.850700   data arrival time
---------------------------------------------------------------------------------------------
                                              0.613422   slack (MET)


Startpoint: _223_ (rising edge-triggered flip-flop clocked by clk)
Endpoint: _223_ (rising edge-triggered flip-flop clocked by clk)
Path Group: clk
Path Type: min

Fanout         Cap        Slew       Delay        Time   Description
---------------------------------------------------------------------------------------------
                                  0.000000    0.000000   clock clk (rise edge)
                                  0.000000    0.000000   clock source latency
     1    0.015134    0.000000    0.000000    0.000000 ^ clk (in)
                                                         clk (net)
                      0.001178    0.000589    0.000589 ^ clkbuf_0_clk/A (sky130_fd_sc_hd__clkbuf_16)
     4    0.040131    0.059806    0.126378    0.126966 ^ clkbuf_0_clk/X (sky130_fd_sc_hd__clkbuf_16)
                                                         clknet_0_clk (net)
                      0.059829    0.001038    0.128004 ^ clkbuf_2_3__f_clk/A (sky130_fd_sc_hd__clkbuf_16)
     8    0.028519    0.049787    0.138793    0.266797 ^ clkbuf_2_3__f_clk/X (sky130_fd_sc_hd__clkbuf_16)
                                                         clknet_2_3__leaf_clk (net)
                      0.049787    0.000287    0.267084 ^ _223_/CLK (sky130_fd_sc_hd__dfxtp_2)
     5    0.018121    0.054774    0.340152    0.607235 v _223_/Q (sky130_fd_sc_hd__dfxtp_2)
                                                         baud_counter[7] (net)
                      0.054840    0.000462    0.607697 v _209_/A (sky130_fd_sc_hd__nand2_2)
     3    0.010830    0.065758    0.080047    0.687744 ^ _209_/Y (sky130_fd_sc_hd__nand2_2)
                                                         _043_ (net)
                      0.065782    0.000284    0.688028 ^ _210_/C (sky130_fd_sc_hd__and3_2)
     1    0.002251    0.039409    0.167331    0.855359 ^ _210_/X (sky130_fd_sc_hd__and3_2)
                                                         _009_ (net)
                      0.039409    0.000045    0.855404 ^ _223_/D (sky130_fd_sc_hd__dfxtp_2)
                                              0.855404   data arrival time

                                  0.000000    0.000000   clock clk (rise edge)
                                  0.000000    0.000000   clock source latency
     1    0.015134    0.000000    0.000000    0.000000 ^ clk (in)
                                                         clk (net)
                      0.001178    0.000589    0.000589 ^ clkbuf_0_clk/A (sky130_fd_sc_hd__clkbuf_16)
     4    0.040131    0.059806    0.126378    0.126966 ^ clkbuf_0_clk/X (sky130_fd_sc_hd__clkbuf_16)
                                                         clknet_0_clk (net)
                      0.059829    0.001038    0.128004 ^ clkbuf_2_3__f_clk/A (sky130_fd_sc_hd__clkbuf_16)
     8    0.028519    0.049787    0.138793    0.266797 ^ clkbuf_2_3__f_clk/X (sky130_fd_sc_hd__clkbuf_16)
                                                         clknet_2_3__leaf_clk (net)
                      0.049787    0.000287    0.267084 ^ _223_/CLK (sky130_fd_sc_hd__dfxtp_2)
                                  0.000000    0.267084   clock reconvergence pessimism
                                 -0.029402    0.237682   library hold time
                                              0.237682   data required time
---------------------------------------------------------------------------------------------
                                              0.237682   data required time
                                             -0.855404   data arrival time
---------------------------------------------------------------------------------------------
                                              0.617722   slack (MET)


Startpoint: _235_ (rising edge-triggered flip-flop clocked by clk)
Endpoint: _235_ (rising edge-triggered flip-flop clocked by clk)
Path Group: clk
Path Type: min

Fanout         Cap        Slew       Delay        Time   Description
---------------------------------------------------------------------------------------------
                                  0.000000    0.000000   clock clk (rise edge)
                                  0.000000    0.000000   clock source latency
     1    0.015134    0.000000    0.000000    0.000000 ^ clk (in)
                                                         clk (net)
                      0.001178    0.000589    0.000589 ^ clkbuf_0_clk/A (sky130_fd_sc_hd__clkbuf_16)
     4    0.040131    0.059806    0.126378    0.126966 ^ clkbuf_0_clk/X (sky130_fd_sc_hd__clkbuf_16)
                                                         clknet_0_clk (net)
                      0.059831    0.001084    0.128050 ^ clkbuf_2_2__f_clk/A (sky130_fd_sc_hd__clkbuf_16)
     9    0.026435    0.047625    0.136798    0.264849 ^ clkbuf_2_2__f_clk/X (sky130_fd_sc_hd__clkbuf_16)
                                                         clknet_2_2__leaf_clk (net)
                      0.047633    0.000602    0.265451 ^ _235_/CLK (sky130_fd_sc_hd__dfxtp_2)
     3    0.013594    0.077670    0.345735    0.611186 ^ _235_/Q (sky130_fd_sc_hd__dfxtp_2)
                                                         bit_index[3] (net)
                      0.077670    0.000381    0.611567 ^ _136_/A (sky130_fd_sc_hd__xor2_2)
     1    0.002993    0.030576    0.065621    0.677187 v _136_/X (sky130_fd_sc_hd__xor2_2)
                                                         _065_ (net)
                      0.030576    0.000099    0.677286 v _137_/C (sky130_fd_sc_hd__and3_2)
     1    0.002007    0.031638    0.190830    0.868116 v _137_/X (sky130_fd_sc_hd__and3_2)
                                                         _021_ (net)
                      0.031638    0.000040    0.868156 v _235_/D (sky130_fd_sc_hd__dfxtp_2)
                                              0.868156   data arrival time

                                  0.000000    0.000000   clock clk (rise edge)
                                  0.000000    0.000000   clock source latency
     1    0.015134    0.000000    0.000000    0.000000 ^ clk (in)
                                                         clk (net)
                      0.001178    0.000589    0.000589 ^ clkbuf_0_clk/A (sky130_fd_sc_hd__clkbuf_16)
     4    0.040131    0.059806    0.126378    0.126966 ^ clkbuf_0_clk/X (sky130_fd_sc_hd__clkbuf_16)
                                                         clknet_0_clk (net)
                      0.059831    0.001084    0.128050 ^ clkbuf_2_2__f_clk/A (sky130_fd_sc_hd__clkbuf_16)
     9    0.026435    0.047625    0.136798    0.264849 ^ clkbuf_2_2__f_clk/X (sky130_fd_sc_hd__clkbuf_16)
                                                         clknet_2_2__leaf_clk (net)
                      0.047633    0.000602    0.265451 ^ _235_/CLK (sky130_fd_sc_hd__dfxtp_2)
                                  0.000000    0.265451   clock reconvergence pessimism
                                 -0.039985    0.225465   library hold time
                                              0.225465   data required time
---------------------------------------------------------------------------------------------
                                              0.225465   data required time
                                             -0.868156   data arrival time
---------------------------------------------------------------------------------------------
                                              0.642691   slack (MET)


Startpoint: _226_ (rising edge-triggered flip-flop clocked by clk)
Endpoint: _226_ (rising edge-triggered flip-flop clocked by clk)
Path Group: clk
Path Type: min

Fanout         Cap        Slew       Delay        Time   Description
---------------------------------------------------------------------------------------------
                                  0.000000    0.000000   clock clk (rise edge)
                                  0.000000    0.000000   clock source latency
     1    0.015134    0.000000    0.000000    0.000000 ^ clk (in)
                                                         clk (net)
                      0.001178    0.000589    0.000589 ^ clkbuf_0_clk/A (sky130_fd_sc_hd__clkbuf_16)
     4    0.040131    0.059806    0.126378    0.126966 ^ clkbuf_0_clk/X (sky130_fd_sc_hd__clkbuf_16)
                                                         clknet_0_clk (net)
                      0.059832    0.001101    0.128068 ^ clkbuf_2_1__f_clk/A (sky130_fd_sc_hd__clkbuf_16)
     9    0.026502    0.047658    0.137019    0.265087 ^ clkbuf_2_1__f_clk/X (sky130_fd_sc_hd__clkbuf_16)
                                                         clknet_2_1__leaf_clk (net)
                      0.047659    0.000303    0.265390 ^ _226_/CLK (sky130_fd_sc_hd__dfxtp_2)
     5    0.014483    0.081907    0.348849    0.614239 ^ _226_/Q (sky130_fd_sc_hd__dfxtp_2)
                                                         baud_counter[10] (net)
                      0.081907    0.000241    0.614481 ^ _109_/A (sky130_fd_sc_hd__or2_2)
     1    0.002493    0.027779    0.107791    0.722271 ^ _109_/X (sky130_fd_sc_hd__or2_2)
                                                         _047_ (net)
                      0.027779    0.000073    0.722344 ^ _111_/C (sky130_fd_sc_hd__and3b_2)
     1    0.002322    0.040030    0.161896    0.884241 ^ _111_/X (sky130_fd_sc_hd__and3b_2)
                                                         _012_ (net)
                      0.040030    0.000065    0.884306 ^ _226_/D (sky130_fd_sc_hd__dfxtp_2)
                                              0.884306   data arrival time

                                  0.000000    0.000000   clock clk (rise edge)
                                  0.000000    0.000000   clock source latency
     1    0.015134    0.000000    0.000000    0.000000 ^ clk (in)
                                                         clk (net)
                      0.001178    0.000589    0.000589 ^ clkbuf_0_clk/A (sky130_fd_sc_hd__clkbuf_16)
     4    0.040131    0.059806    0.126378    0.126966 ^ clkbuf_0_clk/X (sky130_fd_sc_hd__clkbuf_16)
                                                         clknet_0_clk (net)
                      0.059832    0.001101    0.128068 ^ clkbuf_2_1__f_clk/A (sky130_fd_sc_hd__clkbuf_16)
     9    0.026502    0.047658    0.137019    0.265087 ^ clkbuf_2_1__f_clk/X (sky130_fd_sc_hd__clkbuf_16)
                                                         clknet_2_1__leaf_clk (net)
                      0.047659    0.000303    0.265390 ^ _226_/CLK (sky130_fd_sc_hd__dfxtp_2)
                                  0.000000    0.265390   clock reconvergence pessimism
                                 -0.029810    0.235580   library hold time
                                              0.235580   data required time
---------------------------------------------------------------------------------------------
                                              0.235580   data required time
                                             -0.884306   data arrival time
---------------------------------------------------------------------------------------------
                                              0.648726   slack (MET)


Startpoint: _233_ (rising edge-triggered flip-flop clocked by clk)
Endpoint: _233_ (rising edge-triggered flip-flop clocked by clk)
Path Group: clk
Path Type: min

Fanout         Cap        Slew       Delay        Time   Description
---------------------------------------------------------------------------------------------
                                  0.000000    0.000000   clock clk (rise edge)
                                  0.000000    0.000000   clock source latency
     1    0.015134    0.000000    0.000000    0.000000 ^ clk (in)
                                                         clk (net)
                      0.001178    0.000589    0.000589 ^ clkbuf_0_clk/A (sky130_fd_sc_hd__clkbuf_16)
     4    0.040131    0.059806    0.126378    0.126966 ^ clkbuf_0_clk/X (sky130_fd_sc_hd__clkbuf_16)
                                                         clknet_0_clk (net)
                      0.059832    0.001101    0.128068 ^ clkbuf_2_1__f_clk/A (sky130_fd_sc_hd__clkbuf_16)
     9    0.026502    0.047658    0.137019    0.265087 ^ clkbuf_2_1__f_clk/X (sky130_fd_sc_hd__clkbuf_16)
                                                         clknet_2_1__leaf_clk (net)
                      0.047660    0.000317    0.265404 ^ _233_/CLK (sky130_fd_sc_hd__dfxtp_2)
     5    0.016548    0.091801    0.355856    0.621260 ^ _233_/Q (sky130_fd_sc_hd__dfxtp_2)
                                                         bit_index[1] (net)
                      0.091801    0.000430    0.621690 ^ _129_/B1 (sky130_fd_sc_hd__a31o_2)
     1    0.002448    0.030407    0.103025    0.724715 ^ _129_/X (sky130_fd_sc_hd__a31o_2)
                                                         _060_ (net)
                      0.030407    0.000068    0.724783 ^ _131_/C (sky130_fd_sc_hd__and3b_2)
     1    0.003210    0.044020    0.168111    0.892893 ^ _131_/X (sky130_fd_sc_hd__and3b_2)
                                                         _019_ (net)
                      0.044020    0.000103    0.892996 ^ _233_/D (sky130_fd_sc_hd__dfxtp_2)
                                              0.892996   data arrival time

                                  0.000000    0.000000   clock clk (rise edge)
                                  0.000000    0.000000   clock source latency
     1    0.015134    0.000000    0.000000    0.000000 ^ clk (in)
                                                         clk (net)
                      0.001178    0.000589    0.000589 ^ clkbuf_0_clk/A (sky130_fd_sc_hd__clkbuf_16)
     4    0.040131    0.059806    0.126378    0.126966 ^ clkbuf_0_clk/X (sky130_fd_sc_hd__clkbuf_16)
                                                         clknet_0_clk (net)
                      0.059832    0.001101    0.128068 ^ clkbuf_2_1__f_clk/A (sky130_fd_sc_hd__clkbuf_16)
     9    0.026502    0.047658    0.137019    0.265087 ^ clkbuf_2_1__f_clk/X (sky130_fd_sc_hd__clkbuf_16)
                                                         clknet_2_1__leaf_clk (net)
                      0.047660    0.000317    0.265404 ^ _233_/CLK (sky130_fd_sc_hd__dfxtp_2)
                                  0.000000    0.265404   clock reconvergence pessimism
                                 -0.030636    0.234768   library hold time
                                              0.234768   data required time
---------------------------------------------------------------------------------------------
                                              0.234768   data required time
                                             -0.892996   data arrival time
---------------------------------------------------------------------------------------------
                                              0.658229   slack (MET)


Startpoint: _215_ (rising edge-triggered flip-flop clocked by clk)
Endpoint: _215_ (rising edge-triggered flip-flop clocked by clk)
Path Group: clk
Path Type: min

Fanout         Cap        Slew       Delay        Time   Description
---------------------------------------------------------------------------------------------
                                  0.000000    0.000000   clock clk (rise edge)
                                  0.000000    0.000000   clock source latency
     1    0.015134    0.000000    0.000000    0.000000 ^ clk (in)
                                                         clk (net)
                      0.001178    0.000589    0.000589 ^ clkbuf_0_clk/A (sky130_fd_sc_hd__clkbuf_16)
     4    0.040131    0.059806    0.126378    0.126966 ^ clkbuf_0_clk/X (sky130_fd_sc_hd__clkbuf_16)
                                                         clknet_0_clk (net)
                      0.059831    0.001084    0.128050 ^ clkbuf_2_2__f_clk/A (sky130_fd_sc_hd__clkbuf_16)
     9    0.026435    0.047625    0.136798    0.264849 ^ clkbuf_2_2__f_clk/X (sky130_fd_sc_hd__clkbuf_16)
                                                         clknet_2_2__leaf_clk (net)
                      0.047632    0.000569    0.265417 ^ _215_/CLK (sky130_fd_sc_hd__dfxtp_2)
     9    0.038904    0.199054    0.432887    0.698304 ^ _215_/Q (sky130_fd_sc_hd__dfxtp_2)
                                                         net11 (net)
                      0.199054    0.000089    0.698394 ^ _186_/A1 (sky130_fd_sc_hd__o211a_2)
     1    0.002969    0.041998    0.200041    0.898434 ^ _186_/X (sky130_fd_sc_hd__o211a_2)
                                                         _001_ (net)
                      0.041998    0.000092    0.898526 ^ _215_/D (sky130_fd_sc_hd__dfxtp_2)
                                              0.898526   data arrival time

                                  0.000000    0.000000   clock clk (rise edge)
                                  0.000000    0.000000   clock source latency
     1    0.015134    0.000000    0.000000    0.000000 ^ clk (in)
                                                         clk (net)
                      0.001178    0.000589    0.000589 ^ clkbuf_0_clk/A (sky130_fd_sc_hd__clkbuf_16)
     4    0.040131    0.059806    0.126378    0.126966 ^ clkbuf_0_clk/X (sky130_fd_sc_hd__clkbuf_16)
                                                         clknet_0_clk (net)
                      0.059831    0.001084    0.128050 ^ clkbuf_2_2__f_clk/A (sky130_fd_sc_hd__clkbuf_16)
     9    0.026435    0.047625    0.136798    0.264849 ^ clkbuf_2_2__f_clk/X (sky130_fd_sc_hd__clkbuf_16)
                                                         clknet_2_2__leaf_clk (net)
                      0.047632    0.000569    0.265417 ^ _215_/CLK (sky130_fd_sc_hd__dfxtp_2)
                                  0.000000    0.265417   clock reconvergence pessimism
                                 -0.030221    0.235196   library hold time
                                              0.235196   data required time
---------------------------------------------------------------------------------------------
                                              0.235196   data required time
                                             -0.898526   data arrival time
---------------------------------------------------------------------------------------------
                                              0.663330   slack (MET)


Startpoint: _214_ (rising edge-triggered flip-flop clocked by clk)
Endpoint: tx (output port clocked by clk)
Path Group: clk
Path Type: min

Fanout         Cap        Slew       Delay        Time   Description
---------------------------------------------------------------------------------------------
                                  0.000000    0.000000   clock clk (rise edge)
                                  0.000000    0.000000   clock source latency
     1    0.015134    0.000000    0.000000    0.000000 ^ clk (in)
                                                         clk (net)
                      0.001178    0.000589    0.000589 ^ clkbuf_0_clk/A (sky130_fd_sc_hd__clkbuf_16)
     4    0.040131    0.059806    0.126378    0.126966 ^ clkbuf_0_clk/X (sky130_fd_sc_hd__clkbuf_16)
                                                         clknet_0_clk (net)
                      0.059830    0.001056    0.128023 ^ clkbuf_2_0__f_clk/A (sky130_fd_sc_hd__clkbuf_16)
     8    0.028861    0.050021    0.138837    0.266860 ^ clkbuf_2_0__f_clk/X (sky130_fd_sc_hd__clkbuf_16)
                                                         clknet_2_0__leaf_clk (net)
                      0.050023    0.000616    0.267476 ^ _214_/CLK (sky130_fd_sc_hd__dfxtp_2)
     2    0.007241    0.032459    0.316497    0.583972 v _214_/Q (sky130_fd_sc_hd__dfxtp_2)
                                                         net12 (net)
                      0.032459    0.000162    0.584134 v output12/A (sky130_fd_sc_hd__clkdlybuf4s25_1)
     1    0.001007    0.028458    0.222071    0.806205 v output12/X (sky130_fd_sc_hd__clkdlybuf4s25_1)
                                                         tx (net)
                      0.028458    0.000012    0.806217 v tx (out)
                                              0.806217   data arrival time

                                  0.000000    0.000000   clock clk (rise edge)
                                  0.000000    0.000000   clock network delay (propagated)
                                  0.000000    0.000000   clock reconvergence pessimism
                                 -2.000000   -2.000000   output external delay
                                             -2.000000   data required time
---------------------------------------------------------------------------------------------
                                             -2.000000   data required time
                                             -0.806217   data arrival time
---------------------------------------------------------------------------------------------
                                              2.806217   slack (MET)


Startpoint: _215_ (rising edge-triggered flip-flop clocked by clk)
Endpoint: busy (output port clocked by clk)
Path Group: clk
Path Type: min

Fanout         Cap        Slew       Delay        Time   Description
---------------------------------------------------------------------------------------------
                                  0.000000    0.000000   clock clk (rise edge)
                                  0.000000    0.000000   clock source latency
     1    0.015134    0.000000    0.000000    0.000000 ^ clk (in)
                                                         clk (net)
                      0.001178    0.000589    0.000589 ^ clkbuf_0_clk/A (sky130_fd_sc_hd__clkbuf_16)
     4    0.040131    0.059806    0.126378    0.126966 ^ clkbuf_0_clk/X (sky130_fd_sc_hd__clkbuf_16)
                                                         clknet_0_clk (net)
                      0.059831    0.001084    0.128050 ^ clkbuf_2_2__f_clk/A (sky130_fd_sc_hd__clkbuf_16)
     9    0.026435    0.047625    0.136798    0.264849 ^ clkbuf_2_2__f_clk/X (sky130_fd_sc_hd__clkbuf_16)
                                                         clknet_2_2__leaf_clk (net)
                      0.047632    0.000569    0.265417 ^ _215_/CLK (sky130_fd_sc_hd__dfxtp_2)
     9    0.036556    0.091772    0.373814    0.639231 v _215_/Q (sky130_fd_sc_hd__dfxtp_2)
                                                         net11 (net)
                      0.091778    0.000795    0.640027 v output11/A (sky130_fd_sc_hd__clkdlybuf4s25_1)
     1    0.000946    0.028051    0.247347    0.887374 v output11/X (sky130_fd_sc_hd__clkdlybuf4s25_1)
                                                         busy (net)
                      0.028051    0.000012    0.887386 v busy (out)
                                              0.887386   data arrival time

                                  0.000000    0.000000   clock clk (rise edge)
                                  0.000000    0.000000   clock network delay (propagated)
                                  0.000000    0.000000   clock reconvergence pessimism
                                 -2.000000   -2.000000   output external delay
                                             -2.000000   data required time
---------------------------------------------------------------------------------------------
                                             -2.000000   data required time
                                             -0.887386   data arrival time
---------------------------------------------------------------------------------------------
                                              2.887386   slack (MET)



%OL_END_REPORT
%OL_CREATE_REPORT max.rpt

===========================================================================
report_checks -path_delay max (Setup)
============================================================================
======================= nom_tt_025C_1v80 Corner ===================================

Startpoint: tx_start (input port clocked by clk)
Endpoint: _236_ (rising edge-triggered flip-flop clocked by clk)
Path Group: clk
Path Type: max

Fanout         Cap        Slew       Delay        Time   Description
---------------------------------------------------------------------------------------------
                                  0.000000    0.000000   clock clk (rise edge)
                                  0.000000    0.000000   clock network delay (propagated)
                                  2.000000    2.000000 ^ input external delay
     1    0.003847    0.000000    0.000000    2.000000 ^ tx_start (in)
                                                         tx_start (net)
                      0.000094    0.000047    2.000047 ^ input10/A (sky130_fd_sc_hd__clkdlybuf4s25_1)
     4    0.015454    0.163690    0.315557    2.315604 ^ input10/X (sky130_fd_sc_hd__clkdlybuf4s25_1)
                                                         net10 (net)
                      0.163690    0.000411    2.316015 ^ _169_/B (sky130_fd_sc_hd__and2_2)
     8    0.039230    0.204986    0.294650    2.610665 ^ _169_/X (sky130_fd_sc_hd__and2_2)
                                                         _088_ (net)
                      0.205003    0.002029    2.612694 ^ _139_/S (sky130_fd_sc_hd__mux2_1)
     1    0.003313    0.058190    0.346437    2.959130 v _139_/X (sky130_fd_sc_hd__mux2_1)
                                                         _067_ (net)
                      0.058190    0.000113    2.959244 v _140_/A0 (sky130_fd_sc_hd__mux2_1)
     1    0.002911    0.055671    0.281878    3.241122 v _140_/X (sky130_fd_sc_hd__mux2_1)
                                                         _068_ (net)
                      0.055671    0.000093    3.241215 v _141_/B (sky130_fd_sc_hd__or2_2)
     1    0.003084    0.054740    0.271729    3.512944 v _141_/X (sky130_fd_sc_hd__or2_2)
                                                         _022_ (net)
                      0.054740    0.000097    3.513041 v _236_/D (sky130_fd_sc_hd__dfxtp_2)
                                              3.513041   data arrival time

                                 20.000000   20.000000   clock clk (rise edge)
                                  0.000000   20.000000   clock source latency
     1    0.015134    0.000000    0.000000   20.000000 ^ clk (in)
                                                         clk (net)
                      0.001178    0.000588   20.000589 ^ clkbuf_0_clk/A (sky130_fd_sc_hd__clkbuf_16)
     4    0.040131    0.059806    0.126379   20.126966 ^ clkbuf_0_clk/X (sky130_fd_sc_hd__clkbuf_16)
                                                         clknet_0_clk (net)
                      0.059830    0.001055   20.128023 ^ clkbuf_2_0__f_clk/A (sky130_fd_sc_hd__clkbuf_16)
     8    0.028861    0.050021    0.138838   20.266861 ^ clkbuf_2_0__f_clk/X (sky130_fd_sc_hd__clkbuf_16)
                                                         clknet_2_0__leaf_clk (net)
                      0.050023    0.000592   20.267452 ^ _236_/CLK (sky130_fd_sc_hd__dfxtp_2)
                                  0.000000   20.267452   clock reconvergence pessimism
                                 -0.115962   20.151489   library setup time
                                             20.151489   data required time
---------------------------------------------------------------------------------------------
                                             20.151489   data required time
                                             -3.513041   data arrival time
---------------------------------------------------------------------------------------------
                                             16.638449   slack (MET)


Startpoint: tx_start (input port clocked by clk)
Endpoint: _238_ (rising edge-triggered flip-flop clocked by clk)
Path Group: clk
Path Type: max

Fanout         Cap        Slew       Delay        Time   Description
---------------------------------------------------------------------------------------------
                                  0.000000    0.000000   clock clk (rise edge)
                                  0.000000    0.000000   clock network delay (propagated)
                                  2.000000    2.000000 ^ input external delay
     1    0.003847    0.000000    0.000000    2.000000 ^ tx_start (in)
                                                         tx_start (net)
                      0.000094    0.000047    2.000047 ^ input10/A (sky130_fd_sc_hd__clkdlybuf4s25_1)
     4    0.015454    0.163690    0.315557    2.315604 ^ input10/X (sky130_fd_sc_hd__clkdlybuf4s25_1)
                                                         net10 (net)
                      0.163690    0.000411    2.316015 ^ _169_/B (sky130_fd_sc_hd__and2_2)
     8    0.039230    0.204986    0.294650    2.610665 ^ _169_/X (sky130_fd_sc_hd__and2_2)
                                                         _088_ (net)
                      0.205004    0.002049    2.612714 ^ _145_/S (sky130_fd_sc_hd__mux2_1)
     1    0.002676    0.054325    0.340441    2.953156 v _145_/X (sky130_fd_sc_hd__mux2_1)
                                                         _071_ (net)
                      0.054325    0.000081    2.953236 v _146_/A0 (sky130_fd_sc_hd__mux2_1)
     1    0.001466    0.048433    0.266969    3.220205 v _146_/X (sky130_fd_sc_hd__mux2_1)
                                                         _072_ (net)
                      0.048433    0.000028    3.220233 v _147_/B (sky130_fd_sc_hd__or2_2)
     1    0.004067    0.058992    0.275550    3.495783 v _147_/X (sky130_fd_sc_hd__or2_2)
                                                         _024_ (net)
                      0.058992    0.000143    3.495926 v _238_/D (sky130_fd_sc_hd__dfxtp_2)
                                              3.495926   data arrival time

                                 20.000000   20.000000   clock clk (rise edge)
                                  0.000000   20.000000   clock source latency
     1    0.015134    0.000000    0.000000   20.000000 ^ clk (in)
                                                         clk (net)
                      0.001178    0.000588   20.000589 ^ clkbuf_0_clk/A (sky130_fd_sc_hd__clkbuf_16)
     4    0.040131    0.059806    0.126379   20.126966 ^ clkbuf_0_clk/X (sky130_fd_sc_hd__clkbuf_16)
                                                         clknet_0_clk (net)
                      0.059832    0.001101   20.128069 ^ clkbuf_2_1__f_clk/A (sky130_fd_sc_hd__clkbuf_16)
     9    0.026502    0.047658    0.137019   20.265087 ^ clkbuf_2_1__f_clk/X (sky130_fd_sc_hd__clkbuf_16)
                                                         clknet_2_1__leaf_clk (net)
                      0.047661    0.000375   20.265463 ^ _238_/CLK (sky130_fd_sc_hd__dfxtp_2)
                                  0.000000   20.265463   clock reconvergence pessimism
                                 -0.118369   20.147093   library setup time
                                             20.147093   data required time
---------------------------------------------------------------------------------------------
                                             20.147093   data required time
                                             -3.495926   data arrival time
---------------------------------------------------------------------------------------------
                                             16.651169   slack (MET)


Startpoint: tx_start (input port clocked by clk)
Endpoint: _237_ (rising edge-triggered flip-flop clocked by clk)
Path Group: clk
Path Type: max

Fanout         Cap        Slew       Delay        Time   Description
---------------------------------------------------------------------------------------------
                                  0.000000    0.000000   clock clk (rise edge)
                                  0.000000    0.000000   clock network delay (propagated)
                                  2.000000    2.000000 ^ input external delay
     1    0.003847    0.000000    0.000000    2.000000 ^ tx_start (in)
                                                         tx_start (net)
                      0.000094    0.000047    2.000047 ^ input10/A (sky130_fd_sc_hd__clkdlybuf4s25_1)
     4    0.015454    0.163690    0.315557    2.315604 ^ input10/X (sky130_fd_sc_hd__clkdlybuf4s25_1)
                                                         net10 (net)
                      0.163690    0.000411    2.316015 ^ _169_/B (sky130_fd_sc_hd__and2_2)
     8    0.039230    0.204986    0.294650    2.610665 ^ _169_/X (sky130_fd_sc_hd__and2_2)
                                                         _088_ (net)
                      0.205004    0.002054    2.612719 ^ _142_/S (sky130_fd_sc_hd__mux2_1)
     1    0.002792    0.054992    0.341543    2.954262 v _142_/X (sky130_fd_sc_hd__mux2_1)
                                                         _069_ (net)
                      0.054992    0.000081    2.954343 v _143_/A0 (sky130_fd_sc_hd__mux2_1)
     1    0.002414    0.052929    0.276059    3.230402 v _143_/X (sky130_fd_sc_hd__mux2_1)
                                                         _070_ (net)
                      0.052929    0.000049    3.230451 v _144_/B (sky130_fd_sc_hd__or2_2)
     1    0.002957    0.054296    0.269888    3.500339 v _144_/X (sky130_fd_sc_hd__or2_2)
                                                         _023_ (net)
                      0.054296    0.000086    3.500425 v _237_/D (sky130_fd_sc_hd__dfxtp_2)
                                              3.500425   data arrival time

                                 20.000000   20.000000   clock clk (rise edge)
                                  0.000000   20.000000   clock source latency
     1    0.015134    0.000000    0.000000   20.000000 ^ clk (in)
                                                         clk (net)
                      0.001178    0.000588   20.000589 ^ clkbuf_0_clk/A (sky130_fd_sc_hd__clkbuf_16)
     4    0.040131    0.059806    0.126379   20.126966 ^ clkbuf_0_clk/X (sky130_fd_sc_hd__clkbuf_16)
                                                         clknet_0_clk (net)
                      0.059830    0.001055   20.128023 ^ clkbuf_2_0__f_clk/A (sky130_fd_sc_hd__clkbuf_16)
     8    0.028861    0.050021    0.138838   20.266861 ^ clkbuf_2_0__f_clk/X (sky130_fd_sc_hd__clkbuf_16)
                                                         clknet_2_0__leaf_clk (net)
                      0.050030    0.001235   20.268095 ^ _237_/CLK (sky130_fd_sc_hd__dfxtp_2)
                                  0.000000   20.268095   clock reconvergence pessimism
                                 -0.115766   20.152328   library setup time
                                             20.152328   data required time
---------------------------------------------------------------------------------------------
                                             20.152328   data required time
                                             -3.500425   data arrival time
---------------------------------------------------------------------------------------------
                                             16.651903   slack (MET)


Startpoint: tx_start (input port clocked by clk)
Endpoint: _240_ (rising edge-triggered flip-flop clocked by clk)
Path Group: clk
Path Type: max

Fanout         Cap        Slew       Delay        Time   Description
---------------------------------------------------------------------------------------------
                                  0.000000    0.000000   clock clk (rise edge)
                                  0.000000    0.000000   clock network delay (propagated)
                                  2.000000    2.000000 ^ input external delay
     1    0.003847    0.000000    0.000000    2.000000 ^ tx_start (in)
                                                         tx_start (net)
                      0.000094    0.000047    2.000047 ^ input10/A (sky130_fd_sc_hd__clkdlybuf4s25_1)
     4    0.015454    0.163690    0.315557    2.315604 ^ input10/X (sky130_fd_sc_hd__clkdlybuf4s25_1)
                                                         net10 (net)
                      0.163690    0.000411    2.316015 ^ _169_/B (sky130_fd_sc_hd__and2_2)
     8    0.039230    0.204986    0.294650    2.610665 ^ _169_/X (sky130_fd_sc_hd__and2_2)
                                                         _088_ (net)
                      0.204992    0.001411    2.612076 ^ _151_/S (sky130_fd_sc_hd__mux2_1)
     1    0.002816    0.055128    0.341757    2.953833 v _151_/X (sky130_fd_sc_hd__mux2_1)
                                                         _075_ (net)
                      0.055128    0.000089    2.953922 v _152_/A0 (sky130_fd_sc_hd__mux2_1)
     1    0.002051    0.051214    0.272714    3.226636 v _152_/X (sky130_fd_sc_hd__mux2_1)
                                                         _076_ (net)
                      0.051214    0.000060    3.226696 v _153_/B (sky130_fd_sc_hd__or2_2)
     1    0.002151    0.051462    0.264210    3.490905 v _153_/X (sky130_fd_sc_hd__or2_2)
                                                         _026_ (net)
                      0.051462    0.000062    3.490967 v _240_/D (sky130_fd_sc_hd__dfxtp_2)
                                              3.490967   data arrival time

                                 20.000000   20.000000   clock clk (rise edge)
                                  0.000000   20.000000   clock source latency
     1    0.015134    0.000000    0.000000   20.000000 ^ clk (in)
                                                         clk (net)
                      0.001178    0.000588   20.000589 ^ clkbuf_0_clk/A (sky130_fd_sc_hd__clkbuf_16)
     4    0.040131    0.059806    0.126379   20.126966 ^ clkbuf_0_clk/X (sky130_fd_sc_hd__clkbuf_16)
                                                         clknet_0_clk (net)
                      0.059830    0.001055   20.128023 ^ clkbuf_2_0__f_clk/A (sky130_fd_sc_hd__clkbuf_16)
     8    0.028861    0.050021    0.138838   20.266861 ^ clkbuf_2_0__f_clk/X (sky130_fd_sc_hd__clkbuf_16)
                                                         clknet_2_0__leaf_clk (net)
                      0.050028    0.001130   20.267990 ^ _240_/CLK (sky130_fd_sc_hd__dfxtp_2)
                                  0.000000   20.267990   clock reconvergence pessimism
                                 -0.114530   20.153460   library setup time
                                             20.153460   data required time
---------------------------------------------------------------------------------------------
                                             20.153460   data required time
                                             -3.490967   data arrival time
---------------------------------------------------------------------------------------------
                                             16.662493   slack (MET)


Startpoint: tx_start (input port clocked by clk)
Endpoint: _241_ (rising edge-triggered flip-flop clocked by clk)
Path Group: clk
Path Type: max

Fanout         Cap        Slew       Delay        Time   Description
---------------------------------------------------------------------------------------------
                                  0.000000    0.000000   clock clk (rise edge)
                                  0.000000    0.000000   clock network delay (propagated)
                                  2.000000    2.000000 ^ input external delay
     1    0.003847    0.000000    0.000000    2.000000 ^ tx_start (in)
                                                         tx_start (net)
                      0.000094    0.000047    2.000047 ^ input10/A (sky130_fd_sc_hd__clkdlybuf4s25_1)
     4    0.015454    0.163690    0.315557    2.315604 ^ input10/X (sky130_fd_sc_hd__clkdlybuf4s25_1)
                                                         net10 (net)
                      0.163690    0.000411    2.316015 ^ _169_/B (sky130_fd_sc_hd__and2_2)
     8    0.039230    0.204986    0.294650    2.610665 ^ _169_/X (sky130_fd_sc_hd__and2_2)
                                                         _088_ (net)
                      0.204991    0.001319    2.611984 ^ _154_/S (sky130_fd_sc_hd__mux2_1)
     1    0.002351    0.052641    0.337388    2.949372 v _154_/X (sky130_fd_sc_hd__mux2_1)
                                                         _077_ (net)
                      0.052641    0.000066    2.949439 v _155_/A0 (sky130_fd_sc_hd__mux2_1)
     1    0.001999    0.050969    0.271337    3.220776 v _155_/X (sky130_fd_sc_hd__mux2_1)
                                                         _078_ (net)
                      0.050969    0.000054    3.220829 v _156_/B (sky130_fd_sc_hd__or2_2)
     1    0.002397    0.052331    0.265705    3.486535 v _156_/X (sky130_fd_sc_hd__or2_2)
                                                         _027_ (net)
                      0.052331    0.000049    3.486583 v _241_/D (sky130_fd_sc_hd__dfxtp_2)
                                              3.486583   data arrival time

                                 20.000000   20.000000   clock clk (rise edge)
                                  0.000000   20.000000   clock source latency
     1    0.015134    0.000000    0.000000   20.000000 ^ clk (in)
                                                         clk (net)
                      0.001178    0.000588   20.000589 ^ clkbuf_0_clk/A (sky130_fd_sc_hd__clkbuf_16)
     4    0.040131    0.059806    0.126379   20.126966 ^ clkbuf_0_clk/X (sky130_fd_sc_hd__clkbuf_16)
                                                         clknet_0_clk (net)
                      0.059830    0.001055   20.128023 ^ clkbuf_2_0__f_clk/A (sky130_fd_sc_hd__clkbuf_16)
     8    0.028861    0.050021    0.138838   20.266861 ^ clkbuf_2_0__f_clk/X (sky130_fd_sc_hd__clkbuf_16)
                                                         clknet_2_0__leaf_clk (net)
                      0.050025    0.000904   20.267765 ^ _241_/CLK (sky130_fd_sc_hd__dfxtp_2)
                                  0.000000   20.267765   clock reconvergence pessimism
                                 -0.114910   20.152857   library setup time
                                             20.152857   data required time
---------------------------------------------------------------------------------------------
                                             20.152857   data required time
                                             -3.486583   data arrival time
---------------------------------------------------------------------------------------------
                                             16.666273   slack (MET)


Startpoint: tx_start (input port clocked by clk)
Endpoint: _239_ (rising edge-triggered flip-flop clocked by clk)
Path Group: clk
Path Type: max

Fanout         Cap        Slew       Delay        Time   Description
---------------------------------------------------------------------------------------------
                                  0.000000    0.000000   clock clk (rise edge)
                                  0.000000    0.000000   clock network delay (propagated)
                                  2.000000    2.000000 ^ input external delay
     1    0.003847    0.000000    0.000000    2.000000 ^ tx_start (in)
                                                         tx_start (net)
                      0.000094    0.000047    2.000047 ^ input10/A (sky130_fd_sc_hd__clkdlybuf4s25_1)
     4    0.015454    0.163690    0.315557    2.315604 ^ input10/X (sky130_fd_sc_hd__clkdlybuf4s25_1)
                                                         net10 (net)
                      0.163690    0.000411    2.316015 ^ _169_/B (sky130_fd_sc_hd__and2_2)
     8    0.039230    0.204986    0.294650    2.610665 ^ _169_/X (sky130_fd_sc_hd__and2_2)
                                                         _088_ (net)
                      0.205005    0.002109    2.612774 ^ _148_/S (sky130_fd_sc_hd__mux2_1)
     1    0.002584    0.053808    0.339584    2.952358 v _148_/X (sky130_fd_sc_hd__mux2_1)
                                                         _073_ (net)
                      0.053808    0.000076    2.952434 v _149_/A0 (sky130_fd_sc_hd__mux2_1)
     1    0.001716    0.049631    0.269105    3.221539 v _149_/X (sky130_fd_sc_hd__mux2_1)
                                                         _074_ (net)
                      0.049631    0.000048    3.221587 v _150_/B (sky130_fd_sc_hd__or2_2)
     1    0.002092    0.051251    0.263341    3.484928 v _150_/X (sky130_fd_sc_hd__or2_2)
                                                         _025_ (net)
                      0.051251    0.000059    3.484987 v _239_/D (sky130_fd_sc_hd__dfxtp_2)
                                              3.484987   data arrival time

                                 20.000000   20.000000   clock clk (rise edge)
                                  0.000000   20.000000   clock source latency
     1    0.015134    0.000000    0.000000   20.000000 ^ clk (in)
                                                         clk (net)
                      0.001178    0.000588   20.000589 ^ clkbuf_0_clk/A (sky130_fd_sc_hd__clkbuf_16)
     4    0.040131    0.059806    0.126379   20.126966 ^ clkbuf_0_clk/X (sky130_fd_sc_hd__clkbuf_16)
                                                         clknet_0_clk (net)
                      0.059830    0.001055   20.128023 ^ clkbuf_2_0__f_clk/A (sky130_fd_sc_hd__clkbuf_16)
     8    0.028861    0.050021    0.138838   20.266861 ^ clkbuf_2_0__f_clk/X (sky130_fd_sc_hd__clkbuf_16)
                                                         clknet_2_0__leaf_clk (net)
                      0.050029    0.001199   20.268061 ^ _239_/CLK (sky130_fd_sc_hd__dfxtp_2)
                                  0.000000   20.268061   clock reconvergence pessimism
                                 -0.114438   20.153622   library setup time
                                             20.153622   data required time
---------------------------------------------------------------------------------------------
                                             20.153622   data required time
                                             -3.484987   data arrival time
---------------------------------------------------------------------------------------------
                                             16.668634   slack (MET)


Startpoint: tx_start (input port clocked by clk)
Endpoint: _242_ (rising edge-triggered flip-flop clocked by clk)
Path Group: clk
Path Type: max

Fanout         Cap        Slew       Delay        Time   Description
---------------------------------------------------------------------------------------------
                                  0.000000    0.000000   clock clk (rise edge)
                                  0.000000    0.000000   clock network delay (propagated)
                                  2.000000    2.000000 ^ input external delay
     1    0.003847    0.000000    0.000000    2.000000 ^ tx_start (in)
                                                         tx_start (net)
                      0.000094    0.000047    2.000047 ^ input10/A (sky130_fd_sc_hd__clkdlybuf4s25_1)
     4    0.015454    0.163690    0.315557    2.315604 ^ input10/X (sky130_fd_sc_hd__clkdlybuf4s25_1)
                                                         net10 (net)
                      0.163690    0.000411    2.316015 ^ _169_/B (sky130_fd_sc_hd__and2_2)
     8    0.039230    0.204986    0.294650    2.610665 ^ _169_/X (sky130_fd_sc_hd__and2_2)
                                                         _088_ (net)
                      0.204986    0.000814    2.611479 ^ _157_/S (sky130_fd_sc_hd__mux2_1)
     1    0.002019    0.051073    0.334261    2.945740 v _157_/X (sky130_fd_sc_hd__mux2_1)
                                                         _079_ (net)
                      0.051073    0.000056    2.945796 v _158_/A0 (sky130_fd_sc_hd__mux2_1)
     1    0.002025    0.051093    0.271106    3.216902 v _158_/X (sky130_fd_sc_hd__mux2_1)
                                                         _080_ (net)
                      0.051093    0.000055    3.216956 v _159_/B (sky130_fd_sc_hd__or2_2)
     1    0.002205    0.051654    0.264523    3.481479 v _159_/X (sky130_fd_sc_hd__or2_2)
                                                         _028_ (net)
                      0.051654    0.000045    3.481524 v _242_/D (sky130_fd_sc_hd__dfxtp_2)
                                              3.481524   data arrival time

                                 20.000000   20.000000   clock clk (rise edge)
                                  0.000000   20.000000   clock source latency
     1    0.015134    0.000000    0.000000   20.000000 ^ clk (in)
                                                         clk (net)
                      0.001178    0.000588   20.000589 ^ clkbuf_0_clk/A (sky130_fd_sc_hd__clkbuf_16)
     4    0.040131    0.059806    0.126379   20.126966 ^ clkbuf_0_clk/X (sky130_fd_sc_hd__clkbuf_16)
                                                         clknet_0_clk (net)
                      0.059830    0.001055   20.128023 ^ clkbuf_2_0__f_clk/A (sky130_fd_sc_hd__clkbuf_16)
     8    0.028861    0.050021    0.138838   20.266861 ^ clkbuf_2_0__f_clk/X (sky130_fd_sc_hd__clkbuf_16)
                                                         clknet_2_0__leaf_clk (net)
                      0.050027    0.001013   20.267874 ^ _242_/CLK (sky130_fd_sc_hd__dfxtp_2)
                                  0.000000   20.267874   clock reconvergence pessimism
                                 -0.114614   20.153259   library setup time
                                             20.153259   data required time
---------------------------------------------------------------------------------------------
                                             20.153259   data required time
                                             -3.481524   data arrival time
---------------------------------------------------------------------------------------------
                                             16.671734   slack (MET)


Startpoint: tx_start (input port clocked by clk)
Endpoint: _230_ (rising edge-triggered flip-flop clocked by clk)
Path Group: clk
Path Type: max

Fanout         Cap        Slew       Delay        Time   Description
---------------------------------------------------------------------------------------------
                                  0.000000    0.000000   clock clk (rise edge)
                                  0.000000    0.000000   clock network delay (propagated)
                                  2.000000    2.000000 v input external delay
     1    0.003622    0.000000    0.000000    2.000000 v tx_start (in)
                                                         tx_start (net)
                      0.000088    0.000044    2.000044 v input10/A (sky130_fd_sc_hd__clkdlybuf4s25_1)
     4    0.014391    0.116851    0.289960    2.290004 v input10/X (sky130_fd_sc_hd__clkdlybuf4s25_1)
                                                         net10 (net)
                      0.116851    0.000383    2.290387 v _169_/B (sky130_fd_sc_hd__and2_2)
     8    0.036981    0.105646    0.299319    2.589706 v _169_/X (sky130_fd_sc_hd__and2_2)
                                                         _088_ (net)
                      0.105677    0.001740    2.591446 v _187_/B (sky130_fd_sc_hd__nor2_2)
    11    0.048346    0.521742    0.432358    3.023804 ^ _187_/Y (sky130_fd_sc_hd__nor2_2)
                                                         _104_ (net)
                      0.521757    0.002345    3.026150 ^ _122_/A (sky130_fd_sc_hd__and3_2)
     1    0.002706    0.050215    0.275986    3.302135 ^ _122_/X (sky130_fd_sc_hd__and3_2)
                                                         _016_ (net)
                      0.050215    0.000079    3.302214 ^ _230_/D (sky130_fd_sc_hd__dfxtp_2)
                                              3.302214   data arrival time

                                 20.000000   20.000000   clock clk (rise edge)
                                  0.000000   20.000000   clock source latency
     1    0.015134    0.000000    0.000000   20.000000 ^ clk (in)
                                                         clk (net)
                      0.001178    0.000588   20.000589 ^ clkbuf_0_clk/A (sky130_fd_sc_hd__clkbuf_16)
     4    0.040131    0.059806    0.126379   20.126966 ^ clkbuf_0_clk/X (sky130_fd_sc_hd__clkbuf_16)
                                                         clknet_0_clk (net)
                      0.059832    0.001101   20.128069 ^ clkbuf_2_1__f_clk/A (sky130_fd_sc_hd__clkbuf_16)
     9    0.026502    0.047658    0.137019   20.265087 ^ clkbuf_2_1__f_clk/X (sky130_fd_sc_hd__clkbuf_16)
                                                         clknet_2_1__leaf_clk (net)
                      0.047659    0.000288   20.265375 ^ _230_/CLK (sky130_fd_sc_hd__dfxtp_2)
                                  0.000000   20.265375   clock reconvergence pessimism
                                 -0.059698   20.205677   library setup time
                                             20.205677   data required time
---------------------------------------------------------------------------------------------
                                             20.205677   data required time
                                             -3.302214   data arrival time
---------------------------------------------------------------------------------------------
                                             16.903463   slack (MET)


Startpoint: tx_start (input port clocked by clk)
Endpoint: _233_ (rising edge-triggered flip-flop clocked by clk)
Path Group: clk
Path Type: max

Fanout         Cap        Slew       Delay        Time   Description
---------------------------------------------------------------------------------------------
                                  0.000000    0.000000   clock clk (rise edge)
                                  0.000000    0.000000   clock network delay (propagated)
                                  2.000000    2.000000 v input external delay
     1    0.003622    0.000000    0.000000    2.000000 v tx_start (in)
                                                         tx_start (net)
                      0.000088    0.000044    2.000044 v input10/A (sky130_fd_sc_hd__clkdlybuf4s25_1)
     4    0.014391    0.116851    0.289960    2.290004 v input10/X (sky130_fd_sc_hd__clkdlybuf4s25_1)
                                                         net10 (net)
                      0.116851    0.000383    2.290387 v _169_/B (sky130_fd_sc_hd__and2_2)
     8    0.036981    0.105646    0.299319    2.589706 v _169_/X (sky130_fd_sc_hd__and2_2)
                                                         _088_ (net)
                      0.105677    0.001740    2.591446 v _187_/B (sky130_fd_sc_hd__nor2_2)
    11    0.048346    0.521742    0.432358    3.023804 ^ _187_/Y (sky130_fd_sc_hd__nor2_2)
                                                         _104_ (net)
                      0.521750    0.001745    3.025549 ^ _131_/B (sky130_fd_sc_hd__and3b_2)
     1    0.003210    0.050242    0.272916    3.298465 ^ _131_/X (sky130_fd_sc_hd__and3b_2)
                                                         _019_ (net)
                      0.050242    0.000103    3.298568 ^ _233_/D (sky130_fd_sc_hd__dfxtp_2)
                                              3.298568   data arrival time

                                 20.000000   20.000000   clock clk (rise edge)
                                  0.000000   20.000000   clock source latency
     1    0.015134    0.000000    0.000000   20.000000 ^ clk (in)
                                                         clk (net)
                      0.001178    0.000588   20.000589 ^ clkbuf_0_clk/A (sky130_fd_sc_hd__clkbuf_16)
     4    0.040131    0.059806    0.126379   20.126966 ^ clkbuf_0_clk/X (sky130_fd_sc_hd__clkbuf_16)
                                                         clknet_0_clk (net)
                      0.059832    0.001101   20.128069 ^ clkbuf_2_1__f_clk/A (sky130_fd_sc_hd__clkbuf_16)
     9    0.026502    0.047658    0.137019   20.265087 ^ clkbuf_2_1__f_clk/X (sky130_fd_sc_hd__clkbuf_16)
                                                         clknet_2_1__leaf_clk (net)
                      0.047660    0.000316   20.265404 ^ _233_/CLK (sky130_fd_sc_hd__dfxtp_2)
                                  0.000000   20.265404   clock reconvergence pessimism
                                 -0.059704   20.205700   library setup time
                                             20.205700   data required time
---------------------------------------------------------------------------------------------
                                             20.205700   data required time
                                             -3.298568   data arrival time
---------------------------------------------------------------------------------------------
                                             16.907133   slack (MET)


Startpoint: tx_start (input port clocked by clk)
Endpoint: _226_ (rising edge-triggered flip-flop clocked by clk)
Path Group: clk
Path Type: max

Fanout         Cap        Slew       Delay        Time   Description
---------------------------------------------------------------------------------------------
                                  0.000000    0.000000   clock clk (rise edge)
                                  0.000000    0.000000   clock network delay (propagated)
                                  2.000000    2.000000 v input external delay
     1    0.003622    0.000000    0.000000    2.000000 v tx_start (in)
                                                         tx_start (net)
                      0.000088    0.000044    2.000044 v input10/A (sky130_fd_sc_hd__clkdlybuf4s25_1)
     4    0.014391    0.116851    0.289960    2.290004 v input10/X (sky130_fd_sc_hd__clkdlybuf4s25_1)
                                                         net10 (net)
                      0.116851    0.000383    2.290387 v _169_/B (sky130_fd_sc_hd__and2_2)
     8    0.036981    0.105646    0.299319    2.589706 v _169_/X (sky130_fd_sc_hd__and2_2)
                                                         _088_ (net)
                      0.105677    0.001740    2.591446 v _187_/B (sky130_fd_sc_hd__nor2_2)
    11    0.048346    0.521742    0.432358    3.023804 ^ _187_/Y (sky130_fd_sc_hd__nor2_2)
                                                         _104_ (net)
                      0.521754    0.002073    3.025877 ^ _111_/B (sky130_fd_sc_hd__and3b_2)
     1    0.002322    0.046429    0.266779    3.292656 ^ _111_/X (sky130_fd_sc_hd__and3b_2)
                                                         _012_ (net)
                      0.046429    0.000065    3.292722 ^ _226_/D (sky130_fd_sc_hd__dfxtp_2)
                                              3.292722   data arrival time

                                 20.000000   20.000000   clock clk (rise edge)
                                  0.000000   20.000000   clock source latency
     1    0.015134    0.000000    0.000000   20.000000 ^ clk (in)
                                                         clk (net)
                      0.001178    0.000588   20.000589 ^ clkbuf_0_clk/A (sky130_fd_sc_hd__clkbuf_16)
     4    0.040131    0.059806    0.126379   20.126966 ^ clkbuf_0_clk/X (sky130_fd_sc_hd__clkbuf_16)
                                                         clknet_0_clk (net)
                      0.059832    0.001101   20.128069 ^ clkbuf_2_1__f_clk/A (sky130_fd_sc_hd__clkbuf_16)
     9    0.026502    0.047658    0.137019   20.265087 ^ clkbuf_2_1__f_clk/X (sky130_fd_sc_hd__clkbuf_16)
                                                         clknet_2_1__leaf_clk (net)
                      0.047659    0.000302   20.265390 ^ _226_/CLK (sky130_fd_sc_hd__dfxtp_2)
                                  0.000000   20.265390   clock reconvergence pessimism
                                 -0.058806   20.206583   library setup time
                                             20.206583   data required time
---------------------------------------------------------------------------------------------
                                             20.206583   data required time
                                             -3.292722   data arrival time
---------------------------------------------------------------------------------------------
                                             16.913862   slack (MET)


Startpoint: tx_start (input port clocked by clk)
Endpoint: _231_ (rising edge-triggered flip-flop clocked by clk)
Path Group: clk
Path Type: max

Fanout         Cap        Slew       Delay        Time   Description
---------------------------------------------------------------------------------------------
                                  0.000000    0.000000   clock clk (rise edge)
                                  0.000000    0.000000   clock network delay (propagated)
                                  2.000000    2.000000 v input external delay
     1    0.003622    0.000000    0.000000    2.000000 v tx_start (in)
                                                         tx_start (net)
                      0.000088    0.000044    2.000044 v input10/A (sky130_fd_sc_hd__clkdlybuf4s25_1)
     4    0.014391    0.116851    0.289960    2.290004 v input10/X (sky130_fd_sc_hd__clkdlybuf4s25_1)
                                                         net10 (net)
                      0.116851    0.000383    2.290387 v _169_/B (sky130_fd_sc_hd__and2_2)
     8    0.036981    0.105646    0.299319    2.589706 v _169_/X (sky130_fd_sc_hd__and2_2)
                                                         _088_ (net)
                      0.105677    0.001740    2.591446 v _187_/B (sky130_fd_sc_hd__nor2_2)
    11    0.048346    0.521742    0.432358    3.023804 ^ _187_/Y (sky130_fd_sc_hd__nor2_2)
                                                         _104_ (net)
                      0.521758    0.002411    3.026215 ^ _125_/C1 (sky130_fd_sc_hd__o211a_2)
     1    0.002089    0.044030    0.266602    3.292817 ^ _125_/X (sky130_fd_sc_hd__o211a_2)
                                                         _017_ (net)
                      0.044030    0.000059    3.292876 ^ _231_/D (sky130_fd_sc_hd__dfxtp_2)
                                              3.292876   data arrival time

                                 20.000000   20.000000   clock clk (rise edge)
                                  0.000000   20.000000   clock source latency
     1    0.015134    0.000000    0.000000   20.000000 ^ clk (in)
                                                         clk (net)
                      0.001178    0.000588   20.000589 ^ clkbuf_0_clk/A (sky130_fd_sc_hd__clkbuf_16)
     4    0.040131    0.059806    0.126379   20.126966 ^ clkbuf_0_clk/X (sky130_fd_sc_hd__clkbuf_16)
                                                         clknet_0_clk (net)
                      0.059832    0.001101   20.128069 ^ clkbuf_2_1__f_clk/A (sky130_fd_sc_hd__clkbuf_16)
     9    0.026502    0.047658    0.137019   20.265087 ^ clkbuf_2_1__f_clk/X (sky130_fd_sc_hd__clkbuf_16)
                                                         clknet_2_1__leaf_clk (net)
                      0.047659    0.000307   20.265396 ^ _231_/CLK (sky130_fd_sc_hd__dfxtp_2)
                                  0.000000   20.265396   clock reconvergence pessimism
                                 -0.058241   20.207153   library setup time
                                             20.207153   data required time
---------------------------------------------------------------------------------------------
                                             20.207153   data required time
                                             -3.292876   data arrival time
---------------------------------------------------------------------------------------------
                                             16.914276   slack (MET)


Startpoint: tx_start (input port clocked by clk)
Endpoint: _218_ (rising edge-triggered flip-flop clocked by clk)
Path Group: clk
Path Type: max

Fanout         Cap        Slew       Delay        Time   Description
---------------------------------------------------------------------------------------------
                                  0.000000    0.000000   clock clk (rise edge)
                                  0.000000    0.000000   clock network delay (propagated)
                                  2.000000    2.000000 v input external delay
     1    0.003622    0.000000    0.000000    2.000000 v tx_start (in)
                                                         tx_start (net)
                      0.000088    0.000044    2.000044 v input10/A (sky130_fd_sc_hd__clkdlybuf4s25_1)
     4    0.014391    0.116851    0.289960    2.290004 v input10/X (sky130_fd_sc_hd__clkdlybuf4s25_1)
                                                         net10 (net)
                      0.116851    0.000383    2.290387 v _169_/B (sky130_fd_sc_hd__and2_2)
     8    0.036981    0.105646    0.299319    2.589706 v _169_/X (sky130_fd_sc_hd__and2_2)
                                                         _088_ (net)
                      0.105677    0.001740    2.591446 v _187_/B (sky130_fd_sc_hd__nor2_2)
    11    0.048346    0.521742    0.432358    3.023804 ^ _187_/Y (sky130_fd_sc_hd__nor2_2)
                                                         _104_ (net)
                      0.521748    0.001497    3.025301 ^ _197_/B (sky130_fd_sc_hd__and3b_2)
     1    0.002310    0.046377    0.266693    3.291994 ^ _197_/X (sky130_fd_sc_hd__and3b_2)
                                                         _004_ (net)
                      0.046377    0.000067    3.292061 ^ _218_/D (sky130_fd_sc_hd__dfxtp_2)
                                              3.292061   data arrival time

                                 20.000000   20.000000   clock clk (rise edge)
                                  0.000000   20.000000   clock source latency
     1    0.015134    0.000000    0.000000   20.000000 ^ clk (in)
                                                         clk (net)
                      0.001178    0.000588   20.000589 ^ clkbuf_0_clk/A (sky130_fd_sc_hd__clkbuf_16)
     4    0.040131    0.059806    0.126379   20.126966 ^ clkbuf_0_clk/X (sky130_fd_sc_hd__clkbuf_16)
                                                         clknet_0_clk (net)
                      0.059831    0.001084   20.128052 ^ clkbuf_2_2__f_clk/A (sky130_fd_sc_hd__clkbuf_16)
     9    0.026435    0.047625    0.136799   20.264851 ^ clkbuf_2_2__f_clk/X (sky130_fd_sc_hd__clkbuf_16)
                                                         clknet_2_2__leaf_clk (net)
                      0.047628    0.000428   20.265278 ^ _218_/CLK (sky130_fd_sc_hd__dfxtp_2)
                                  0.000000   20.265278   clock reconvergence pessimism
                                 -0.058798   20.206480   library setup time
                                             20.206480   data required time
---------------------------------------------------------------------------------------------
                                             20.206480   data required time
                                             -3.292061   data arrival time
---------------------------------------------------------------------------------------------
                                             16.914421   slack (MET)


Startpoint: tx_start (input port clocked by clk)
Endpoint: _228_ (rising edge-triggered flip-flop clocked by clk)
Path Group: clk
Path Type: max

Fanout         Cap        Slew       Delay        Time   Description
---------------------------------------------------------------------------------------------
                                  0.000000    0.000000   clock clk (rise edge)
                                  0.000000    0.000000   clock network delay (propagated)
                                  2.000000    2.000000 v input external delay
     1    0.003622    0.000000    0.000000    2.000000 v tx_start (in)
                                                         tx_start (net)
                      0.000088    0.000044    2.000044 v input10/A (sky130_fd_sc_hd__clkdlybuf4s25_1)
     4    0.014391    0.116851    0.289960    2.290004 v input10/X (sky130_fd_sc_hd__clkdlybuf4s25_1)
                                                         net10 (net)
                      0.116851    0.000383    2.290387 v _169_/B (sky130_fd_sc_hd__and2_2)
     8    0.036981    0.105646    0.299319    2.589706 v _169_/X (sky130_fd_sc_hd__and2_2)
                                                         _088_ (net)
                      0.105677    0.001740    2.591446 v _187_/B (sky130_fd_sc_hd__nor2_2)
    11    0.048346    0.521742    0.432358    3.023804 ^ _187_/Y (sky130_fd_sc_hd__nor2_2)
                                                         _104_ (net)
                      0.521758    0.002423    3.026227 ^ _116_/B (sky130_fd_sc_hd__and3b_2)
     1    0.002134    0.045619    0.265478    3.291705 ^ _116_/X (sky130_fd_sc_hd__and3b_2)
                                                         _014_ (net)
                      0.045619    0.000060    3.291765 ^ _228_/D (sky130_fd_sc_hd__dfxtp_2)
                                              3.291765   data arrival time

                                 20.000000   20.000000   clock clk (rise edge)
                                  0.000000   20.000000   clock source latency
     1    0.015134    0.000000    0.000000   20.000000 ^ clk (in)
                                                         clk (net)
                      0.001178    0.000588   20.000589 ^ clkbuf_0_clk/A (sky130_fd_sc_hd__clkbuf_16)
     4    0.040131    0.059806    0.126379   20.126966 ^ clkbuf_0_clk/X (sky130_fd_sc_hd__clkbuf_16)
                                                         clknet_0_clk (net)
                      0.059832    0.001101   20.128069 ^ clkbuf_2_1__f_clk/A (sky130_fd_sc_hd__clkbuf_16)
     9    0.026502    0.047658    0.137019   20.265087 ^ clkbuf_2_1__f_clk/X (sky130_fd_sc_hd__clkbuf_16)
                                                         clknet_2_1__leaf_clk (net)
                      0.047660    0.000366   20.265453 ^ _228_/CLK (sky130_fd_sc_hd__dfxtp_2)
                                  0.000000   20.265453   clock reconvergence pessimism
                                 -0.058615   20.206839   library setup time
                                             20.206839   data required time
---------------------------------------------------------------------------------------------
                                             20.206839   data required time
                                             -3.291765   data arrival time
---------------------------------------------------------------------------------------------
                                             16.915073   slack (MET)


Startpoint: tx_start (input port clocked by clk)
Endpoint: _222_ (rising edge-triggered flip-flop clocked by clk)
Path Group: clk
Path Type: max

Fanout         Cap        Slew       Delay        Time   Description
---------------------------------------------------------------------------------------------
                                  0.000000    0.000000   clock clk (rise edge)
                                  0.000000    0.000000   clock network delay (propagated)
                                  2.000000    2.000000 v input external delay
     1    0.003622    0.000000    0.000000    2.000000 v tx_start (in)
                                                         tx_start (net)
                      0.000088    0.000044    2.000044 v input10/A (sky130_fd_sc_hd__clkdlybuf4s25_1)
     4    0.014391    0.116851    0.289960    2.290004 v input10/X (sky130_fd_sc_hd__clkdlybuf4s25_1)
                                                         net10 (net)
                      0.116851    0.000383    2.290387 v _169_/B (sky130_fd_sc_hd__and2_2)
     8    0.036981    0.105646    0.299319    2.589706 v _169_/X (sky130_fd_sc_hd__and2_2)
                                                         _088_ (net)
                      0.105677    0.001740    2.591446 v _187_/B (sky130_fd_sc_hd__nor2_2)
    11    0.048346    0.521742    0.432358    3.023804 ^ _187_/Y (sky130_fd_sc_hd__nor2_2)
                                                         _104_ (net)
                      0.521756    0.002258    3.026062 ^ _207_/B (sky130_fd_sc_hd__and3b_2)
     1    0.002299    0.046332    0.266622    3.292683 ^ _207_/X (sky130_fd_sc_hd__and3b_2)
                                                         _008_ (net)
                      0.046332    0.000066    3.292749 ^ _222_/D (sky130_fd_sc_hd__dfxtp_2)
                                              3.292749   data arrival time

                                 20.000000   20.000000   clock clk (rise edge)
                                  0.000000   20.000000   clock source latency
     1    0.015134    0.000000    0.000000   20.000000 ^ clk (in)
                                                         clk (net)
                      0.001178    0.000588   20.000589 ^ clkbuf_0_clk/A (sky130_fd_sc_hd__clkbuf_16)
     4    0.040131    0.059806    0.126379   20.126966 ^ clkbuf_0_clk/X (sky130_fd_sc_hd__clkbuf_16)
                                                         clknet_0_clk (net)
                      0.059829    0.001037   20.128004 ^ clkbuf_2_3__f_clk/A (sky130_fd_sc_hd__clkbuf_16)
     8    0.028519    0.049787    0.138792   20.266796 ^ clkbuf_2_3__f_clk/X (sky130_fd_sc_hd__clkbuf_16)
                                                         clknet_2_3__leaf_clk (net)
                      0.049787    0.000318   20.267115 ^ _222_/CLK (sky130_fd_sc_hd__dfxtp_2)
                                  0.000000   20.267115   clock reconvergence pessimism
                                 -0.058468   20.208647   library setup time
                                             20.208647   data required time
---------------------------------------------------------------------------------------------
                                             20.208647   data required time
                                             -3.292749   data arrival time
---------------------------------------------------------------------------------------------
                                             16.915897   slack (MET)


Startpoint: tx_start (input port clocked by clk)
Endpoint: _235_ (rising edge-triggered flip-flop clocked by clk)
Path Group: clk
Path Type: max

Fanout         Cap        Slew       Delay        Time   Description
---------------------------------------------------------------------------------------------
                                  0.000000    0.000000   clock clk (rise edge)
                                  0.000000    0.000000   clock network delay (propagated)
                                  2.000000    2.000000 v input external delay
     1    0.003622    0.000000    0.000000    2.000000 v tx_start (in)
                                                         tx_start (net)
                      0.000088    0.000044    2.000044 v input10/A (sky130_fd_sc_hd__clkdlybuf4s25_1)
     4    0.014391    0.116851    0.289960    2.290004 v input10/X (sky130_fd_sc_hd__clkdlybuf4s25_1)
                                                         net10 (net)
                      0.116851    0.000383    2.290387 v _169_/B (sky130_fd_sc_hd__and2_2)
     8    0.036981    0.105646    0.299319    2.589706 v _169_/X (sky130_fd_sc_hd__and2_2)
                                                         _088_ (net)
                      0.105677    0.001740    2.591446 v _187_/B (sky130_fd_sc_hd__nor2_2)
    11    0.048346    0.521742    0.432358    3.023804 ^ _187_/Y (sky130_fd_sc_hd__nor2_2)
                                                         _104_ (net)
                      0.521747    0.001353    3.025157 ^ _137_/B (sky130_fd_sc_hd__and3_2)
     1    0.002000    0.045040    0.264135    3.289293 ^ _137_/X (sky130_fd_sc_hd__and3_2)
                                                         _021_ (net)
                      0.045040    0.000040    3.289332 ^ _235_/D (sky130_fd_sc_hd__dfxtp_2)
                                              3.289332   data arrival time

                                 20.000000   20.000000   clock clk (rise edge)
                                  0.000000   20.000000   clock source latency
     1    0.015134    0.000000    0.000000   20.000000 ^ clk (in)
                                                         clk (net)
                      0.001178    0.000588   20.000589 ^ clkbuf_0_clk/A (sky130_fd_sc_hd__clkbuf_16)
     4    0.040131    0.059806    0.126379   20.126966 ^ clkbuf_0_clk/X (sky130_fd_sc_hd__clkbuf_16)
                                                         clknet_0_clk (net)
                      0.059831    0.001084   20.128052 ^ clkbuf_2_2__f_clk/A (sky130_fd_sc_hd__clkbuf_16)
     9    0.026435    0.047625    0.136799   20.264851 ^ clkbuf_2_2__f_clk/X (sky130_fd_sc_hd__clkbuf_16)
                                                         clknet_2_2__leaf_clk (net)
                      0.047633    0.000600   20.265450 ^ _235_/CLK (sky130_fd_sc_hd__dfxtp_2)
                                  0.000000   20.265450   clock reconvergence pessimism
                                 -0.058482   20.206966   library setup time
                                             20.206966   data required time
---------------------------------------------------------------------------------------------
                                             20.206966   data required time
                                             -3.289332   data arrival time
---------------------------------------------------------------------------------------------
                                             16.917635   slack (MET)


Startpoint: tx_start (input port clocked by clk)
Endpoint: _225_ (rising edge-triggered flip-flop clocked by clk)
Path Group: clk
Path Type: max

Fanout         Cap        Slew       Delay        Time   Description
---------------------------------------------------------------------------------------------
                                  0.000000    0.000000   clock clk (rise edge)
                                  0.000000    0.000000   clock network delay (propagated)
                                  2.000000    2.000000 v input external delay
     1    0.003622    0.000000    0.000000    2.000000 v tx_start (in)
                                                         tx_start (net)
                      0.000088    0.000044    2.000044 v input10/A (sky130_fd_sc_hd__clkdlybuf4s25_1)
     4    0.014391    0.116851    0.289960    2.290004 v input10/X (sky130_fd_sc_hd__clkdlybuf4s25_1)
                                                         net10 (net)
                      0.116851    0.000383    2.290387 v _169_/B (sky130_fd_sc_hd__and2_2)
     8    0.036981    0.105646    0.299319    2.589706 v _169_/X (sky130_fd_sc_hd__and2_2)
                                                         _088_ (net)
                      0.105677    0.001740    2.591446 v _187_/B (sky130_fd_sc_hd__nor2_2)
    11    0.048346    0.521742    0.432358    3.023804 ^ _187_/Y (sky130_fd_sc_hd__nor2_2)
                                                         _104_ (net)
                      0.521755    0.002177    3.025981 ^ _108_/B (sky130_fd_sc_hd__and3b_2)
     1    0.002065    0.045322    0.265001    3.290982 ^ _108_/X (sky130_fd_sc_hd__and3b_2)
                                                         _011_ (net)
                      0.045322    0.000059    3.291041 ^ _225_/D (sky130_fd_sc_hd__dfxtp_2)
                                              3.291041   data arrival time

                                 20.000000   20.000000   clock clk (rise edge)
                                  0.000000   20.000000   clock source latency
     1    0.015134    0.000000    0.000000   20.000000 ^ clk (in)
                                                         clk (net)
                      0.001178    0.000588   20.000589 ^ clkbuf_0_clk/A (sky130_fd_sc_hd__clkbuf_16)
     4    0.040131    0.059806    0.126379   20.126966 ^ clkbuf_0_clk/X (sky130_fd_sc_hd__clkbuf_16)
                                                         clknet_0_clk (net)
                      0.059829    0.001037   20.128004 ^ clkbuf_2_3__f_clk/A (sky130_fd_sc_hd__clkbuf_16)
     8    0.028519    0.049787    0.138792   20.266796 ^ clkbuf_2_3__f_clk/X (sky130_fd_sc_hd__clkbuf_16)
                                                         clknet_2_3__leaf_clk (net)
                      0.049788    0.000410   20.267208 ^ _225_/CLK (sky130_fd_sc_hd__dfxtp_2)
                                  0.000000   20.267208   clock reconvergence pessimism
                                 -0.058230   20.208977   library setup time
                                             20.208977   data required time
---------------------------------------------------------------------------------------------
                                             20.208977   data required time
                                             -3.291041   data arrival time
---------------------------------------------------------------------------------------------
                                             16.917936   slack (MET)


Startpoint: tx_start (input port clocked by clk)
Endpoint: _216_ (rising edge-triggered flip-flop clocked by clk)
Path Group: clk
Path Type: max

Fanout         Cap        Slew       Delay        Time   Description
---------------------------------------------------------------------------------------------
                                  0.000000    0.000000   clock clk (rise edge)
                                  0.000000    0.000000   clock network delay (propagated)
                                  2.000000    2.000000 v input external delay
     1    0.003622    0.000000    0.000000    2.000000 v tx_start (in)
                                                         tx_start (net)
                      0.000088    0.000044    2.000044 v input10/A (sky130_fd_sc_hd__clkdlybuf4s25_1)
     4    0.014391    0.116851    0.289960    2.290004 v input10/X (sky130_fd_sc_hd__clkdlybuf4s25_1)
                                                         net10 (net)
                      0.116851    0.000383    2.290387 v _169_/B (sky130_fd_sc_hd__and2_2)
     8    0.036981    0.105646    0.299319    2.589706 v _169_/X (sky130_fd_sc_hd__and2_2)
                                                         _088_ (net)
                      0.105677    0.001740    2.591446 v _187_/B (sky130_fd_sc_hd__nor2_2)
    11    0.048346    0.521742    0.432358    3.023804 ^ _187_/Y (sky130_fd_sc_hd__nor2_2)
                                                         _104_ (net)
                      0.521748    0.001547    3.025351 ^ _189_/B1 (sky130_fd_sc_hd__o21ai_2)
     1    0.006112    0.107398    0.120414    3.145764 v _189_/Y (sky130_fd_sc_hd__o21ai_2)
                                                         _106_ (net)
                      0.107398    0.000224    3.145988 v _190_/B1 (sky130_fd_sc_hd__a21oi_2)
     1    0.002523    0.078635    0.114337    3.260325 ^ _190_/Y (sky130_fd_sc_hd__a21oi_2)
                                                         _002_ (net)
                      0.078635    0.000075    3.260400 ^ _216_/D (sky130_fd_sc_hd__dfxtp_2)
                                              3.260400   data arrival time

                                 20.000000   20.000000   clock clk (rise edge)
                                  0.000000   20.000000   clock source latency
     1    0.015134    0.000000    0.000000   20.000000 ^ clk (in)
                                                         clk (net)
                      0.001178    0.000588   20.000589 ^ clkbuf_0_clk/A (sky130_fd_sc_hd__clkbuf_16)
     4    0.040131    0.059806    0.126379   20.126966 ^ clkbuf_0_clk/X (sky130_fd_sc_hd__clkbuf_16)
                                                         clknet_0_clk (net)
                      0.059831    0.001084   20.128052 ^ clkbuf_2_2__f_clk/A (sky130_fd_sc_hd__clkbuf_16)
     9    0.026435    0.047625    0.136799   20.264851 ^ clkbuf_2_2__f_clk/X (sky130_fd_sc_hd__clkbuf_16)
                                                         clknet_2_2__leaf_clk (net)
                      0.047640    0.000789   20.265638 ^ _216_/CLK (sky130_fd_sc_hd__dfxtp_2)
                                  0.000000   20.265638   clock reconvergence pessimism
                                 -0.066396   20.199242   library setup time
                                             20.199242   data required time
---------------------------------------------------------------------------------------------
                                             20.199242   data required time
                                             -3.260400   data arrival time
---------------------------------------------------------------------------------------------
                                             16.938843   slack (MET)


Startpoint: tx_start (input port clocked by clk)
Endpoint: _219_ (rising edge-triggered flip-flop clocked by clk)
Path Group: clk
Path Type: max

Fanout         Cap        Slew       Delay        Time   Description
---------------------------------------------------------------------------------------------
                                  0.000000    0.000000   clock clk (rise edge)
                                  0.000000    0.000000   clock network delay (propagated)
                                  2.000000    2.000000 v input external delay
     1    0.003622    0.000000    0.000000    2.000000 v tx_start (in)
                                                         tx_start (net)
                      0.000088    0.000044    2.000044 v input10/A (sky130_fd_sc_hd__clkdlybuf4s25_1)
     4    0.014391    0.116851    0.289960    2.290004 v input10/X (sky130_fd_sc_hd__clkdlybuf4s25_1)
                                                         net10 (net)
                      0.116851    0.000383    2.290387 v _169_/B (sky130_fd_sc_hd__and2_2)
     8    0.036981    0.105646    0.299319    2.589706 v _169_/X (sky130_fd_sc_hd__and2_2)
                                                         _088_ (net)
                      0.105677    0.001740    2.591446 v _187_/B (sky130_fd_sc_hd__nor2_2)
    11    0.048346    0.521742    0.432358    3.023804 ^ _187_/Y (sky130_fd_sc_hd__nor2_2)
                                                         _104_ (net)
                      0.521749    0.001572    3.025376 ^ _198_/B1 (sky130_fd_sc_hd__o21ai_2)
     1    0.005057    0.102382    0.112836    3.138212 v _198_/Y (sky130_fd_sc_hd__o21ai_2)
                                                         _036_ (net)
                      0.102382    0.000162    3.138374 v _199_/B1 (sky130_fd_sc_hd__a21oi_2)
     1    0.002109    0.074567    0.109044    3.247418 ^ _199_/Y (sky130_fd_sc_hd__a21oi_2)
                                                         _005_ (net)
                      0.074567    0.000060    3.247478 ^ _219_/D (sky130_fd_sc_hd__dfxtp_2)
                                              3.247478   data arrival time

                                 20.000000   20.000000   clock clk (rise edge)
                                  0.000000   20.000000   clock source latency
     1    0.015134    0.000000    0.000000   20.000000 ^ clk (in)
                                                         clk (net)
                      0.001178    0.000588   20.000589 ^ clkbuf_0_clk/A (sky130_fd_sc_hd__clkbuf_16)
     4    0.040131    0.059806    0.126379   20.126966 ^ clkbuf_0_clk/X (sky130_fd_sc_hd__clkbuf_16)
                                                         clknet_0_clk (net)
                      0.059831    0.001084   20.128052 ^ clkbuf_2_2__f_clk/A (sky130_fd_sc_hd__clkbuf_16)
     9    0.026435    0.047625    0.136799   20.264851 ^ clkbuf_2_2__f_clk/X (sky130_fd_sc_hd__clkbuf_16)
                                                         clknet_2_2__leaf_clk (net)
                      0.047628    0.000457   20.265306 ^ _219_/CLK (sky130_fd_sc_hd__dfxtp_2)
                                  0.000000   20.265306   clock reconvergence pessimism
                                 -0.065440   20.199867   library setup time
                                             20.199867   data required time
---------------------------------------------------------------------------------------------
                                             20.199867   data required time
                                             -3.247478   data arrival time
---------------------------------------------------------------------------------------------
                                             16.952389   slack (MET)


Startpoint: _215_ (rising edge-triggered flip-flop clocked by clk)
Endpoint: busy (output port clocked by clk)
Path Group: clk
Path Type: max

Fanout         Cap        Slew       Delay        Time   Description
---------------------------------------------------------------------------------------------
                                  0.000000    0.000000   clock clk (rise edge)
                                  0.000000    0.000000   clock source latency
     1    0.015134    0.000000    0.000000    0.000000 ^ clk (in)
                                                         clk (net)
                      0.001178    0.000589    0.000589 ^ clkbuf_0_clk/A (sky130_fd_sc_hd__clkbuf_16)
     4    0.040131    0.059806    0.126378    0.126966 ^ clkbuf_0_clk/X (sky130_fd_sc_hd__clkbuf_16)
                                                         clknet_0_clk (net)
                      0.059831    0.001084    0.128050 ^ clkbuf_2_2__f_clk/A (sky130_fd_sc_hd__clkbuf_16)
     9    0.026435    0.047625    0.136798    0.264849 ^ clkbuf_2_2__f_clk/X (sky130_fd_sc_hd__clkbuf_16)
                                                         clknet_2_2__leaf_clk (net)
                      0.047632    0.000569    0.265417 ^ _215_/CLK (sky130_fd_sc_hd__dfxtp_2)
     9    0.038904    0.199054    0.432887    0.698304 ^ _215_/Q (sky130_fd_sc_hd__dfxtp_2)
                                                         net11 (net)
                      0.199055    0.000848    0.699152 ^ output11/A (sky130_fd_sc_hd__clkdlybuf4s25_1)
     1    0.000946    0.028055    0.273825    0.972978 ^ output11/X (sky130_fd_sc_hd__clkdlybuf4s25_1)
                                                         busy (net)
                      0.028055    0.000012    0.972990 ^ busy (out)
                                              0.972990   data arrival time

                                 20.000000   20.000000   clock clk (rise edge)
                                  0.000000   20.000000   clock network delay (propagated)
                                  0.000000   20.000000   clock reconvergence pessimism
                                 -2.000000   18.000000   output external delay
                                             18.000000   data required time
---------------------------------------------------------------------------------------------
                                             18.000000   data required time
                                             -0.972990   data arrival time
---------------------------------------------------------------------------------------------
                                             17.027010   slack (MET)


Startpoint: tx_start (input port clocked by clk)
Endpoint: _243_ (rising edge-triggered flip-flop clocked by clk)
Path Group: clk
Path Type: max

Fanout         Cap        Slew       Delay        Time   Description
---------------------------------------------------------------------------------------------
                                  0.000000    0.000000   clock clk (rise edge)
                                  0.000000    0.000000   clock network delay (propagated)
                                  2.000000    2.000000 ^ input external delay
     1    0.003847    0.000000    0.000000    2.000000 ^ tx_start (in)
                                                         tx_start (net)
                      0.000094    0.000047    2.000047 ^ input10/A (sky130_fd_sc_hd__clkdlybuf4s25_1)
     4    0.015454    0.163690    0.315557    2.315604 ^ input10/X (sky130_fd_sc_hd__clkdlybuf4s25_1)
                                                         net10 (net)
                      0.163690    0.000402    2.316006 ^ _170_/B (sky130_fd_sc_hd__nand2_2)
     3    0.010797    0.066938    0.095405    2.411411 v _170_/Y (sky130_fd_sc_hd__nand2_2)
                                                         _089_ (net)
                      0.066938    0.000206    2.411618 v _138_/B1 (sky130_fd_sc_hd__o31a_2)
     8    0.038104    0.125926    0.194918    2.606536 v _138_/X (sky130_fd_sc_hd__o31a_2)
                                                         _066_ (net)
                      0.125926    0.000639    2.607175 v _161_/B1 (sky130_fd_sc_hd__a32o_2)
     1    0.002318    0.038041    0.240842    2.848017 v _161_/X (sky130_fd_sc_hd__a32o_2)
                                                         _082_ (net)
                      0.038041    0.000064    2.848081 v _162_/B (sky130_fd_sc_hd__or2_2)
     1    0.002295    0.052005    0.261035    3.109116 v _162_/X (sky130_fd_sc_hd__or2_2)
                                                         _029_ (net)
                      0.052005    0.000046    3.109161 v _243_/D (sky130_fd_sc_hd__dfxtp_2)
                                              3.109161   data arrival time

                                 20.000000   20.000000   clock clk (rise edge)
                                  0.000000   20.000000   clock source latency
     1    0.015134    0.000000    0.000000   20.000000 ^ clk (in)
                                                         clk (net)
                      0.001178    0.000588   20.000589 ^ clkbuf_0_clk/A (sky130_fd_sc_hd__clkbuf_16)
     4    0.040131    0.059806    0.126379   20.126966 ^ clkbuf_0_clk/X (sky130_fd_sc_hd__clkbuf_16)
                                                         clknet_0_clk (net)
                      0.059831    0.001084   20.128052 ^ clkbuf_2_2__f_clk/A (sky130_fd_sc_hd__clkbuf_16)
     9    0.026435    0.047625    0.136799   20.264851 ^ clkbuf_2_2__f_clk/X (sky130_fd_sc_hd__clkbuf_16)
                                                         clknet_2_2__leaf_clk (net)
                      0.047640    0.000782   20.265631 ^ _243_/CLK (sky130_fd_sc_hd__dfxtp_2)
                                  0.000000   20.265631   clock reconvergence pessimism
                                 -0.115325   20.150307   library setup time
                                             20.150307   data required time
---------------------------------------------------------------------------------------------
                                             20.150307   data required time
                                             -3.109161   data arrival time
---------------------------------------------------------------------------------------------
                                             17.041145   slack (MET)


Startpoint: tx_start (input port clocked by clk)
Endpoint: _221_ (rising edge-triggered flip-flop clocked by clk)
Path Group: clk
Path Type: max

Fanout         Cap        Slew       Delay        Time   Description
---------------------------------------------------------------------------------------------
                                  0.000000    0.000000   clock clk (rise edge)
                                  0.000000    0.000000   clock network delay (propagated)
                                  2.000000    2.000000 v input external delay
     1    0.003622    0.000000    0.000000    2.000000 v tx_start (in)
                                                         tx_start (net)
                      0.000088    0.000044    2.000044 v input10/A (sky130_fd_sc_hd__clkdlybuf4s25_1)
     4    0.014391    0.116851    0.289960    2.290004 v input10/X (sky130_fd_sc_hd__clkdlybuf4s25_1)
                                                         net10 (net)
                      0.116851    0.000373    2.290378 v _170_/B (sky130_fd_sc_hd__nand2_2)
     3    0.011517    0.078937    0.120254    2.410631 ^ _170_/Y (sky130_fd_sc_hd__nand2_2)
                                                         _089_ (net)
                      0.078937    0.000220    2.410851 ^ _188_/B (sky130_fd_sc_hd__nand2_2)
     8    0.038367    0.154784    0.151599    2.562450 v _188_/Y (sky130_fd_sc_hd__nand2_2)
                                                         _105_ (net)
                      0.154822    0.002015    2.564465 v _203_/B1 (sky130_fd_sc_hd__a211o_2)
     1    0.002204    0.044373    0.332257    2.896721 v _203_/X (sky130_fd_sc_hd__a211o_2)
                                                         _039_ (net)
                      0.044373    0.000062    2.896784 v _204_/B1_N (sky130_fd_sc_hd__o21ba_2)
     1    0.001976    0.030688    0.214889    3.111672 ^ _204_/X (sky130_fd_sc_hd__o21ba_2)
                                                         _007_ (net)
                      0.030688    0.000056    3.111728 ^ _221_/D (sky130_fd_sc_hd__dfxtp_2)
                                              3.111728   data arrival time

                                 20.000000   20.000000   clock clk (rise edge)
                                  0.000000   20.000000   clock source latency
     1    0.015134    0.000000    0.000000   20.000000 ^ clk (in)
                                                         clk (net)
                      0.001178    0.000588   20.000589 ^ clkbuf_0_clk/A (sky130_fd_sc_hd__clkbuf_16)
     4    0.040131    0.059806    0.126379   20.126966 ^ clkbuf_0_clk/X (sky130_fd_sc_hd__clkbuf_16)
                                                         clknet_0_clk (net)
                      0.059829    0.001037   20.128004 ^ clkbuf_2_3__f_clk/A (sky130_fd_sc_hd__clkbuf_16)
     8    0.028519    0.049787    0.138792   20.266796 ^ clkbuf_2_3__f_clk/X (sky130_fd_sc_hd__clkbuf_16)
                                                         clknet_2_3__leaf_clk (net)
                      0.049787    0.000382   20.267179 ^ _221_/CLK (sky130_fd_sc_hd__dfxtp_2)
                                  0.000000   20.267179   clock reconvergence pessimism
                                 -0.054785   20.212395   library setup time
                                             20.212395   data required time
---------------------------------------------------------------------------------------------
                                             20.212395   data required time
                                             -3.111728   data arrival time
---------------------------------------------------------------------------------------------
                                             17.100666   slack (MET)


Startpoint: _214_ (rising edge-triggered flip-flop clocked by clk)
Endpoint: tx (output port clocked by clk)
Path Group: clk
Path Type: max

Fanout         Cap        Slew       Delay        Time   Description
---------------------------------------------------------------------------------------------
                                  0.000000    0.000000   clock clk (rise edge)
                                  0.000000    0.000000   clock source latency
     1    0.015134    0.000000    0.000000    0.000000 ^ clk (in)
                                                         clk (net)
                      0.001178    0.000589    0.000589 ^ clkbuf_0_clk/A (sky130_fd_sc_hd__clkbuf_16)
     4    0.040131    0.059806    0.126378    0.126966 ^ clkbuf_0_clk/X (sky130_fd_sc_hd__clkbuf_16)
                                                         clknet_0_clk (net)
                      0.059830    0.001056    0.128023 ^ clkbuf_2_0__f_clk/A (sky130_fd_sc_hd__clkbuf_16)
     8    0.028861    0.050021    0.138837    0.266860 ^ clkbuf_2_0__f_clk/X (sky130_fd_sc_hd__clkbuf_16)
                                                         clknet_2_0__leaf_clk (net)
                      0.050023    0.000616    0.267476 ^ _214_/CLK (sky130_fd_sc_hd__dfxtp_2)
     2    0.007570    0.050478    0.324577    0.592053 ^ _214_/Q (sky130_fd_sc_hd__dfxtp_2)
                                                         net12 (net)
                      0.050478    0.000171    0.592223 ^ output12/A (sky130_fd_sc_hd__clkdlybuf4s25_1)
     1    0.001007    0.028630    0.231008    0.823232 ^ output12/X (sky130_fd_sc_hd__clkdlybuf4s25_1)
                                                         tx (net)
                      0.028630    0.000012    0.823244 ^ tx (out)
                                              0.823244   data arrival time

                                 20.000000   20.000000   clock clk (rise edge)
                                  0.000000   20.000000   clock network delay (propagated)
                                  0.000000   20.000000   clock reconvergence pessimism
                                 -2.000000   18.000000   output external delay
                                             18.000000   data required time
---------------------------------------------------------------------------------------------
                                             18.000000   data required time
                                             -0.823244   data arrival time
---------------------------------------------------------------------------------------------
                                             17.176756   slack (MET)


Startpoint: tx_start (input port clocked by clk)
Endpoint: _229_ (rising edge-triggered flip-flop clocked by clk)
Path Group: clk
Path Type: max

Fanout         Cap        Slew       Delay        Time   Description
---------------------------------------------------------------------------------------------
                                  0.000000    0.000000   clock clk (rise edge)
                                  0.000000    0.000000   clock network delay (propagated)
                                  2.000000    2.000000 v input external delay
     1    0.003622    0.000000    0.000000    2.000000 v tx_start (in)
                                                         tx_start (net)
                      0.000088    0.000044    2.000044 v input10/A (sky130_fd_sc_hd__clkdlybuf4s25_1)
     4    0.014391    0.116851    0.289960    2.290004 v input10/X (sky130_fd_sc_hd__clkdlybuf4s25_1)
                                                         net10 (net)
                      0.116851    0.000373    2.290378 v _170_/B (sky130_fd_sc_hd__nand2_2)
     3    0.011517    0.078937    0.120254    2.410631 ^ _170_/Y (sky130_fd_sc_hd__nand2_2)
                                                         _089_ (net)
                      0.078937    0.000220    2.410851 ^ _188_/B (sky130_fd_sc_hd__nand2_2)
     8    0.038367    0.154784    0.151599    2.562450 v _188_/Y (sky130_fd_sc_hd__nand2_2)
                                                         _105_ (net)
                      0.154826    0.002130    2.564579 v _118_/B1 (sky130_fd_sc_hd__a31o_2)
     1    0.001737    0.033650    0.244045    2.808625 v _118_/X (sky130_fd_sc_hd__a31o_2)
                                                         _053_ (net)
                      0.033650    0.000033    2.808658 v _119_/B1_N (sky130_fd_sc_hd__o21ba_2)
     1    0.002483    0.033053    0.213074    3.021732 ^ _119_/X (sky130_fd_sc_hd__o21ba_2)
                                                         _015_ (net)
                      0.033053    0.000069    3.021801 ^ _229_/D (sky130_fd_sc_hd__dfxtp_2)
                                              3.021801   data arrival time

                                 20.000000   20.000000   clock clk (rise edge)
                                  0.000000   20.000000   clock source latency
     1    0.015134    0.000000    0.000000   20.000000 ^ clk (in)
                                                         clk (net)
                      0.001178    0.000588   20.000589 ^ clkbuf_0_clk/A (sky130_fd_sc_hd__clkbuf_16)
     4    0.040131    0.059806    0.126379   20.126966 ^ clkbuf_0_clk/X (sky130_fd_sc_hd__clkbuf_16)
                                                         clknet_0_clk (net)
                      0.059832    0.001101   20.128069 ^ clkbuf_2_1__f_clk/A (sky130_fd_sc_hd__clkbuf_16)
     9    0.026502    0.047658    0.137019   20.265087 ^ clkbuf_2_1__f_clk/X (sky130_fd_sc_hd__clkbuf_16)
                                                         clknet_2_1__leaf_clk (net)
                      0.047660    0.000320   20.265408 ^ _229_/CLK (sky130_fd_sc_hd__dfxtp_2)
                                  0.000000   20.265408   clock reconvergence pessimism
                                 -0.055654   20.209753   library setup time
                                             20.209753   data required time
---------------------------------------------------------------------------------------------
                                             20.209753   data required time
                                             -3.021801   data arrival time
---------------------------------------------------------------------------------------------
                                             17.187952   slack (MET)


Startpoint: tx_start (input port clocked by clk)
Endpoint: _227_ (rising edge-triggered flip-flop clocked by clk)
Path Group: clk
Path Type: max

Fanout         Cap        Slew       Delay        Time   Description
---------------------------------------------------------------------------------------------
                                  0.000000    0.000000   clock clk (rise edge)
                                  0.000000    0.000000   clock network delay (propagated)
                                  2.000000    2.000000 v input external delay
     1    0.003622    0.000000    0.000000    2.000000 v tx_start (in)
                                                         tx_start (net)
                      0.000088    0.000044    2.000044 v input10/A (sky130_fd_sc_hd__clkdlybuf4s25_1)
     4    0.014391    0.116851    0.289960    2.290004 v input10/X (sky130_fd_sc_hd__clkdlybuf4s25_1)
                                                         net10 (net)
                      0.116851    0.000373    2.290378 v _170_/B (sky130_fd_sc_hd__nand2_2)
     3    0.011517    0.078937    0.120254    2.410631 ^ _170_/Y (sky130_fd_sc_hd__nand2_2)
                                                         _089_ (net)
                      0.078937    0.000220    2.410851 ^ _188_/B (sky130_fd_sc_hd__nand2_2)
     8    0.038367    0.154784    0.151599    2.562450 v _188_/Y (sky130_fd_sc_hd__nand2_2)
                                                         _105_ (net)
                      0.154826    0.002124    2.564574 v _112_/B1 (sky130_fd_sc_hd__a31o_2)
     1    0.001753    0.033692    0.244123    2.808697 v _112_/X (sky130_fd_sc_hd__a31o_2)
                                                         _049_ (net)
                      0.033692    0.000050    2.808746 v _113_/B1_N (sky130_fd_sc_hd__o21ba_2)
     1    0.002358    0.033095    0.212423    3.021169 ^ _113_/X (sky130_fd_sc_hd__o21ba_2)
                                                         _013_ (net)
                      0.033095    0.000068    3.021237 ^ _227_/D (sky130_fd_sc_hd__dfxtp_2)
                                              3.021237   data arrival time

                                 20.000000   20.000000   clock clk (rise edge)
                                  0.000000   20.000000   clock source latency
     1    0.015134    0.000000    0.000000   20.000000 ^ clk (in)
                                                         clk (net)
                      0.001178    0.000588   20.000589 ^ clkbuf_0_clk/A (sky130_fd_sc_hd__clkbuf_16)
     4    0.040131    0.059806    0.126379   20.126966 ^ clkbuf_0_clk/X (sky130_fd_sc_hd__clkbuf_16)
                                                         clknet_0_clk (net)
                      0.059832    0.001101   20.128069 ^ clkbuf_2_1__f_clk/A (sky130_fd_sc_hd__clkbuf_16)
     9    0.026502    0.047658    0.137019   20.265087 ^ clkbuf_2_1__f_clk/X (sky130_fd_sc_hd__clkbuf_16)
                                                         clknet_2_1__leaf_clk (net)
                      0.047659    0.000295   20.265383 ^ _227_/CLK (sky130_fd_sc_hd__dfxtp_2)
                                  0.000000   20.265383   clock reconvergence pessimism
                                 -0.055664   20.209719   library setup time
                                             20.209719   data required time
---------------------------------------------------------------------------------------------
                                             20.209719   data required time
                                             -3.021237   data arrival time
---------------------------------------------------------------------------------------------
                                             17.188482   slack (MET)


Startpoint: tx_start (input port clocked by clk)
Endpoint: _217_ (rising edge-triggered flip-flop clocked by clk)
Path Group: clk
Path Type: max

Fanout         Cap        Slew       Delay        Time   Description
---------------------------------------------------------------------------------------------
                                  0.000000    0.000000   clock clk (rise edge)
                                  0.000000    0.000000   clock network delay (propagated)
                                  2.000000    2.000000 v input external delay
     1    0.003622    0.000000    0.000000    2.000000 v tx_start (in)
                                                         tx_start (net)
                      0.000088    0.000044    2.000044 v input10/A (sky130_fd_sc_hd__clkdlybuf4s25_1)
     4    0.014391    0.116851    0.289960    2.290004 v input10/X (sky130_fd_sc_hd__clkdlybuf4s25_1)
                                                         net10 (net)
                      0.116851    0.000373    2.290378 v _170_/B (sky130_fd_sc_hd__nand2_2)
     3    0.011517    0.078937    0.120254    2.410631 ^ _170_/Y (sky130_fd_sc_hd__nand2_2)
                                                         _089_ (net)
                      0.078937    0.000220    2.410851 ^ _188_/B (sky130_fd_sc_hd__nand2_2)
     8    0.038367    0.154784    0.151599    2.562450 v _188_/Y (sky130_fd_sc_hd__nand2_2)
                                                         _105_ (net)
                      0.154792    0.000963    2.563413 v _193_/C1 (sky130_fd_sc_hd__a311o_2)
     1    0.005350    0.060452    0.351129    2.914542 v _193_/X (sky130_fd_sc_hd__a311o_2)
                                                         _033_ (net)
                      0.060452    0.000169    2.914711 v _194_/B (sky130_fd_sc_hd__nor2_2)
     1    0.002200    0.055523    0.070391    2.985102 ^ _194_/Y (sky130_fd_sc_hd__nor2_2)
                                                         _003_ (net)
                      0.055523    0.000061    2.985163 ^ _217_/D (sky130_fd_sc_hd__dfxtp_2)
                                              2.985163   data arrival time

                                 20.000000   20.000000   clock clk (rise edge)
                                  0.000000   20.000000   clock source latency
     1    0.015134    0.000000    0.000000   20.000000 ^ clk (in)
                                                         clk (net)
                      0.001178    0.000588   20.000589 ^ clkbuf_0_clk/A (sky130_fd_sc_hd__clkbuf_16)
     4    0.040131    0.059806    0.126379   20.126966 ^ clkbuf_0_clk/X (sky130_fd_sc_hd__clkbuf_16)
                                                         clknet_0_clk (net)
                      0.059831    0.001084   20.128052 ^ clkbuf_2_2__f_clk/A (sky130_fd_sc_hd__clkbuf_16)
     9    0.026435    0.047625    0.136799   20.264851 ^ clkbuf_2_2__f_clk/X (sky130_fd_sc_hd__clkbuf_16)
                                                         clknet_2_2__leaf_clk (net)
                      0.047641    0.000794   20.265644 ^ _217_/CLK (sky130_fd_sc_hd__dfxtp_2)
                                  0.000000   20.265644   clock reconvergence pessimism
                                 -0.060951   20.204693   library setup time
                                             20.204693   data required time
---------------------------------------------------------------------------------------------
                                             20.204693   data required time
                                             -2.985163   data arrival time
---------------------------------------------------------------------------------------------
                                             17.219532   slack (MET)


Startpoint: tx_start (input port clocked by clk)
Endpoint: _220_ (rising edge-triggered flip-flop clocked by clk)
Path Group: clk
Path Type: max

Fanout         Cap        Slew       Delay        Time   Description
---------------------------------------------------------------------------------------------
                                  0.000000    0.000000   clock clk (rise edge)
                                  0.000000    0.000000   clock network delay (propagated)
                                  2.000000    2.000000 ^ input external delay
     1    0.003847    0.000000    0.000000    2.000000 ^ tx_start (in)
                                                         tx_start (net)
                      0.000094    0.000047    2.000047 ^ input10/A (sky130_fd_sc_hd__clkdlybuf4s25_1)
     4    0.015454    0.163690    0.315557    2.315604 ^ input10/X (sky130_fd_sc_hd__clkdlybuf4s25_1)
                                                         net10 (net)
                      0.163690    0.000402    2.316006 ^ _170_/B (sky130_fd_sc_hd__nand2_2)
     3    0.010797    0.066938    0.095405    2.411411 v _170_/Y (sky130_fd_sc_hd__nand2_2)
                                                         _089_ (net)
                      0.066938    0.000204    2.411615 v _188_/B (sky130_fd_sc_hd__nand2_2)
     8    0.041613    0.221032    0.199552    2.611167 ^ _188_/Y (sky130_fd_sc_hd__nand2_2)
                                                         _105_ (net)
                      0.221065    0.002223    2.613390 ^ _191_/B (sky130_fd_sc_hd__nor2_2)
     3    0.010316    0.111144    0.078421    2.691811 v _191_/Y (sky130_fd_sc_hd__nor2_2)
                                                         _031_ (net)
                      0.111144    0.000158    2.691969 v _202_/C (sky130_fd_sc_hd__and3b_2)
     1    0.002117    0.035775    0.227572    2.919541 v _202_/X (sky130_fd_sc_hd__and3b_2)
                                                         _006_ (net)
                      0.035775    0.000042    2.919583 v _220_/D (sky130_fd_sc_hd__dfxtp_2)
                                              2.919583   data arrival time

                                 20.000000   20.000000   clock clk (rise edge)
                                  0.000000   20.000000   clock source latency
     1    0.015134    0.000000    0.000000   20.000000 ^ clk (in)
                                                         clk (net)
                      0.001178    0.000588   20.000589 ^ clkbuf_0_clk/A (sky130_fd_sc_hd__clkbuf_16)
     4    0.040131    0.059806    0.126379   20.126966 ^ clkbuf_0_clk/X (sky130_fd_sc_hd__clkbuf_16)
                                                         clknet_0_clk (net)
                      0.059829    0.001037   20.128004 ^ clkbuf_2_3__f_clk/A (sky130_fd_sc_hd__clkbuf_16)
     8    0.028519    0.049787    0.138792   20.266796 ^ clkbuf_2_3__f_clk/X (sky130_fd_sc_hd__clkbuf_16)
                                                         clknet_2_3__leaf_clk (net)
                      0.049787    0.000377   20.267174 ^ _220_/CLK (sky130_fd_sc_hd__dfxtp_2)
                                  0.000000   20.267174   clock reconvergence pessimism
                                 -0.107741   20.159431   library setup time
                                             20.159431   data required time
---------------------------------------------------------------------------------------------
                                             20.159431   data required time
                                             -2.919583   data arrival time
---------------------------------------------------------------------------------------------
                                             17.239849   slack (MET)


Startpoint: tx_start (input port clocked by clk)
Endpoint: _223_ (rising edge-triggered flip-flop clocked by clk)
Path Group: clk
Path Type: max

Fanout         Cap        Slew       Delay        Time   Description
---------------------------------------------------------------------------------------------
                                  0.000000    0.000000   clock clk (rise edge)
                                  0.000000    0.000000   clock network delay (propagated)
                                  2.000000    2.000000 ^ input external delay
     1    0.003847    0.000000    0.000000    2.000000 ^ tx_start (in)
                                                         tx_start (net)
                      0.000094    0.000047    2.000047 ^ input10/A (sky130_fd_sc_hd__clkdlybuf4s25_1)
     4    0.015454    0.163690    0.315557    2.315604 ^ input10/X (sky130_fd_sc_hd__clkdlybuf4s25_1)
                                                         net10 (net)
                      0.163690    0.000402    2.316006 ^ _170_/B (sky130_fd_sc_hd__nand2_2)
     3    0.010797    0.066938    0.095405    2.411411 v _170_/Y (sky130_fd_sc_hd__nand2_2)
                                                         _089_ (net)
                      0.066938    0.000204    2.411615 v _188_/B (sky130_fd_sc_hd__nand2_2)
     8    0.041613    0.221032    0.199552    2.611167 ^ _188_/Y (sky130_fd_sc_hd__nand2_2)
                                                         _105_ (net)
                      0.221065    0.002223    2.613390 ^ _191_/B (sky130_fd_sc_hd__nor2_2)
     3    0.010316    0.111144    0.078421    2.691811 v _191_/Y (sky130_fd_sc_hd__nor2_2)
                                                         _031_ (net)
                      0.111144    0.000218    2.692029 v _210_/A (sky130_fd_sc_hd__and3_2)
     1    0.002258    0.035703    0.193170    2.885200 v _210_/X (sky130_fd_sc_hd__and3_2)
                                                         _009_ (net)
                      0.035703    0.000045    2.885245 v _223_/D (sky130_fd_sc_hd__dfxtp_2)
                                              2.885245   data arrival time

                                 20.000000   20.000000   clock clk (rise edge)
                                  0.000000   20.000000   clock source latency
     1    0.015134    0.000000    0.000000   20.000000 ^ clk (in)
                                                         clk (net)
                      0.001178    0.000588   20.000589 ^ clkbuf_0_clk/A (sky130_fd_sc_hd__clkbuf_16)
     4    0.040131    0.059806    0.126379   20.126966 ^ clkbuf_0_clk/X (sky130_fd_sc_hd__clkbuf_16)
                                                         clknet_0_clk (net)
                      0.059829    0.001037   20.128004 ^ clkbuf_2_3__f_clk/A (sky130_fd_sc_hd__clkbuf_16)
     8    0.028519    0.049787    0.138792   20.266796 ^ clkbuf_2_3__f_clk/X (sky130_fd_sc_hd__clkbuf_16)
                                                         clknet_2_3__leaf_clk (net)
                      0.049787    0.000288   20.267084 ^ _223_/CLK (sky130_fd_sc_hd__dfxtp_2)
                                  0.000000   20.267084   clock reconvergence pessimism
                                 -0.107709   20.159374   library setup time
                                             20.159374   data required time
---------------------------------------------------------------------------------------------
                                             20.159374   data required time
                                             -2.885245   data arrival time
---------------------------------------------------------------------------------------------
                                             17.274132   slack (MET)


Startpoint: tx_start (input port clocked by clk)
Endpoint: _224_ (rising edge-triggered flip-flop clocked by clk)
Path Group: clk
Path Type: max

Fanout         Cap        Slew       Delay        Time   Description
---------------------------------------------------------------------------------------------
                                  0.000000    0.000000   clock clk (rise edge)
                                  0.000000    0.000000   clock network delay (propagated)
                                  2.000000    2.000000 v input external delay
     1    0.003622    0.000000    0.000000    2.000000 v tx_start (in)
                                                         tx_start (net)
                      0.000088    0.000044    2.000044 v input10/A (sky130_fd_sc_hd__clkdlybuf4s25_1)
     4    0.014391    0.116851    0.289960    2.290004 v input10/X (sky130_fd_sc_hd__clkdlybuf4s25_1)
                                                         net10 (net)
                      0.116851    0.000373    2.290378 v _170_/B (sky130_fd_sc_hd__nand2_2)
     3    0.011517    0.078937    0.120254    2.410631 ^ _170_/Y (sky130_fd_sc_hd__nand2_2)
                                                         _089_ (net)
                      0.078937    0.000220    2.410851 ^ _188_/B (sky130_fd_sc_hd__nand2_2)
     8    0.038367    0.154784    0.151599    2.562450 v _188_/Y (sky130_fd_sc_hd__nand2_2)
                                                         _105_ (net)
                      0.154823    0.002040    2.564490 v _191_/B (sky130_fd_sc_hd__nor2_2)
     3    0.010599    0.141317    0.171260    2.735750 ^ _191_/Y (sky130_fd_sc_hd__nor2_2)
                                                         _031_ (net)
                      0.141317    0.000125    2.735875 ^ _212_/C1 (sky130_fd_sc_hd__o211a_2)
     1    0.002302    0.038936    0.179844    2.915719 ^ _212_/X (sky130_fd_sc_hd__o211a_2)
                                                         _010_ (net)
                      0.038936    0.000067    2.915787 ^ _224_/D (sky130_fd_sc_hd__dfxtp_2)
                                              2.915787   data arrival time

                                 20.000000   20.000000   clock clk (rise edge)
                                  0.000000   20.000000   clock source latency
     1    0.015134    0.000000    0.000000   20.000000 ^ clk (in)
                                                         clk (net)
                      0.001178    0.000588   20.000589 ^ clkbuf_0_clk/A (sky130_fd_sc_hd__clkbuf_16)
     4    0.040131    0.059806    0.126379   20.126966 ^ clkbuf_0_clk/X (sky130_fd_sc_hd__clkbuf_16)
                                                         clknet_0_clk (net)
                      0.059829    0.001037   20.128004 ^ clkbuf_2_3__f_clk/A (sky130_fd_sc_hd__clkbuf_16)
     8    0.028519    0.049787    0.138792   20.266796 ^ clkbuf_2_3__f_clk/X (sky130_fd_sc_hd__clkbuf_16)
                                                         clknet_2_3__leaf_clk (net)
                      0.049787    0.000298   20.267096 ^ _224_/CLK (sky130_fd_sc_hd__dfxtp_2)
                                  0.000000   20.267096   clock reconvergence pessimism
                                 -0.056727   20.210369   library setup time
                                             20.210369   data required time
---------------------------------------------------------------------------------------------
                                             20.210369   data required time
                                             -2.915787   data arrival time
---------------------------------------------------------------------------------------------
                                             17.294582   slack (MET)


Startpoint: _227_ (rising edge-triggered flip-flop clocked by clk)
Endpoint: _234_ (rising edge-triggered flip-flop clocked by clk)
Path Group: clk
Path Type: max

Fanout         Cap        Slew       Delay        Time   Description
---------------------------------------------------------------------------------------------
                                  0.000000    0.000000   clock clk (rise edge)
                                  0.000000    0.000000   clock source latency
     1    0.015134    0.000000    0.000000    0.000000 ^ clk (in)
                                                         clk (net)
                      0.001178    0.000589    0.000589 ^ clkbuf_0_clk/A (sky130_fd_sc_hd__clkbuf_16)
     4    0.040131    0.059806    0.126378    0.126966 ^ clkbuf_0_clk/X (sky130_fd_sc_hd__clkbuf_16)
                                                         clknet_0_clk (net)
                      0.059832    0.001101    0.128068 ^ clkbuf_2_1__f_clk/A (sky130_fd_sc_hd__clkbuf_16)
     9    0.026502    0.047658    0.137019    0.265087 ^ clkbuf_2_1__f_clk/X (sky130_fd_sc_hd__clkbuf_16)
                                                         clknet_2_1__leaf_clk (net)
                      0.047659    0.000296    0.265383 ^ _227_/CLK (sky130_fd_sc_hd__dfxtp_2)
    10    0.034246    0.089606    0.369432    0.634814 v _227_/Q (sky130_fd_sc_hd__dfxtp_2)
                                                         baud_counter[11] (net)
                      0.089620    0.001078    0.635892 v _176_/A (sky130_fd_sc_hd__or4_2)
     1    0.001976    0.093811    0.656090    1.291982 v _176_/X (sky130_fd_sc_hd__or4_2)
                                                         _095_ (net)
                      0.093811    0.000055    1.292037 v _180_/A (sky130_fd_sc_hd__or4b_2)
     4    0.017944    0.153139    0.762912    2.054949 v _180_/X (sky130_fd_sc_hd__or4b_2)
                                                         _099_ (net)
                      0.153235    0.000780    2.055728 v _181_/B (sky130_fd_sc_hd__nor2_2)
    10    0.051009    0.548084    0.471208    2.526936 ^ _181_/Y (sky130_fd_sc_hd__nor2_2)
                                                         _100_ (net)
                      0.548087    0.000985    2.527921 ^ _130_/C (sky130_fd_sc_hd__and3_2)
     2    0.004934    0.058241    0.270073    2.797993 ^ _130_/X (sky130_fd_sc_hd__and3_2)
                                                         _061_ (net)
                      0.058241    0.000117    2.798111 ^ _135_/A2 (sky130_fd_sc_hd__o21a_2)
     1    0.002967    0.032211    0.108157    2.906268 ^ _135_/X (sky130_fd_sc_hd__o21a_2)
                                                         _020_ (net)
                      0.032211    0.000097    2.906365 ^ _234_/D (sky130_fd_sc_hd__dfxtp_2)
                                              2.906365   data arrival time

                                 20.000000   20.000000   clock clk (rise edge)
                                  0.000000   20.000000   clock source latency
     1    0.015134    0.000000    0.000000   20.000000 ^ clk (in)
                                                         clk (net)
                      0.001178    0.000588   20.000589 ^ clkbuf_0_clk/A (sky130_fd_sc_hd__clkbuf_16)
     4    0.040131    0.059806    0.126379   20.126966 ^ clkbuf_0_clk/X (sky130_fd_sc_hd__clkbuf_16)
                                                         clknet_0_clk (net)
                      0.059829    0.001037   20.128004 ^ clkbuf_2_3__f_clk/A (sky130_fd_sc_hd__clkbuf_16)
     8    0.028519    0.049787    0.138792   20.266796 ^ clkbuf_2_3__f_clk/X (sky130_fd_sc_hd__clkbuf_16)
                                                         clknet_2_3__leaf_clk (net)
                      0.049788    0.000414   20.267210 ^ _234_/CLK (sky130_fd_sc_hd__dfxtp_2)
                                  0.000000   20.267210   clock reconvergence pessimism
                                 -0.055143   20.212067   library setup time
                                             20.212067   data required time
---------------------------------------------------------------------------------------------
                                             20.212067   data required time
                                             -2.906365   data arrival time
---------------------------------------------------------------------------------------------
                                             17.305702   slack (MET)


Startpoint: tx_start (input port clocked by clk)
Endpoint: _214_ (rising edge-triggered flip-flop clocked by clk)
Path Group: clk
Path Type: max

Fanout         Cap        Slew       Delay        Time   Description
---------------------------------------------------------------------------------------------
                                  0.000000    0.000000   clock clk (rise edge)
                                  0.000000    0.000000   clock network delay (propagated)
                                  2.000000    2.000000 ^ input external delay
     1    0.003847    0.000000    0.000000    2.000000 ^ tx_start (in)
                                                         tx_start (net)
                      0.000094    0.000047    2.000047 ^ input10/A (sky130_fd_sc_hd__clkdlybuf4s25_1)
     4    0.015454    0.163690    0.315557    2.315604 ^ input10/X (sky130_fd_sc_hd__clkdlybuf4s25_1)
                                                         net10 (net)
                      0.163690    0.000402    2.316006 ^ _170_/B (sky130_fd_sc_hd__nand2_2)
     3    0.010797    0.066938    0.095405    2.411411 v _170_/Y (sky130_fd_sc_hd__nand2_2)
                                                         _089_ (net)
                      0.066938    0.000220    2.411631 v _182_/B1 (sky130_fd_sc_hd__o211a_2)
     1    0.002950    0.040663    0.137711    2.549342 v _182_/X (sky130_fd_sc_hd__o211a_2)
                                                         _101_ (net)
                      0.040663    0.000089    2.549431 v _184_/B1 (sky130_fd_sc_hd__a211o_2)
     1    0.002120    0.044105    0.290598    2.840029 v _184_/X (sky130_fd_sc_hd__a211o_2)
                                                         _000_ (net)
                      0.044105    0.000060    2.840089 v _214_/D (sky130_fd_sc_hd__dfxtp_2)
                                              2.840089   data arrival time

                                 20.000000   20.000000   clock clk (rise edge)
                                  0.000000   20.000000   clock source latency
     1    0.015134    0.000000    0.000000   20.000000 ^ clk (in)
                                                         clk (net)
                      0.001178    0.000588   20.000589 ^ clkbuf_0_clk/A (sky130_fd_sc_hd__clkbuf_16)
     4    0.040131    0.059806    0.126379   20.126966 ^ clkbuf_0_clk/X (sky130_fd_sc_hd__clkbuf_16)
                                                         clknet_0_clk (net)
                      0.059830    0.001055   20.128023 ^ clkbuf_2_0__f_clk/A (sky130_fd_sc_hd__clkbuf_16)
     8    0.028861    0.050021    0.138838   20.266861 ^ clkbuf_2_0__f_clk/X (sky130_fd_sc_hd__clkbuf_16)
                                                         clknet_2_0__leaf_clk (net)
                      0.050023    0.000615   20.267475 ^ _214_/CLK (sky130_fd_sc_hd__dfxtp_2)
                                  0.000000   20.267475   clock reconvergence pessimism
                                 -0.111321   20.156155   library setup time
                                             20.156155   data required time
---------------------------------------------------------------------------------------------
                                             20.156155   data required time
                                             -2.840089   data arrival time
---------------------------------------------------------------------------------------------
                                             17.316065   slack (MET)


Startpoint: _227_ (rising edge-triggered flip-flop clocked by clk)
Endpoint: _244_ (rising edge-triggered flip-flop clocked by clk)
Path Group: clk
Path Type: max

Fanout         Cap        Slew       Delay        Time   Description
---------------------------------------------------------------------------------------------
                                  0.000000    0.000000   clock clk (rise edge)
                                  0.000000    0.000000   clock source latency
     1    0.015134    0.000000    0.000000    0.000000 ^ clk (in)
                                                         clk (net)
                      0.001178    0.000589    0.000589 ^ clkbuf_0_clk/A (sky130_fd_sc_hd__clkbuf_16)
     4    0.040131    0.059806    0.126378    0.126966 ^ clkbuf_0_clk/X (sky130_fd_sc_hd__clkbuf_16)
                                                         clknet_0_clk (net)
                      0.059832    0.001101    0.128068 ^ clkbuf_2_1__f_clk/A (sky130_fd_sc_hd__clkbuf_16)
     9    0.026502    0.047658    0.137019    0.265087 ^ clkbuf_2_1__f_clk/X (sky130_fd_sc_hd__clkbuf_16)
                                                         clknet_2_1__leaf_clk (net)
                      0.047659    0.000296    0.265383 ^ _227_/CLK (sky130_fd_sc_hd__dfxtp_2)
    10    0.034246    0.089606    0.369432    0.634814 v _227_/Q (sky130_fd_sc_hd__dfxtp_2)
                                                         baud_counter[11] (net)
                      0.089620    0.001078    0.635892 v _176_/A (sky130_fd_sc_hd__or4_2)
     1    0.001976    0.093811    0.656090    1.291982 v _176_/X (sky130_fd_sc_hd__or4_2)
                                                         _095_ (net)
                      0.093811    0.000055    1.292037 v _180_/A (sky130_fd_sc_hd__or4b_2)
     4    0.017944    0.153139    0.762912    2.054949 v _180_/X (sky130_fd_sc_hd__or4b_2)
                                                         _099_ (net)
                      0.153235    0.000780    2.055728 v _181_/B (sky130_fd_sc_hd__nor2_2)
    10    0.051009    0.548084    0.471208    2.526936 ^ _181_/Y (sky130_fd_sc_hd__nor2_2)
                                                         _100_ (net)
                      0.548087    0.001093    2.528029 ^ _128_/B (sky130_fd_sc_hd__nand2_2)
     1    0.002962    0.079170    0.083353    2.611382 v _128_/Y (sky130_fd_sc_hd__nand2_2)
                                                         _059_ (net)
                      0.079170    0.000091    2.611473 v _163_/A2 (sky130_fd_sc_hd__a21o_2)
     1    0.002519    0.032559    0.214514    2.825988 v _163_/X (sky130_fd_sc_hd__a21o_2)
                                                         _030_ (net)
                      0.032559    0.000075    2.826062 v _244_/D (sky130_fd_sc_hd__dfxtp_2)
                                              2.826062   data arrival time

                                 20.000000   20.000000   clock clk (rise edge)
                                  0.000000   20.000000   clock source latency
     1    0.015134    0.000000    0.000000   20.000000 ^ clk (in)
                                                         clk (net)
                      0.001178    0.000588   20.000589 ^ clkbuf_0_clk/A (sky130_fd_sc_hd__clkbuf_16)
     4    0.040131    0.059806    0.126379   20.126966 ^ clkbuf_0_clk/X (sky130_fd_sc_hd__clkbuf_16)
                                                         clknet_0_clk (net)
                      0.059831    0.001084   20.128052 ^ clkbuf_2_2__f_clk/A (sky130_fd_sc_hd__clkbuf_16)
     9    0.026435    0.047625    0.136799   20.264851 ^ clkbuf_2_2__f_clk/X (sky130_fd_sc_hd__clkbuf_16)
                                                         clknet_2_2__leaf_clk (net)
                      0.047636    0.000691   20.265541 ^ _244_/CLK (sky130_fd_sc_hd__dfxtp_2)
                                  0.000000   20.265541   clock reconvergence pessimism
                                 -0.106839   20.158703   library setup time
                                             20.158703   data required time
---------------------------------------------------------------------------------------------
                                             20.158703   data required time
                                             -2.826062   data arrival time
---------------------------------------------------------------------------------------------
                                             17.332640   slack (MET)


Startpoint: _227_ (rising edge-triggered flip-flop clocked by clk)
Endpoint: _215_ (rising edge-triggered flip-flop clocked by clk)
Path Group: clk
Path Type: max

Fanout         Cap        Slew       Delay        Time   Description
---------------------------------------------------------------------------------------------
                                  0.000000    0.000000   clock clk (rise edge)
                                  0.000000    0.000000   clock source latency
     1    0.015134    0.000000    0.000000    0.000000 ^ clk (in)
                                                         clk (net)
                      0.001178    0.000589    0.000589 ^ clkbuf_0_clk/A (sky130_fd_sc_hd__clkbuf_16)
     4    0.040131    0.059806    0.126378    0.126966 ^ clkbuf_0_clk/X (sky130_fd_sc_hd__clkbuf_16)
                                                         clknet_0_clk (net)
                      0.059832    0.001101    0.128068 ^ clkbuf_2_1__f_clk/A (sky130_fd_sc_hd__clkbuf_16)
     9    0.026502    0.047658    0.137019    0.265087 ^ clkbuf_2_1__f_clk/X (sky130_fd_sc_hd__clkbuf_16)
                                                         clknet_2_1__leaf_clk (net)
                      0.047659    0.000296    0.265383 ^ _227_/CLK (sky130_fd_sc_hd__dfxtp_2)
    10    0.034246    0.089606    0.369432    0.634814 v _227_/Q (sky130_fd_sc_hd__dfxtp_2)
                                                         baud_counter[11] (net)
                      0.089620    0.001078    0.635892 v _176_/A (sky130_fd_sc_hd__or4_2)
     1    0.001976    0.093811    0.656090    1.291982 v _176_/X (sky130_fd_sc_hd__or4_2)
                                                         _095_ (net)
                      0.093811    0.000055    1.292037 v _180_/A (sky130_fd_sc_hd__or4b_2)
     4    0.017944    0.153139    0.762912    2.054949 v _180_/X (sky130_fd_sc_hd__or4b_2)
                                                         _099_ (net)
                      0.153235    0.000780    2.055728 v _181_/B (sky130_fd_sc_hd__nor2_2)
    10    0.051009    0.548084    0.471208    2.526936 ^ _181_/Y (sky130_fd_sc_hd__nor2_2)
                                                         _100_ (net)
                      0.548086    0.000847    2.527783 ^ _185_/B (sky130_fd_sc_hd__nand2_2)
     2    0.004378    0.086822    0.096755    2.624538 v _185_/Y (sky130_fd_sc_hd__nand2_2)
                                                         _103_ (net)
                      0.086822    0.000115    2.624654 v _186_/C1 (sky130_fd_sc_hd__o211a_2)
     1    0.002976    0.040712    0.130260    2.754914 v _186_/X (sky130_fd_sc_hd__o211a_2)
                                                         _001_ (net)
                      0.040712    0.000092    2.755006 v _215_/D (sky130_fd_sc_hd__dfxtp_2)
                                              2.755006   data arrival time

                                 20.000000   20.000000   clock clk (rise edge)
                                  0.000000   20.000000   clock source latency
     1    0.015134    0.000000    0.000000   20.000000 ^ clk (in)
                                                         clk (net)
                      0.001178    0.000588   20.000589 ^ clkbuf_0_clk/A (sky130_fd_sc_hd__clkbuf_16)
     4    0.040131    0.059806    0.126379   20.126966 ^ clkbuf_0_clk/X (sky130_fd_sc_hd__clkbuf_16)
                                                         clknet_0_clk (net)
                      0.059831    0.001084   20.128052 ^ clkbuf_2_2__f_clk/A (sky130_fd_sc_hd__clkbuf_16)
     9    0.026435    0.047625    0.136799   20.264851 ^ clkbuf_2_2__f_clk/X (sky130_fd_sc_hd__clkbuf_16)
                                                         clknet_2_2__leaf_clk (net)
                      0.047632    0.000568   20.265419 ^ _215_/CLK (sky130_fd_sc_hd__dfxtp_2)
                                  0.000000   20.265419   clock reconvergence pessimism
                                 -0.110399   20.155020   library setup time
                                             20.155020   data required time
---------------------------------------------------------------------------------------------
                                             20.155020   data required time
                                             -2.755006   data arrival time
---------------------------------------------------------------------------------------------
                                             17.400013   slack (MET)


Startpoint: _227_ (rising edge-triggered flip-flop clocked by clk)
Endpoint: _232_ (rising edge-triggered flip-flop clocked by clk)
Path Group: clk
Path Type: max

Fanout         Cap        Slew       Delay        Time   Description
---------------------------------------------------------------------------------------------
                                  0.000000    0.000000   clock clk (rise edge)
                                  0.000000    0.000000   clock source latency
     1    0.015134    0.000000    0.000000    0.000000 ^ clk (in)
                                                         clk (net)
                      0.001178    0.000589    0.000589 ^ clkbuf_0_clk/A (sky130_fd_sc_hd__clkbuf_16)
     4    0.040131    0.059806    0.126378    0.126966 ^ clkbuf_0_clk/X (sky130_fd_sc_hd__clkbuf_16)
                                                         clknet_0_clk (net)
                      0.059832    0.001101    0.128068 ^ clkbuf_2_1__f_clk/A (sky130_fd_sc_hd__clkbuf_16)
     9    0.026502    0.047658    0.137019    0.265087 ^ clkbuf_2_1__f_clk/X (sky130_fd_sc_hd__clkbuf_16)
                                                         clknet_2_1__leaf_clk (net)
                      0.047659    0.000296    0.265383 ^ _227_/CLK (sky130_fd_sc_hd__dfxtp_2)
    10    0.034246    0.089606    0.369432    0.634814 v _227_/Q (sky130_fd_sc_hd__dfxtp_2)
                                                         baud_counter[11] (net)
                      0.089620    0.001078    0.635892 v _176_/A (sky130_fd_sc_hd__or4_2)
     1    0.001976    0.093811    0.656090    1.291982 v _176_/X (sky130_fd_sc_hd__or4_2)
                                                         _095_ (net)
                      0.093811    0.000055    1.292037 v _180_/A (sky130_fd_sc_hd__or4b_2)
     4    0.017944    0.153139    0.762912    2.054949 v _180_/X (sky130_fd_sc_hd__or4b_2)
                                                         _099_ (net)
                      0.153235    0.000780    2.055728 v _181_/B (sky130_fd_sc_hd__nor2_2)
    10    0.051009    0.548084    0.471208    2.526936 ^ _181_/Y (sky130_fd_sc_hd__nor2_2)
                                                         _100_ (net)
                      0.548086    0.000911    2.527848 ^ _126_/B (sky130_fd_sc_hd__xnor2_2)
     1    0.005664    0.130484    0.172868    2.700715 ^ _126_/Y (sky130_fd_sc_hd__xnor2_2)
                                                         _058_ (net)
                      0.130484    0.000179    2.700894 ^ _127_/B (sky130_fd_sc_hd__nor2_2)
     1    0.002062    0.044670    0.038306    2.739199 v _127_/Y (sky130_fd_sc_hd__nor2_2)
                                                         _018_ (net)
                      0.044670    0.000058    2.739257 v _232_/D (sky130_fd_sc_hd__dfxtp_2)
                                              2.739257   data arrival time

                                 20.000000   20.000000   clock clk (rise edge)
                                  0.000000   20.000000   clock source latency
     1    0.015134    0.000000    0.000000   20.000000 ^ clk (in)
                                                         clk (net)
                      0.001178    0.000588   20.000589 ^ clkbuf_0_clk/A (sky130_fd_sc_hd__clkbuf_16)
     4    0.040131    0.059806    0.126379   20.126966 ^ clkbuf_0_clk/X (sky130_fd_sc_hd__clkbuf_16)
                                                         clknet_0_clk (net)
                      0.059832    0.001101   20.128069 ^ clkbuf_2_1__f_clk/A (sky130_fd_sc_hd__clkbuf_16)
     9    0.026502    0.047658    0.137019   20.265087 ^ clkbuf_2_1__f_clk/X (sky130_fd_sc_hd__clkbuf_16)
                                                         clknet_2_1__leaf_clk (net)
                      0.047658    0.000187   20.265274 ^ _232_/CLK (sky130_fd_sc_hd__dfxtp_2)
                                  0.000000   20.265274   clock reconvergence pessimism
                                 -0.112120   20.153154   library setup time
                                             20.153154   data required time
---------------------------------------------------------------------------------------------
                                             20.153154   data required time
                                             -2.739257   data arrival time
---------------------------------------------------------------------------------------------
                                             17.413897   slack (MET)



%OL_END_REPORT
%OL_CREATE_REPORT checks.rpt

===========================================================================
report_checks -unconstrained
===========================================================================
======================= nom_tt_025C_1v80 Corner ===================================

Startpoint: tx_start (input port clocked by clk)
Endpoint: _236_ (rising edge-triggered flip-flop clocked by clk)
Path Group: clk
Path Type: max

Fanout         Cap        Slew       Delay        Time   Description
---------------------------------------------------------------------------------------------
                                  0.000000    0.000000   clock clk (rise edge)
                                  0.000000    0.000000   clock network delay (propagated)
                                  2.000000    2.000000 ^ input external delay
     1    0.003847    0.000000    0.000000    2.000000 ^ tx_start (in)
                                                         tx_start (net)
                      0.000094    0.000047    2.000047 ^ input10/A (sky130_fd_sc_hd__clkdlybuf4s25_1)
     4    0.015454    0.163690    0.315557    2.315604 ^ input10/X (sky130_fd_sc_hd__clkdlybuf4s25_1)
                                                         net10 (net)
                      0.163690    0.000411    2.316015 ^ _169_/B (sky130_fd_sc_hd__and2_2)
     8    0.039230    0.204986    0.294650    2.610665 ^ _169_/X (sky130_fd_sc_hd__and2_2)
                                                         _088_ (net)
                      0.205003    0.002029    2.612694 ^ _139_/S (sky130_fd_sc_hd__mux2_1)
     1    0.003313    0.058190    0.346437    2.959130 v _139_/X (sky130_fd_sc_hd__mux2_1)
                                                         _067_ (net)
                      0.058190    0.000113    2.959244 v _140_/A0 (sky130_fd_sc_hd__mux2_1)
     1    0.002911    0.055671    0.281878    3.241122 v _140_/X (sky130_fd_sc_hd__mux2_1)
                                                         _068_ (net)
                      0.055671    0.000093    3.241215 v _141_/B (sky130_fd_sc_hd__or2_2)
     1    0.003084    0.054740    0.271729    3.512944 v _141_/X (sky130_fd_sc_hd__or2_2)
                                                         _022_ (net)
                      0.054740    0.000097    3.513041 v _236_/D (sky130_fd_sc_hd__dfxtp_2)
                                              3.513041   data arrival time

                                 20.000000   20.000000   clock clk (rise edge)
                                  0.000000   20.000000   clock source latency
     1    0.015134    0.000000    0.000000   20.000000 ^ clk (in)
                                                         clk (net)
                      0.001178    0.000588   20.000589 ^ clkbuf_0_clk/A (sky130_fd_sc_hd__clkbuf_16)
     4    0.040131    0.059806    0.126379   20.126966 ^ clkbuf_0_clk/X (sky130_fd_sc_hd__clkbuf_16)
                                                         clknet_0_clk (net)
                      0.059830    0.001055   20.128023 ^ clkbuf_2_0__f_clk/A (sky130_fd_sc_hd__clkbuf_16)
     8    0.028861    0.050021    0.138838   20.266861 ^ clkbuf_2_0__f_clk/X (sky130_fd_sc_hd__clkbuf_16)
                                                         clknet_2_0__leaf_clk (net)
                      0.050023    0.000592   20.267452 ^ _236_/CLK (sky130_fd_sc_hd__dfxtp_2)
                                  0.000000   20.267452   clock reconvergence pessimism
                                 -0.115962   20.151489   library setup time
                                             20.151489   data required time
---------------------------------------------------------------------------------------------
                                             20.151489   data required time
                                             -3.513041   data arrival time
---------------------------------------------------------------------------------------------
                                             16.638449   slack (MET)




===========================================================================
report_checks --slack_max -0.01
============================================================================
======================= nom_tt_025C_1v80 Corner ===================================

No paths found.


===========================================================================
 report_check_types -max_slew -max_cap -max_fanout -violators
============================================================================
======================= nom_tt_025C_1v80 Corner ===================================



===========================================================================
report_parasitic_annotation -report_unannotated
============================================================================
Found 3 unannotated drivers.
 clkload0/X
 clkload1/X
 clkload2/X
Found 0 partially unannotated drivers.

===========================================================================
max slew violation count 0
%OL_METRIC_I design__max_slew_violation__count__corner:nom_tt_025C_1v80 0
max fanout violation count 0
%OL_METRIC_I design__max_fanout_violation__count__corner:nom_tt_025C_1v80 0
max cap violation count 0
%OL_METRIC_I design__max_cap_violation__count__corner:nom_tt_025C_1v80 0
============================================================================

===========================================================================
check_setup -verbose -unconstrained_endpoints -multiple_clock -no_clock -no_input_delay -loops -generated_clocks
===========================================================================
%OL_END_REPORT
%OL_CREATE_REPORT power.rpt

===========================================================================
 report_power
============================================================================
======================= nom_tt_025C_1v80 Corner ===================================

Group                    Internal    Switching      Leakage        Total
                            Power        Power        Power        Power (Watts)
------------------------------------------------------------------------
Sequential           6.337829e-05 1.175563e-06 2.576924e-10 6.455411e-05  42.1%
Combinational        6.020987e-06 4.307002e-06 4.087778e-10 1.032840e-05   6.7%
Clock                5.419255e-05 2.437250e-05 1.658500e-09 7.856672e-05  51.2%
Macro                0.000000e+00 0.000000e+00 0.000000e+00 0.000000e+00   0.0%
Pad                  0.000000e+00 0.000000e+00 0.000000e+00 0.000000e+00   0.0%
------------------------------------------------------------------------
Total                1.235918e-04 2.985507e-05 2.324969e-09 1.534492e-04 100.0%
                            80.5%        19.5%         0.0%
%OL_METRIC_F power__internal__total 0.00012359181710053235
%OL_METRIC_F power__switching__total 2.9855067623429932e-5
%OL_METRIC_F power__leakage__total 2.324969328171278e-9
%OL_METRIC_F power__total 0.00015344921848736703

%OL_END_REPORT
%OL_CREATE_REPORT skew.min.rpt

===========================================================================
Clock Skew (Hold)
============================================================================
%OL_METRIC_F clock__skew__worst_hold__corner:nom_tt_025C_1v80 -0.002821659652462436
======================= nom_tt_025C_1v80 Corner ===================================

Clock clk
0.265274 source latency _232_/CLK ^
-0.268096 target latency _237_/CLK ^
0.000000 CRPR
--------------
-0.002822 hold skew

%OL_END_REPORT
%OL_CREATE_REPORT skew.max.rpt

===========================================================================
Clock Skew (Setup)
============================================================================
%OL_METRIC_F clock__skew__worst_setup__corner:nom_tt_025C_1v80 -0.002821659652462436
======================= nom_tt_025C_1v80 Corner ===================================

Clock clk
0.265274 source latency _232_/CLK ^
-0.268096 target latency _237_/CLK ^
0.000000 CRPR
--------------
-0.002822 setup skew

%OL_END_REPORT
%OL_CREATE_REPORT ws.min.rpt

===========================================================================
Worst Slack (Hold)
============================================================================
%OL_METRIC_F timing__hold__ws__corner:nom_tt_025C_1v80 0.4532294945409777
nom_tt_025C_1v80: 0.4532294945409777
%OL_END_REPORT
%OL_CREATE_REPORT ws.max.rpt

===========================================================================
Worst Slack (Setup)
============================================================================
%OL_METRIC_F timing__setup__ws__corner:nom_tt_025C_1v80 16.63844931148962
nom_tt_025C_1v80: 16.63844931148962
%OL_END_REPORT
%OL_CREATE_REPORT tns.min.rpt

===========================================================================
Total Negative Slack (Hold)
============================================================================
%OL_METRIC_F timing__hold__tns__corner:nom_tt_025C_1v80 0.0
nom_tt_025C_1v80: 0.0
%OL_END_REPORT
%OL_CREATE_REPORT tns.max.rpt

===========================================================================
Total Negative Slack (Setup)
============================================================================
%OL_METRIC_F timing__setup__tns__corner:nom_tt_025C_1v80 0.0
nom_tt_025C_1v80: 0.0
%OL_END_REPORT
%OL_CREATE_REPORT wns.min.rpt

===========================================================================
Worst Negative Slack (Hold)
============================================================================
%OL_METRIC_F timing__hold__wns__corner:nom_tt_025C_1v80 0
nom_tt_025C_1v80: 0
%OL_END_REPORT
%OL_CREATE_REPORT wns.max.rpt

===========================================================================
Worst Negative Slack (Setup)
============================================================================
%OL_METRIC_F timing__setup__wns__corner:nom_tt_025C_1v80 0.0
nom_tt_025C_1v80: 0.0
%OL_END_REPORT
%OL_CREATE_REPORT violator_list.rpt

===========================================================================
Violator List
============================================================================
%OL_METRIC_I timing__hold_vio__count__corner:nom_tt_025C_1v80 0
%OL_METRIC_F timing__hold_r2r__ws__corner:nom_tt_025C_1v80 0.453229
%OL_METRIC_I timing__hold_r2r_vio__count__corner:nom_tt_025C_1v80 0
%OL_METRIC_I timing__setup_vio__count__corner:nom_tt_025C_1v80 0
%OL_METRIC_F timing__setup_r2r__ws__corner:nom_tt_025C_1v80 17.305702
%OL_METRIC_I timing__setup_r2r_vio__count__corner:nom_tt_025C_1v80 0
%OL_END_REPORT
%OL_CREATE_REPORT unpropagated.rpt
%OL_END_REPORT
%OL_CREATE_REPORT clock.rpt
Clock: clk
Sources: clk 
Generated: no
Virtual: yes
Propagated: no
Period: 20.000000

===========================================================================
report_clock_properties
============================================================================
Clock                   Period          Waveform
----------------------------------------------------
clk                  20.000000    0.000000 10.000000

===========================================================================
report_clock_latency
============================================================================
Clock clk
rise -> rise
    min     max
0.000000 0.000000 source latency
0.265274         network latency _232_/CLK
        0.268096 network latency _237_/CLK
---------------
0.265274 0.268096 latency
        0.002822 skew

fall -> fall
    min     max
0.000000 0.000000 source latency
0.290919         network latency _218_/CLK
        0.293438 network latency _237_/CLK
---------------
0.290919 0.293438 latency
        0.002519 skew



===========================================================================
report_clock_min_period
============================================================================
clk period_min = 2.93 fmax = 341.05
%OL_END_REPORT
Writing SDF files for all corners…
Removing Clock latencies before writing libs…
Writing timing models for all corners…
Writing timing models for the nom_tt_025C_1v80 corner to /home/gp7871/VLSI_Freelancing/projects/uart_tx_rtl_to_gds/runs/RUN_2026-09-16_17-29-04/55-openroad-stapostpnr/nom_tt_025C_1v80/uart_tx__nom_tt_025C_1v80.lib…
