+ define_corners nom_ff_n40C_1v95
Reading timing models for corner nom_ff_n40C_1v95…
Reading cell library for the 'nom_ff_n40C_1v95' corner at '/home/gp7871/.ciel/ciel/sky130/versions/8afc8346a57fe1ab7934ba5a6056ea8b43078e71/ciel/sky130/versions/8afc8346a57fe1ab7934ba5a6056ea8b43078e71/sky130A/libs.ref/sky130_fd_sc_hd/lib/sky130_fd_sc_hd__ff_n40C_1v95.lib'…
Reading top-level netlist at '/home/gp7871/VLSI_Freelancing/projects/uart_tx_rtl_to_gds/runs/RUN_2026-09-16_17-29-04/52-openroad-fillinsertion/uart_tx.nl.v'…
Linking design 'uart_tx' from netlist…
Warning: /home/gp7871/VLSI_Freelancing/projects/uart_tx_rtl_to_gds/runs/RUN_2026-09-16_17-29-04/52-openroad-fillinsertion/uart_tx.nl.v line 181, module sky130_fd_sc_hd__fill_1 not found. Creating black box for FILLER_0_27.
Warning: /home/gp7871/VLSI_Freelancing/projects/uart_tx_rtl_to_gds/runs/RUN_2026-09-16_17-29-04/52-openroad-fillinsertion/uart_tx.nl.v line 202, module sky130_fd_sc_hd__fill_2 not found. Creating black box for FILLER_10_11.
Warning: /home/gp7871/VLSI_Freelancing/projects/uart_tx_rtl_to_gds/runs/RUN_2026-09-16_17-29-04/52-openroad-fillinsertion/uart_tx.nl.v line 752, module sky130_fd_sc_hd__tapvpwrvgnd_1 not found. Creating black box for TAP_TAPCELL_ROW_0_46.
Reading design constraints file at '/home/gp7871/VLSI_Freelancing/projects/uart_tx_rtl_to_gds/constraints/uart_tx.sdc'…
[INFO] No information on clock propagation in input SDC file-- propagating all clocks.
Reading top-level design parasitics for the 'nom_ff_n40C_1v95' corner at '/home/gp7871/VLSI_Freelancing/projects/uart_tx_rtl_to_gds/runs/RUN_2026-09-16_17-29-04/54-openroad-rcx/nom/uart_tx.nom.spef'…
%OL_CREATE_REPORT min.rpt

===========================================================================
report_checks -path_delay min (Hold)
============================================================================
======================= nom_ff_n40C_1v95 Corner ===================================

Startpoint: _244_ (rising edge-triggered flip-flop clocked by clk)
Endpoint: _244_ (rising edge-triggered flip-flop clocked by clk)
Path Group: clk
Path Type: min

Fanout         Cap        Slew       Delay        Time   Description
---------------------------------------------------------------------------------------------
                                  0.000000    0.000000   clock clk (rise edge)
                                  0.000000    0.000000   clock source latency
     1    0.015203    0.000000    0.000000    0.000000 ^ clk (in)
                                                         clk (net)
                      0.001185    0.000592    0.000592 ^ clkbuf_0_clk/A (sky130_fd_sc_hd__clkbuf_16)
     4    0.040407    0.045270    0.088777    0.089369 ^ clkbuf_0_clk/X (sky130_fd_sc_hd__clkbuf_16)
                                                         clknet_0_clk (net)
                      0.045306    0.001091    0.090460 ^ clkbuf_2_2__f_clk/A (sky130_fd_sc_hd__clkbuf_16)
     9    0.027050    0.036022    0.093280    0.183740 ^ clkbuf_2_2__f_clk/X (sky130_fd_sc_hd__clkbuf_16)
                                                         clknet_2_2__leaf_clk (net)
                      0.036039    0.000709    0.184449 ^ _244_/CLK (sky130_fd_sc_hd__dfxtp_2)
     2    0.006903    0.034730    0.200184    0.384632 ^ _244_/Q (sky130_fd_sc_hd__dfxtp_2)
                                                         tx_shift[9] (net)
                      0.034730    0.000150    0.384782 ^ _163_/A1 (sky130_fd_sc_hd__a21o_2)
     1    0.002586    0.019876    0.064431    0.449213 ^ _163_/X (sky130_fd_sc_hd__a21o_2)
                                                         _030_ (net)
                      0.019881    0.000077    0.449290 ^ _244_/D (sky130_fd_sc_hd__dfxtp_2)
                                              0.449290   data arrival time

                                  0.000000    0.000000   clock clk (rise edge)
                                  0.000000    0.000000   clock source latency
     1    0.015203    0.000000    0.000000    0.000000 ^ clk (in)
                                                         clk (net)
                      0.001185    0.000592    0.000592 ^ clkbuf_0_clk/A (sky130_fd_sc_hd__clkbuf_16)
     4    0.040407    0.045270    0.088777    0.089369 ^ clkbuf_0_clk/X (sky130_fd_sc_hd__clkbuf_16)
                                                         clknet_0_clk (net)
                      0.045306    0.001091    0.090460 ^ clkbuf_2_2__f_clk/A (sky130_fd_sc_hd__clkbuf_16)
     9    0.027050    0.036022    0.093280    0.183740 ^ clkbuf_2_2__f_clk/X (sky130_fd_sc_hd__clkbuf_16)
                                                         clknet_2_2__leaf_clk (net)
                      0.036039    0.000709    0.184449 ^ _244_/CLK (sky130_fd_sc_hd__dfxtp_2)
                                  0.000000    0.184449   clock reconvergence pessimism
                                 -0.016393    0.168055   library hold time
                                              0.168055   data required time
---------------------------------------------------------------------------------------------
                                              0.168055   data required time
                                             -0.449290   data arrival time
---------------------------------------------------------------------------------------------
                                              0.281235   slack (MET)


Startpoint: _229_ (rising edge-triggered flip-flop clocked by clk)
Endpoint: _229_ (rising edge-triggered flip-flop clocked by clk)
Path Group: clk
Path Type: min

Fanout         Cap        Slew       Delay        Time   Description
---------------------------------------------------------------------------------------------
                                  0.000000    0.000000   clock clk (rise edge)
                                  0.000000    0.000000   clock source latency
     1    0.015203    0.000000    0.000000    0.000000 ^ clk (in)
                                                         clk (net)
                      0.001185    0.000592    0.000592 ^ clkbuf_0_clk/A (sky130_fd_sc_hd__clkbuf_16)
     4    0.040407    0.045270    0.088777    0.089369 ^ clkbuf_0_clk/X (sky130_fd_sc_hd__clkbuf_16)
                                                         clknet_0_clk (net)
                      0.045307    0.001109    0.090478 ^ clkbuf_2_1__f_clk/A (sky130_fd_sc_hd__clkbuf_16)
     9    0.027159    0.036089    0.093511    0.183989 ^ clkbuf_2_1__f_clk/X (sky130_fd_sc_hd__clkbuf_16)
                                                         clknet_2_1__leaf_clk (net)
                      0.036092    0.000330    0.184318 ^ _229_/CLK (sky130_fd_sc_hd__dfxtp_2)
     3    0.007683    0.037380    0.202280    0.386598 ^ _229_/Q (sky130_fd_sc_hd__dfxtp_2)
                                                         baud_counter[13] (net)
                      0.037380    0.000157    0.386755 ^ _119_/A1 (sky130_fd_sc_hd__o21ba_2)
     1    0.002557    0.021949    0.079123    0.465879 ^ _119_/X (sky130_fd_sc_hd__o21ba_2)
                                                         _015_ (net)
                      0.021949    0.000071    0.465950 ^ _229_/D (sky130_fd_sc_hd__dfxtp_2)
                                              0.465950   data arrival time

                                  0.000000    0.000000   clock clk (rise edge)
                                  0.000000    0.000000   clock source latency
     1    0.015203    0.000000    0.000000    0.000000 ^ clk (in)
                                                         clk (net)
                      0.001185    0.000592    0.000592 ^ clkbuf_0_clk/A (sky130_fd_sc_hd__clkbuf_16)
     4    0.040407    0.045270    0.088777    0.089369 ^ clkbuf_0_clk/X (sky130_fd_sc_hd__clkbuf_16)
                                                         clknet_0_clk (net)
                      0.045307    0.001109    0.090478 ^ clkbuf_2_1__f_clk/A (sky130_fd_sc_hd__clkbuf_16)
     9    0.027159    0.036089    0.093511    0.183989 ^ clkbuf_2_1__f_clk/X (sky130_fd_sc_hd__clkbuf_16)
                                                         clknet_2_1__leaf_clk (net)
                      0.036092    0.000330    0.184318 ^ _229_/CLK (sky130_fd_sc_hd__dfxtp_2)
                                  0.000000    0.184318   clock reconvergence pessimism
                                 -0.016538    0.167780   library hold time
                                              0.167780   data required time
---------------------------------------------------------------------------------------------
                                              0.167780   data required time
                                             -0.465950   data arrival time
---------------------------------------------------------------------------------------------
                                              0.298170   slack (MET)


Startpoint: _219_ (rising edge-triggered flip-flop clocked by clk)
Endpoint: _219_ (rising edge-triggered flip-flop clocked by clk)
Path Group: clk
Path Type: min

Fanout         Cap        Slew       Delay        Time   Description
---------------------------------------------------------------------------------------------
                                  0.000000    0.000000   clock clk (rise edge)
                                  0.000000    0.000000   clock source latency
     1    0.015203    0.000000    0.000000    0.000000 ^ clk (in)
                                                         clk (net)
                      0.001185    0.000592    0.000592 ^ clkbuf_0_clk/A (sky130_fd_sc_hd__clkbuf_16)
     4    0.040407    0.045270    0.088777    0.089369 ^ clkbuf_0_clk/X (sky130_fd_sc_hd__clkbuf_16)
                                                         clknet_0_clk (net)
                      0.045306    0.001091    0.090460 ^ clkbuf_2_2__f_clk/A (sky130_fd_sc_hd__clkbuf_16)
     9    0.027050    0.036022    0.093280    0.183740 ^ clkbuf_2_2__f_clk/X (sky130_fd_sc_hd__clkbuf_16)
                                                         clknet_2_2__leaf_clk (net)
                      0.036028    0.000469    0.184209 ^ _219_/CLK (sky130_fd_sc_hd__dfxtp_2)
     7    0.027469    0.108151    0.253322    0.437530 ^ _219_/Q (sky130_fd_sc_hd__dfxtp_2)
                                                         baud_counter[3] (net)
                      0.108153    0.000623    0.438153 ^ _199_/A1 (sky130_fd_sc_hd__a21oi_2)
     1    0.002218    0.013565    0.028867    0.467020 v _199_/Y (sky130_fd_sc_hd__a21oi_2)
                                                         _005_ (net)
                      0.013565    0.000064    0.467084 v _219_/D (sky130_fd_sc_hd__dfxtp_2)
                                              0.467084   data arrival time

                                  0.000000    0.000000   clock clk (rise edge)
                                  0.000000    0.000000   clock source latency
     1    0.015203    0.000000    0.000000    0.000000 ^ clk (in)
                                                         clk (net)
                      0.001185    0.000592    0.000592 ^ clkbuf_0_clk/A (sky130_fd_sc_hd__clkbuf_16)
     4    0.040407    0.045270    0.088777    0.089369 ^ clkbuf_0_clk/X (sky130_fd_sc_hd__clkbuf_16)
                                                         clknet_0_clk (net)
                      0.045306    0.001091    0.090460 ^ clkbuf_2_2__f_clk/A (sky130_fd_sc_hd__clkbuf_16)
     9    0.027050    0.036022    0.093280    0.183740 ^ clkbuf_2_2__f_clk/X (sky130_fd_sc_hd__clkbuf_16)
                                                         clknet_2_2__leaf_clk (net)
                      0.036028    0.000469    0.184209 ^ _219_/CLK (sky130_fd_sc_hd__dfxtp_2)
                                  0.000000    0.184209   clock reconvergence pessimism
                                 -0.028364    0.155845   library hold time
                                              0.155845   data required time
---------------------------------------------------------------------------------------------
                                              0.155845   data required time
                                             -0.467084   data arrival time
---------------------------------------------------------------------------------------------
                                              0.311239   slack (MET)


Startpoint: _221_ (rising edge-triggered flip-flop clocked by clk)
Endpoint: _221_ (rising edge-triggered flip-flop clocked by clk)
Path Group: clk
Path Type: min

Fanout         Cap        Slew       Delay        Time   Description
---------------------------------------------------------------------------------------------
                                  0.000000    0.000000   clock clk (rise edge)
                                  0.000000    0.000000   clock source latency
     1    0.015203    0.000000    0.000000    0.000000 ^ clk (in)
                                                         clk (net)
                      0.001185    0.000592    0.000592 ^ clkbuf_0_clk/A (sky130_fd_sc_hd__clkbuf_16)
     4    0.040407    0.045270    0.088777    0.089369 ^ clkbuf_0_clk/X (sky130_fd_sc_hd__clkbuf_16)
                                                         clknet_0_clk (net)
                      0.045303    0.001045    0.090414 ^ clkbuf_2_3__f_clk/A (sky130_fd_sc_hd__clkbuf_16)
     8    0.029063    0.037445    0.094795    0.185209 ^ clkbuf_2_3__f_clk/X (sky130_fd_sc_hd__clkbuf_16)
                                                         clknet_2_3__leaf_clk (net)
                      0.037449    0.000390    0.185599 ^ _221_/CLK (sky130_fd_sc_hd__dfxtp_2)
     4    0.012415    0.053706    0.215223    0.400822 ^ _221_/Q (sky130_fd_sc_hd__dfxtp_2)
                                                         baud_counter[5] (net)
                      0.053707    0.000376    0.401198 ^ _204_/A1 (sky130_fd_sc_hd__o21ba_2)
     1    0.002050    0.020110    0.080417    0.481615 ^ _204_/X (sky130_fd_sc_hd__o21ba_2)
                                                         _007_ (net)
                      0.020110    0.000058    0.481673 ^ _221_/D (sky130_fd_sc_hd__dfxtp_2)
                                              0.481673   data arrival time

                                  0.000000    0.000000   clock clk (rise edge)
                                  0.000000    0.000000   clock source latency
     1    0.015203    0.000000    0.000000    0.000000 ^ clk (in)
                                                         clk (net)
                      0.001185    0.000592    0.000592 ^ clkbuf_0_clk/A (sky130_fd_sc_hd__clkbuf_16)
     4    0.040407    0.045270    0.088777    0.089369 ^ clkbuf_0_clk/X (sky130_fd_sc_hd__clkbuf_16)
                                                         clknet_0_clk (net)
                      0.045303    0.001045    0.090414 ^ clkbuf_2_3__f_clk/A (sky130_fd_sc_hd__clkbuf_16)
     8    0.029063    0.037445    0.094795    0.185209 ^ clkbuf_2_3__f_clk/X (sky130_fd_sc_hd__clkbuf_16)
                                                         clknet_2_3__leaf_clk (net)
                      0.037449    0.000390    0.185599 ^ _221_/CLK (sky130_fd_sc_hd__dfxtp_2)
                                  0.000000    0.185599   clock reconvergence pessimism
                                 -0.016376    0.169223   library hold time
                                              0.169223   data required time
---------------------------------------------------------------------------------------------
                                              0.169223   data required time
                                             -0.481673   data arrival time
---------------------------------------------------------------------------------------------
                                              0.312450   slack (MET)


Startpoint: _234_ (rising edge-triggered flip-flop clocked by clk)
Endpoint: _234_ (rising edge-triggered flip-flop clocked by clk)
Path Group: clk
Path Type: min

Fanout         Cap        Slew       Delay        Time   Description
---------------------------------------------------------------------------------------------
                                  0.000000    0.000000   clock clk (rise edge)
                                  0.000000    0.000000   clock source latency
     1    0.015203    0.000000    0.000000    0.000000 ^ clk (in)
                                                         clk (net)
                      0.001185    0.000592    0.000592 ^ clkbuf_0_clk/A (sky130_fd_sc_hd__clkbuf_16)
     4    0.040407    0.045270    0.088777    0.089369 ^ clkbuf_0_clk/X (sky130_fd_sc_hd__clkbuf_16)
                                                         clknet_0_clk (net)
                      0.045303    0.001045    0.090414 ^ clkbuf_2_3__f_clk/A (sky130_fd_sc_hd__clkbuf_16)
     8    0.029063    0.037445    0.094795    0.185209 ^ clkbuf_2_3__f_clk/X (sky130_fd_sc_hd__clkbuf_16)
                                                         clknet_2_3__leaf_clk (net)
                      0.037450    0.000420    0.185630 ^ _234_/CLK (sky130_fd_sc_hd__dfxtp_2)
     4    0.014751    0.061626    0.221427    0.407056 ^ _234_/Q (sky130_fd_sc_hd__dfxtp_2)
                                                         bit_index[2] (net)
                      0.061627    0.000310    0.407366 ^ _135_/A1 (sky130_fd_sc_hd__o21a_2)
     1    0.003041    0.020406    0.080185    0.487551 ^ _135_/X (sky130_fd_sc_hd__o21a_2)
                                                         _020_ (net)
                      0.020406    0.000100    0.487651 ^ _234_/D (sky130_fd_sc_hd__dfxtp_2)
                                              0.487651   data arrival time

                                  0.000000    0.000000   clock clk (rise edge)
                                  0.000000    0.000000   clock source latency
     1    0.015203    0.000000    0.000000    0.000000 ^ clk (in)
                                                         clk (net)
                      0.001185    0.000592    0.000592 ^ clkbuf_0_clk/A (sky130_fd_sc_hd__clkbuf_16)
     4    0.040407    0.045270    0.088777    0.089369 ^ clkbuf_0_clk/X (sky130_fd_sc_hd__clkbuf_16)
                                                         clknet_0_clk (net)
                      0.045303    0.001045    0.090414 ^ clkbuf_2_3__f_clk/A (sky130_fd_sc_hd__clkbuf_16)
     8    0.029063    0.037445    0.094795    0.185209 ^ clkbuf_2_3__f_clk/X (sky130_fd_sc_hd__clkbuf_16)
                                                         clknet_2_3__leaf_clk (net)
                      0.037450    0.000420    0.185630 ^ _234_/CLK (sky130_fd_sc_hd__dfxtp_2)
                                  0.000000    0.185630   clock reconvergence pessimism
                                 -0.016397    0.169233   library hold time
                                              0.169233   data required time
---------------------------------------------------------------------------------------------
                                              0.169233   data required time
                                             -0.487651   data arrival time
---------------------------------------------------------------------------------------------
                                              0.318418   slack (MET)


Startpoint: _217_ (rising edge-triggered flip-flop clocked by clk)
Endpoint: _217_ (rising edge-triggered flip-flop clocked by clk)
Path Group: clk
Path Type: min

Fanout         Cap        Slew       Delay        Time   Description
---------------------------------------------------------------------------------------------
                                  0.000000    0.000000   clock clk (rise edge)
                                  0.000000    0.000000   clock source latency
     1    0.015203    0.000000    0.000000    0.000000 ^ clk (in)
                                                         clk (net)
                      0.001185    0.000592    0.000592 ^ clkbuf_0_clk/A (sky130_fd_sc_hd__clkbuf_16)
     4    0.040407    0.045270    0.088777    0.089369 ^ clkbuf_0_clk/X (sky130_fd_sc_hd__clkbuf_16)
                                                         clknet_0_clk (net)
                      0.045306    0.001091    0.090460 ^ clkbuf_2_2__f_clk/A (sky130_fd_sc_hd__clkbuf_16)
     9    0.027050    0.036022    0.093280    0.183740 ^ clkbuf_2_2__f_clk/X (sky130_fd_sc_hd__clkbuf_16)
                                                         clknet_2_2__leaf_clk (net)
                      0.036046    0.000814    0.184554 ^ _217_/CLK (sky130_fd_sc_hd__dfxtp_2)
     5    0.016397    0.036785    0.216096    0.400650 v _217_/Q (sky130_fd_sc_hd__dfxtp_2)
                                                         baud_counter[1] (net)
                      0.036826    0.000597    0.401247 v _192_/B1 (sky130_fd_sc_hd__a21oi_2)
     1    0.005407    0.050387    0.055453    0.456700 ^ _192_/Y (sky130_fd_sc_hd__a21oi_2)
                                                         _032_ (net)
                      0.050392    0.000169    0.456869 ^ _194_/A (sky130_fd_sc_hd__nor2_2)
     1    0.002309    0.011744    0.022230    0.479099 v _194_/Y (sky130_fd_sc_hd__nor2_2)
                                                         _003_ (net)
                      0.011744    0.000065    0.479164 v _217_/D (sky130_fd_sc_hd__dfxtp_2)
                                              0.479164   data arrival time

                                  0.000000    0.000000   clock clk (rise edge)
                                  0.000000    0.000000   clock source latency
     1    0.015203    0.000000    0.000000    0.000000 ^ clk (in)
                                                         clk (net)
                      0.001185    0.000592    0.000592 ^ clkbuf_0_clk/A (sky130_fd_sc_hd__clkbuf_16)
     4    0.040407    0.045270    0.088777    0.089369 ^ clkbuf_0_clk/X (sky130_fd_sc_hd__clkbuf_16)
                                                         clknet_0_clk (net)
                      0.045306    0.001091    0.090460 ^ clkbuf_2_2__f_clk/A (sky130_fd_sc_hd__clkbuf_16)
     9    0.027050    0.036022    0.093280    0.183740 ^ clkbuf_2_2__f_clk/X (sky130_fd_sc_hd__clkbuf_16)
                                                         clknet_2_2__leaf_clk (net)
                      0.036046    0.000814    0.184554 ^ _217_/CLK (sky130_fd_sc_hd__dfxtp_2)
                                  0.000000    0.184554   clock reconvergence pessimism
                                 -0.027756    0.156798   library hold time
                                              0.156798   data required time
---------------------------------------------------------------------------------------------
                                              0.156798   data required time
                                             -0.479164   data arrival time
---------------------------------------------------------------------------------------------
                                              0.322366   slack (MET)


Startpoint: _216_ (rising edge-triggered flip-flop clocked by clk)
Endpoint: _216_ (rising edge-triggered flip-flop clocked by clk)
Path Group: clk
Path Type: min

Fanout         Cap        Slew       Delay        Time   Description
---------------------------------------------------------------------------------------------
                                  0.000000    0.000000   clock clk (rise edge)
                                  0.000000    0.000000   clock source latency
     1    0.015203    0.000000    0.000000    0.000000 ^ clk (in)
                                                         clk (net)
                      0.001185    0.000592    0.000592 ^ clkbuf_0_clk/A (sky130_fd_sc_hd__clkbuf_16)
     4    0.040407    0.045270    0.088777    0.089369 ^ clkbuf_0_clk/X (sky130_fd_sc_hd__clkbuf_16)
                                                         clknet_0_clk (net)
                      0.045306    0.001091    0.090460 ^ clkbuf_2_2__f_clk/A (sky130_fd_sc_hd__clkbuf_16)
     9    0.027050    0.036022    0.093280    0.183740 ^ clkbuf_2_2__f_clk/X (sky130_fd_sc_hd__clkbuf_16)
                                                         clknet_2_2__leaf_clk (net)
                      0.036046    0.000808    0.184548 ^ _216_/CLK (sky130_fd_sc_hd__dfxtp_2)
     7    0.030525    0.119310    0.261285    0.445833 ^ _216_/Q (sky130_fd_sc_hd__dfxtp_2)
                                                         baud_counter[0] (net)
                      0.119311    0.000551    0.446384 ^ _190_/A2 (sky130_fd_sc_hd__a21oi_2)
     1    0.002632    0.014720    0.036106    0.482491 v _190_/Y (sky130_fd_sc_hd__a21oi_2)
                                                         _002_ (net)
                      0.014720    0.000079    0.482570 v _216_/D (sky130_fd_sc_hd__dfxtp_2)
                                              0.482570   data arrival time

                                  0.000000    0.000000   clock clk (rise edge)
                                  0.000000    0.000000   clock source latency
     1    0.015203    0.000000    0.000000    0.000000 ^ clk (in)
                                                         clk (net)
                      0.001185    0.000592    0.000592 ^ clkbuf_0_clk/A (sky130_fd_sc_hd__clkbuf_16)
     4    0.040407    0.045270    0.088777    0.089369 ^ clkbuf_0_clk/X (sky130_fd_sc_hd__clkbuf_16)
                                                         clknet_0_clk (net)
                      0.045306    0.001091    0.090460 ^ clkbuf_2_2__f_clk/A (sky130_fd_sc_hd__clkbuf_16)
     9    0.027050    0.036022    0.093280    0.183740 ^ clkbuf_2_2__f_clk/X (sky130_fd_sc_hd__clkbuf_16)
                                                         clknet_2_2__leaf_clk (net)
                      0.036046    0.000808    0.184548 ^ _216_/CLK (sky130_fd_sc_hd__dfxtp_2)
                                  0.000000    0.184548   clock reconvergence pessimism
                                 -0.028746    0.155802   library hold time
                                              0.155802   data required time
---------------------------------------------------------------------------------------------
                                              0.155802   data required time
                                             -0.482570   data arrival time
---------------------------------------------------------------------------------------------
                                              0.326768   slack (MET)


Startpoint: _243_ (rising edge-triggered flip-flop clocked by clk)
Endpoint: _243_ (rising edge-triggered flip-flop clocked by clk)
Path Group: clk
Path Type: min

Fanout         Cap        Slew       Delay        Time   Description
---------------------------------------------------------------------------------------------
                                  0.000000    0.000000   clock clk (rise edge)
                                  0.000000    0.000000   clock source latency
     1    0.015203    0.000000    0.000000    0.000000 ^ clk (in)
                                                         clk (net)
                      0.001185    0.000592    0.000592 ^ clkbuf_0_clk/A (sky130_fd_sc_hd__clkbuf_16)
     4    0.040407    0.045270    0.088777    0.089369 ^ clkbuf_0_clk/X (sky130_fd_sc_hd__clkbuf_16)
                                                         clknet_0_clk (net)
                      0.045306    0.001091    0.090460 ^ clkbuf_2_2__f_clk/A (sky130_fd_sc_hd__clkbuf_16)
     9    0.027050    0.036022    0.093280    0.183740 ^ clkbuf_2_2__f_clk/X (sky130_fd_sc_hd__clkbuf_16)
                                                         clknet_2_2__leaf_clk (net)
                      0.036045    0.000801    0.184541 ^ _243_/CLK (sky130_fd_sc_hd__dfxtp_2)
     2    0.006116    0.032107    0.198081    0.382622 ^ _243_/Q (sky130_fd_sc_hd__dfxtp_2)
                                                         tx_shift[8] (net)
                      0.032107    0.000170    0.382792 ^ _161_/B2 (sky130_fd_sc_hd__a32o_2)
     1    0.002584    0.023944    0.063935    0.446727 ^ _161_/X (sky130_fd_sc_hd__a32o_2)
                                                         _082_ (net)
                      0.023947    0.000073    0.446799 ^ _162_/B (sky130_fd_sc_hd__or2_2)
     1    0.002362    0.019313    0.057296    0.504095 ^ _162_/X (sky130_fd_sc_hd__or2_2)
                                                         _029_ (net)
                      0.019313    0.000047    0.504142 ^ _243_/D (sky130_fd_sc_hd__dfxtp_2)
                                              0.504142   data arrival time

                                  0.000000    0.000000   clock clk (rise edge)
                                  0.000000    0.000000   clock source latency
     1    0.015203    0.000000    0.000000    0.000000 ^ clk (in)
                                                         clk (net)
                      0.001185    0.000592    0.000592 ^ clkbuf_0_clk/A (sky130_fd_sc_hd__clkbuf_16)
     4    0.040407    0.045270    0.088777    0.089369 ^ clkbuf_0_clk/X (sky130_fd_sc_hd__clkbuf_16)
                                                         clknet_0_clk (net)
                      0.045306    0.001091    0.090460 ^ clkbuf_2_2__f_clk/A (sky130_fd_sc_hd__clkbuf_16)
     9    0.027050    0.036022    0.093280    0.183740 ^ clkbuf_2_2__f_clk/X (sky130_fd_sc_hd__clkbuf_16)
                                                         clknet_2_2__leaf_clk (net)
                      0.036045    0.000801    0.184541 ^ _243_/CLK (sky130_fd_sc_hd__dfxtp_2)
                                  0.000000    0.184541   clock reconvergence pessimism
                                 -0.016353    0.168188   library hold time
                                              0.168188   data required time
---------------------------------------------------------------------------------------------
                                              0.168188   data required time
                                             -0.504142   data arrival time
---------------------------------------------------------------------------------------------
                                              0.335954   slack (MET)


Startpoint: _239_ (rising edge-triggered flip-flop clocked by clk)
Endpoint: _239_ (rising edge-triggered flip-flop clocked by clk)
Path Group: clk
Path Type: min

Fanout         Cap        Slew       Delay        Time   Description
---------------------------------------------------------------------------------------------
                                  0.000000    0.000000   clock clk (rise edge)
                                  0.000000    0.000000   clock source latency
     1    0.015203    0.000000    0.000000    0.000000 ^ clk (in)
                                                         clk (net)
                      0.001185    0.000592    0.000592 ^ clkbuf_0_clk/A (sky130_fd_sc_hd__clkbuf_16)
     4    0.040407    0.045270    0.088777    0.089369 ^ clkbuf_0_clk/X (sky130_fd_sc_hd__clkbuf_16)
                                                         clknet_0_clk (net)
                      0.045304    0.001063    0.090432 ^ clkbuf_2_0__f_clk/A (sky130_fd_sc_hd__clkbuf_16)
     8    0.029405    0.037719    0.094740    0.185172 ^ clkbuf_2_0__f_clk/X (sky130_fd_sc_hd__clkbuf_16)
                                                         clknet_2_0__leaf_clk (net)
                      0.037772    0.001223    0.186395 ^ _239_/CLK (sky130_fd_sc_hd__dfxtp_2)
     2    0.005437    0.029878    0.196811    0.383207 ^ _239_/Q (sky130_fd_sc_hd__dfxtp_2)
                                                         tx_shift[4] (net)
                      0.029878    0.000135    0.383341 ^ _149_/A1 (sky130_fd_sc_hd__mux2_1)
     1    0.001982    0.024149    0.068248    0.451590 ^ _149_/X (sky130_fd_sc_hd__mux2_1)
                                                         _074_ (net)
                      0.024149    0.000056    0.451646 ^ _150_/B (sky130_fd_sc_hd__or2_2)
     1    0.002159    0.018667    0.056714    0.508359 ^ _150_/X (sky130_fd_sc_hd__or2_2)
                                                         _025_ (net)
                      0.018667    0.000061    0.508420 ^ _239_/D (sky130_fd_sc_hd__dfxtp_2)
                                              0.508420   data arrival time

                                  0.000000    0.000000   clock clk (rise edge)
                                  0.000000    0.000000   clock source latency
     1    0.015203    0.000000    0.000000    0.000000 ^ clk (in)
                                                         clk (net)
                      0.001185    0.000592    0.000592 ^ clkbuf_0_clk/A (sky130_fd_sc_hd__clkbuf_16)
     4    0.040407    0.045270    0.088777    0.089369 ^ clkbuf_0_clk/X (sky130_fd_sc_hd__clkbuf_16)
                                                         clknet_0_clk (net)
                      0.045304    0.001063    0.090432 ^ clkbuf_2_0__f_clk/A (sky130_fd_sc_hd__clkbuf_16)
     8    0.029405    0.037719    0.094740    0.185172 ^ clkbuf_2_0__f_clk/X (sky130_fd_sc_hd__clkbuf_16)
                                                         clknet_2_0__leaf_clk (net)
                      0.037772    0.001223    0.186395 ^ _239_/CLK (sky130_fd_sc_hd__dfxtp_2)
                                  0.000000    0.186395   clock reconvergence pessimism
                                 -0.016266    0.170129   library hold time
                                              0.170129   data required time
---------------------------------------------------------------------------------------------
                                              0.170129   data required time
                                             -0.508420   data arrival time
---------------------------------------------------------------------------------------------
                                              0.338291   slack (MET)


Startpoint: _242_ (rising edge-triggered flip-flop clocked by clk)
Endpoint: _242_ (rising edge-triggered flip-flop clocked by clk)
Path Group: clk
Path Type: min

Fanout         Cap        Slew       Delay        Time   Description
---------------------------------------------------------------------------------------------
                                  0.000000    0.000000   clock clk (rise edge)
                                  0.000000    0.000000   clock source latency
     1    0.015203    0.000000    0.000000    0.000000 ^ clk (in)
                                                         clk (net)
                      0.001185    0.000592    0.000592 ^ clkbuf_0_clk/A (sky130_fd_sc_hd__clkbuf_16)
     4    0.040407    0.045270    0.088777    0.089369 ^ clkbuf_0_clk/X (sky130_fd_sc_hd__clkbuf_16)
                                                         clknet_0_clk (net)
                      0.045304    0.001063    0.090432 ^ clkbuf_2_0__f_clk/A (sky130_fd_sc_hd__clkbuf_16)
     8    0.029405    0.037719    0.094740    0.185172 ^ clkbuf_2_0__f_clk/X (sky130_fd_sc_hd__clkbuf_16)
                                                         clknet_2_0__leaf_clk (net)
                      0.037755    0.001033    0.186205 ^ _242_/CLK (sky130_fd_sc_hd__dfxtp_2)
     2    0.004859    0.028010    0.195270    0.381475 ^ _242_/Q (sky130_fd_sc_hd__dfxtp_2)
                                                         tx_shift[7] (net)
                      0.028010    0.000117    0.381593 ^ _158_/A1 (sky130_fd_sc_hd__mux2_1)
     1    0.002291    0.025839    0.069310    0.450903 ^ _158_/X (sky130_fd_sc_hd__mux2_1)
                                                         _080_ (net)
                      0.025839    0.000063    0.450966 ^ _159_/B (sky130_fd_sc_hd__or2_2)
     1    0.002272    0.019031    0.057600    0.508566 ^ _159_/X (sky130_fd_sc_hd__or2_2)
                                                         _028_ (net)
                      0.019031    0.000046    0.508612 ^ _242_/D (sky130_fd_sc_hd__dfxtp_2)
                                              0.508612   data arrival time

                                  0.000000    0.000000   clock clk (rise edge)
                                  0.000000    0.000000   clock source latency
     1    0.015203    0.000000    0.000000    0.000000 ^ clk (in)
                                                         clk (net)
                      0.001185    0.000592    0.000592 ^ clkbuf_0_clk/A (sky130_fd_sc_hd__clkbuf_16)
     4    0.040407    0.045270    0.088777    0.089369 ^ clkbuf_0_clk/X (sky130_fd_sc_hd__clkbuf_16)
                                                         clknet_0_clk (net)
                      0.045304    0.001063    0.090432 ^ clkbuf_2_0__f_clk/A (sky130_fd_sc_hd__clkbuf_16)
     8    0.029405    0.037719    0.094740    0.185172 ^ clkbuf_2_0__f_clk/X (sky130_fd_sc_hd__clkbuf_16)
                                                         clknet_2_0__leaf_clk (net)
                      0.037755    0.001033    0.186205 ^ _242_/CLK (sky130_fd_sc_hd__dfxtp_2)
                                  0.000000    0.186205   clock reconvergence pessimism
                                 -0.016293    0.169912   library hold time
                                              0.169912   data required time
---------------------------------------------------------------------------------------------
                                              0.169912   data required time
                                             -0.508612   data arrival time
---------------------------------------------------------------------------------------------
                                              0.338700   slack (MET)


Startpoint: _240_ (rising edge-triggered flip-flop clocked by clk)
Endpoint: _240_ (rising edge-triggered flip-flop clocked by clk)
Path Group: clk
Path Type: min

Fanout         Cap        Slew       Delay        Time   Description
---------------------------------------------------------------------------------------------
                                  0.000000    0.000000   clock clk (rise edge)
                                  0.000000    0.000000   clock source latency
     1    0.015203    0.000000    0.000000    0.000000 ^ clk (in)
                                                         clk (net)
                      0.001185    0.000592    0.000592 ^ clkbuf_0_clk/A (sky130_fd_sc_hd__clkbuf_16)
     4    0.040407    0.045270    0.088777    0.089369 ^ clkbuf_0_clk/X (sky130_fd_sc_hd__clkbuf_16)
                                                         clknet_0_clk (net)
                      0.045304    0.001063    0.090432 ^ clkbuf_2_0__f_clk/A (sky130_fd_sc_hd__clkbuf_16)
     8    0.029405    0.037719    0.094740    0.185172 ^ clkbuf_2_0__f_clk/X (sky130_fd_sc_hd__clkbuf_16)
                                                         clknet_2_0__leaf_clk (net)
                      0.037766    0.001152    0.186324 ^ _240_/CLK (sky130_fd_sc_hd__dfxtp_2)
     2    0.004970    0.028363    0.195567    0.381891 ^ _240_/Q (sky130_fd_sc_hd__dfxtp_2)
                                                         tx_shift[5] (net)
                      0.028363    0.000108    0.381998 ^ _152_/A1 (sky130_fd_sc_hd__mux2_1)
     1    0.002317    0.025974    0.069536    0.451534 ^ _152_/X (sky130_fd_sc_hd__mux2_1)
                                                         _076_ (net)
                      0.025974    0.000068    0.451602 ^ _153_/B (sky130_fd_sc_hd__or2_2)
     1    0.002218    0.018858    0.057466    0.509068 ^ _153_/X (sky130_fd_sc_hd__or2_2)
                                                         _026_ (net)
                      0.018858    0.000064    0.509132 ^ _240_/D (sky130_fd_sc_hd__dfxtp_2)
                                              0.509132   data arrival time

                                  0.000000    0.000000   clock clk (rise edge)
                                  0.000000    0.000000   clock source latency
     1    0.015203    0.000000    0.000000    0.000000 ^ clk (in)
                                                         clk (net)
                      0.001185    0.000592    0.000592 ^ clkbuf_0_clk/A (sky130_fd_sc_hd__clkbuf_16)
     4    0.040407    0.045270    0.088777    0.089369 ^ clkbuf_0_clk/X (sky130_fd_sc_hd__clkbuf_16)
                                                         clknet_0_clk (net)
                      0.045304    0.001063    0.090432 ^ clkbuf_2_0__f_clk/A (sky130_fd_sc_hd__clkbuf_16)
     8    0.029405    0.037719    0.094740    0.185172 ^ clkbuf_2_0__f_clk/X (sky130_fd_sc_hd__clkbuf_16)
                                                         clknet_2_0__leaf_clk (net)
                      0.037766    0.001152    0.186324 ^ _240_/CLK (sky130_fd_sc_hd__dfxtp_2)
                                  0.000000    0.186324   clock reconvergence pessimism
                                 -0.016280    0.170044   library hold time
                                              0.170044   data required time
---------------------------------------------------------------------------------------------
                                              0.170044   data required time
                                             -0.509132   data arrival time
---------------------------------------------------------------------------------------------
                                              0.339088   slack (MET)


Startpoint: _241_ (rising edge-triggered flip-flop clocked by clk)
Endpoint: _241_ (rising edge-triggered flip-flop clocked by clk)
Path Group: clk
Path Type: min

Fanout         Cap        Slew       Delay        Time   Description
---------------------------------------------------------------------------------------------
                                  0.000000    0.000000   clock clk (rise edge)
                                  0.000000    0.000000   clock source latency
     1    0.015203    0.000000    0.000000    0.000000 ^ clk (in)
                                                         clk (net)
                      0.001185    0.000592    0.000592 ^ clkbuf_0_clk/A (sky130_fd_sc_hd__clkbuf_16)
     4    0.040407    0.045270    0.088777    0.089369 ^ clkbuf_0_clk/X (sky130_fd_sc_hd__clkbuf_16)
                                                         clknet_0_clk (net)
                      0.045304    0.001063    0.090432 ^ clkbuf_2_0__f_clk/A (sky130_fd_sc_hd__clkbuf_16)
     8    0.029405    0.037719    0.094740    0.185172 ^ clkbuf_2_0__f_clk/X (sky130_fd_sc_hd__clkbuf_16)
                                                         clknet_2_0__leaf_clk (net)
                      0.037747    0.000923    0.186095 ^ _241_/CLK (sky130_fd_sc_hd__dfxtp_2)
     2    0.005110    0.028812    0.195933    0.382027 ^ _241_/Q (sky130_fd_sc_hd__dfxtp_2)
                                                         tx_shift[6] (net)
                      0.028812    0.000114    0.382141 ^ _155_/A1 (sky130_fd_sc_hd__mux2_1)
     1    0.002265    0.025694    0.069399    0.451540 ^ _155_/X (sky130_fd_sc_hd__mux2_1)
                                                         _078_ (net)
                      0.025694    0.000062    0.451602 ^ _156_/B (sky130_fd_sc_hd__or2_2)
     1    0.002464    0.019638    0.058157    0.509759 ^ _156_/X (sky130_fd_sc_hd__or2_2)
                                                         _027_ (net)
                      0.019642    0.000050    0.509810 ^ _241_/D (sky130_fd_sc_hd__dfxtp_2)
                                              0.509810   data arrival time

                                  0.000000    0.000000   clock clk (rise edge)
                                  0.000000    0.000000   clock source latency
     1    0.015203    0.000000    0.000000    0.000000 ^ clk (in)
                                                         clk (net)
                      0.001185    0.000592    0.000592 ^ clkbuf_0_clk/A (sky130_fd_sc_hd__clkbuf_16)
     4    0.040407    0.045270    0.088777    0.089369 ^ clkbuf_0_clk/X (sky130_fd_sc_hd__clkbuf_16)
                                                         clknet_0_clk (net)
                      0.045304    0.001063    0.090432 ^ clkbuf_2_0__f_clk/A (sky130_fd_sc_hd__clkbuf_16)
     8    0.029405    0.037719    0.094740    0.185172 ^ clkbuf_2_0__f_clk/X (sky130_fd_sc_hd__clkbuf_16)
                                                         clknet_2_0__leaf_clk (net)
                      0.037747    0.000923    0.186095 ^ _241_/CLK (sky130_fd_sc_hd__dfxtp_2)
                                  0.000000    0.186095   clock reconvergence pessimism
                                 -0.016336    0.169759   library hold time
                                              0.169759   data required time
---------------------------------------------------------------------------------------------
                                              0.169759   data required time
                                             -0.509810   data arrival time
---------------------------------------------------------------------------------------------
                                              0.340051   slack (MET)


Startpoint: _236_ (rising edge-triggered flip-flop clocked by clk)
Endpoint: _214_ (rising edge-triggered flip-flop clocked by clk)
Path Group: clk
Path Type: min

Fanout         Cap        Slew       Delay        Time   Description
---------------------------------------------------------------------------------------------
                                  0.000000    0.000000   clock clk (rise edge)
                                  0.000000    0.000000   clock source latency
     1    0.015203    0.000000    0.000000    0.000000 ^ clk (in)
                                                         clk (net)
                      0.001185    0.000592    0.000592 ^ clkbuf_0_clk/A (sky130_fd_sc_hd__clkbuf_16)
     4    0.040407    0.045270    0.088777    0.089369 ^ clkbuf_0_clk/X (sky130_fd_sc_hd__clkbuf_16)
                                                         clknet_0_clk (net)
                      0.045304    0.001063    0.090432 ^ clkbuf_2_0__f_clk/A (sky130_fd_sc_hd__clkbuf_16)
     8    0.029405    0.037719    0.094740    0.185172 ^ clkbuf_2_0__f_clk/X (sky130_fd_sc_hd__clkbuf_16)
                                                         clknet_2_0__leaf_clk (net)
                      0.037728    0.000604    0.185776 ^ _236_/CLK (sky130_fd_sc_hd__dfxtp_2)
     2    0.004544    0.027003    0.194357    0.380133 ^ _236_/Q (sky130_fd_sc_hd__dfxtp_2)
                                                         tx_shift[1] (net)
                      0.027003    0.000109    0.380242 ^ _183_/A (sky130_fd_sc_hd__or2_2)
     1    0.003611    0.023489    0.063914    0.444156 ^ _183_/X (sky130_fd_sc_hd__or2_2)
                                                         _102_ (net)
                      0.023490    0.000081    0.444237 ^ _184_/A2 (sky130_fd_sc_hd__a211o_2)
     1    0.002187    0.015704    0.066171    0.510408 ^ _184_/X (sky130_fd_sc_hd__a211o_2)
                                                         _000_ (net)
                      0.015704    0.000062    0.510470 ^ _214_/D (sky130_fd_sc_hd__dfxtp_2)
                                              0.510470   data arrival time

                                  0.000000    0.000000   clock clk (rise edge)
                                  0.000000    0.000000   clock source latency
     1    0.015203    0.000000    0.000000    0.000000 ^ clk (in)
                                                         clk (net)
                      0.001185    0.000592    0.000592 ^ clkbuf_0_clk/A (sky130_fd_sc_hd__clkbuf_16)
     4    0.040407    0.045270    0.088777    0.089369 ^ clkbuf_0_clk/X (sky130_fd_sc_hd__clkbuf_16)
                                                         clknet_0_clk (net)
                      0.045304    0.001063    0.090432 ^ clkbuf_2_0__f_clk/A (sky130_fd_sc_hd__clkbuf_16)
     8    0.029405    0.037719    0.094740    0.185172 ^ clkbuf_2_0__f_clk/X (sky130_fd_sc_hd__clkbuf_16)
                                                         clknet_2_0__leaf_clk (net)
                      0.037729    0.000628    0.185800 ^ _214_/CLK (sky130_fd_sc_hd__dfxtp_2)
                                  0.000000    0.185800   clock reconvergence pessimism
                                 -0.016058    0.169742   library hold time
                                              0.169742   data required time
---------------------------------------------------------------------------------------------
                                              0.169742   data required time
                                             -0.510470   data arrival time
---------------------------------------------------------------------------------------------
                                              0.340728   slack (MET)


Startpoint: _238_ (rising edge-triggered flip-flop clocked by clk)
Endpoint: _238_ (rising edge-triggered flip-flop clocked by clk)
Path Group: clk
Path Type: min

Fanout         Cap        Slew       Delay        Time   Description
---------------------------------------------------------------------------------------------
                                  0.000000    0.000000   clock clk (rise edge)
                                  0.000000    0.000000   clock source latency
     1    0.015203    0.000000    0.000000    0.000000 ^ clk (in)
                                                         clk (net)
                      0.001185    0.000592    0.000592 ^ clkbuf_0_clk/A (sky130_fd_sc_hd__clkbuf_16)
     4    0.040407    0.045270    0.088777    0.089369 ^ clkbuf_0_clk/X (sky130_fd_sc_hd__clkbuf_16)
                                                         clknet_0_clk (net)
                      0.045307    0.001109    0.090478 ^ clkbuf_2_1__f_clk/A (sky130_fd_sc_hd__clkbuf_16)
     9    0.027159    0.036089    0.093511    0.183989 ^ clkbuf_2_1__f_clk/X (sky130_fd_sc_hd__clkbuf_16)
                                                         clknet_2_1__leaf_clk (net)
                      0.036093    0.000387    0.184375 ^ _238_/CLK (sky130_fd_sc_hd__dfxtp_2)
     2    0.005255    0.029285    0.195821    0.380196 ^ _238_/Q (sky130_fd_sc_hd__dfxtp_2)
                                                         tx_shift[3] (net)
                      0.029285    0.000137    0.380333 ^ _146_/A1 (sky130_fd_sc_hd__mux2_1)
     1    0.001732    0.022783    0.066806    0.447139 ^ _146_/X (sky130_fd_sc_hd__mux2_1)
                                                         _072_ (net)
                      0.022783    0.000033    0.447172 ^ _147_/B (sky130_fd_sc_hd__or2_2)
     1    0.004134    0.025065    0.062494    0.509665 ^ _147_/X (sky130_fd_sc_hd__or2_2)
                                                         _024_ (net)
                      0.025066    0.000146    0.509811 ^ _238_/D (sky130_fd_sc_hd__dfxtp_2)
                                              0.509811   data arrival time

                                  0.000000    0.000000   clock clk (rise edge)
                                  0.000000    0.000000   clock source latency
     1    0.015203    0.000000    0.000000    0.000000 ^ clk (in)
                                                         clk (net)
                      0.001185    0.000592    0.000592 ^ clkbuf_0_clk/A (sky130_fd_sc_hd__clkbuf_16)
     4    0.040407    0.045270    0.088777    0.089369 ^ clkbuf_0_clk/X (sky130_fd_sc_hd__clkbuf_16)
                                                         clknet_0_clk (net)
                      0.045307    0.001109    0.090478 ^ clkbuf_2_1__f_clk/A (sky130_fd_sc_hd__clkbuf_16)
     9    0.027159    0.036089    0.093511    0.183989 ^ clkbuf_2_1__f_clk/X (sky130_fd_sc_hd__clkbuf_16)
                                                         clknet_2_1__leaf_clk (net)
                      0.036093    0.000387    0.184375 ^ _238_/CLK (sky130_fd_sc_hd__dfxtp_2)
                                  0.000000    0.184375   clock reconvergence pessimism
                                 -0.016759    0.167617   library hold time
                                              0.167617   data required time
---------------------------------------------------------------------------------------------
                                              0.167617   data required time
                                             -0.509811   data arrival time
---------------------------------------------------------------------------------------------
                                              0.342194   slack (MET)


Startpoint: _237_ (rising edge-triggered flip-flop clocked by clk)
Endpoint: _237_ (rising edge-triggered flip-flop clocked by clk)
Path Group: clk
Path Type: min

Fanout         Cap        Slew       Delay        Time   Description
---------------------------------------------------------------------------------------------
                                  0.000000    0.000000   clock clk (rise edge)
                                  0.000000    0.000000   clock source latency
     1    0.015203    0.000000    0.000000    0.000000 ^ clk (in)
                                                         clk (net)
                      0.001185    0.000592    0.000592 ^ clkbuf_0_clk/A (sky130_fd_sc_hd__clkbuf_16)
     4    0.040407    0.045270    0.088777    0.089369 ^ clkbuf_0_clk/X (sky130_fd_sc_hd__clkbuf_16)
                                                         clknet_0_clk (net)
                      0.045304    0.001063    0.090432 ^ clkbuf_2_0__f_clk/A (sky130_fd_sc_hd__clkbuf_16)
     8    0.029405    0.037719    0.094740    0.185172 ^ clkbuf_2_0__f_clk/X (sky130_fd_sc_hd__clkbuf_16)
                                                         clknet_2_0__leaf_clk (net)
                      0.037776    0.001259    0.186431 ^ _237_/CLK (sky130_fd_sc_hd__dfxtp_2)
     2    0.005281    0.029367    0.196391    0.382821 ^ _237_/Q (sky130_fd_sc_hd__dfxtp_2)
                                                         tx_shift[2] (net)
                      0.029367    0.000132    0.382953 ^ _143_/A1 (sky130_fd_sc_hd__mux2_1)
     1    0.002680    0.028005    0.071687    0.454640 ^ _143_/X (sky130_fd_sc_hd__mux2_1)
                                                         _070_ (net)
                      0.028005    0.000055    0.454695 ^ _144_/B (sky130_fd_sc_hd__or2_2)
     1    0.003024    0.021429    0.060628    0.515323 ^ _144_/X (sky130_fd_sc_hd__or2_2)
                                                         _023_ (net)
                      0.021429    0.000088    0.515411 ^ _237_/D (sky130_fd_sc_hd__dfxtp_2)
                                              0.515411   data arrival time

                                  0.000000    0.000000   clock clk (rise edge)
                                  0.000000    0.000000   clock source latency
     1    0.015203    0.000000    0.000000    0.000000 ^ clk (in)
                                                         clk (net)
                      0.001185    0.000592    0.000592 ^ clkbuf_0_clk/A (sky130_fd_sc_hd__clkbuf_16)
     4    0.040407    0.045270    0.088777    0.089369 ^ clkbuf_0_clk/X (sky130_fd_sc_hd__clkbuf_16)
                                                         clknet_0_clk (net)
                      0.045304    0.001063    0.090432 ^ clkbuf_2_0__f_clk/A (sky130_fd_sc_hd__clkbuf_16)
     8    0.029405    0.037719    0.094740    0.185172 ^ clkbuf_2_0__f_clk/X (sky130_fd_sc_hd__clkbuf_16)
                                                         clknet_2_0__leaf_clk (net)
                      0.037776    0.001259    0.186431 ^ _237_/CLK (sky130_fd_sc_hd__dfxtp_2)
                                  0.000000    0.186431   clock reconvergence pessimism
                                 -0.016462    0.169969   library hold time
                                              0.169969   data required time
---------------------------------------------------------------------------------------------
                                              0.169969   data required time
                                             -0.515411   data arrival time
---------------------------------------------------------------------------------------------
                                              0.345442   slack (MET)


Startpoint: _236_ (rising edge-triggered flip-flop clocked by clk)
Endpoint: _236_ (rising edge-triggered flip-flop clocked by clk)
Path Group: clk
Path Type: min

Fanout         Cap        Slew       Delay        Time   Description
---------------------------------------------------------------------------------------------
                                  0.000000    0.000000   clock clk (rise edge)
                                  0.000000    0.000000   clock source latency
     1    0.015203    0.000000    0.000000    0.000000 ^ clk (in)
                                                         clk (net)
                      0.001185    0.000592    0.000592 ^ clkbuf_0_clk/A (sky130_fd_sc_hd__clkbuf_16)
     4    0.040407    0.045270    0.088777    0.089369 ^ clkbuf_0_clk/X (sky130_fd_sc_hd__clkbuf_16)
                                                         clknet_0_clk (net)
                      0.045304    0.001063    0.090432 ^ clkbuf_2_0__f_clk/A (sky130_fd_sc_hd__clkbuf_16)
     8    0.029405    0.037719    0.094740    0.185172 ^ clkbuf_2_0__f_clk/X (sky130_fd_sc_hd__clkbuf_16)
                                                         clknet_2_0__leaf_clk (net)
                      0.037728    0.000604    0.185776 ^ _236_/CLK (sky130_fd_sc_hd__dfxtp_2)
     2    0.004544    0.027003    0.194357    0.380133 ^ _236_/Q (sky130_fd_sc_hd__dfxtp_2)
                                                         tx_shift[1] (net)
                      0.027003    0.000114    0.380247 ^ _140_/A1 (sky130_fd_sc_hd__mux2_1)
     1    0.003177    0.030848    0.073557    0.453804 ^ _140_/X (sky130_fd_sc_hd__mux2_1)
                                                         _068_ (net)
                      0.030848    0.000103    0.453907 ^ _141_/B (sky130_fd_sc_hd__or2_2)
     1    0.003151    0.021838    0.061903    0.515810 ^ _141_/X (sky130_fd_sc_hd__or2_2)
                                                         _022_ (net)
                      0.021838    0.000099    0.515909 ^ _236_/D (sky130_fd_sc_hd__dfxtp_2)
                                              0.515909   data arrival time

                                  0.000000    0.000000   clock clk (rise edge)
                                  0.000000    0.000000   clock source latency
     1    0.015203    0.000000    0.000000    0.000000 ^ clk (in)
                                                         clk (net)
                      0.001185    0.000592    0.000592 ^ clkbuf_0_clk/A (sky130_fd_sc_hd__clkbuf_16)
     4    0.040407    0.045270    0.088777    0.089369 ^ clkbuf_0_clk/X (sky130_fd_sc_hd__clkbuf_16)
                                                         clknet_0_clk (net)
                      0.045304    0.001063    0.090432 ^ clkbuf_2_0__f_clk/A (sky130_fd_sc_hd__clkbuf_16)
     8    0.029405    0.037719    0.094740    0.185172 ^ clkbuf_2_0__f_clk/X (sky130_fd_sc_hd__clkbuf_16)
                                                         clknet_2_0__leaf_clk (net)
                      0.037728    0.000604    0.185776 ^ _236_/CLK (sky130_fd_sc_hd__dfxtp_2)
                                  0.000000    0.185776   clock reconvergence pessimism
                                 -0.016492    0.169285   library hold time
                                              0.169285   data required time
---------------------------------------------------------------------------------------------
                                              0.169285   data required time
                                             -0.515909   data arrival time
---------------------------------------------------------------------------------------------
                                              0.346625   slack (MET)


Startpoint: _231_ (rising edge-triggered flip-flop clocked by clk)
Endpoint: _231_ (rising edge-triggered flip-flop clocked by clk)
Path Group: clk
Path Type: min

Fanout         Cap        Slew       Delay        Time   Description
---------------------------------------------------------------------------------------------
                                  0.000000    0.000000   clock clk (rise edge)
                                  0.000000    0.000000   clock source latency
     1    0.015203    0.000000    0.000000    0.000000 ^ clk (in)
                                                         clk (net)
                      0.001185    0.000592    0.000592 ^ clkbuf_0_clk/A (sky130_fd_sc_hd__clkbuf_16)
     4    0.040407    0.045270    0.088777    0.089369 ^ clkbuf_0_clk/X (sky130_fd_sc_hd__clkbuf_16)
                                                         clknet_0_clk (net)
                      0.045307    0.001109    0.090478 ^ clkbuf_2_1__f_clk/A (sky130_fd_sc_hd__clkbuf_16)
     9    0.027159    0.036089    0.093511    0.183989 ^ clkbuf_2_1__f_clk/X (sky130_fd_sc_hd__clkbuf_16)
                                                         clknet_2_1__leaf_clk (net)
                      0.036092    0.000316    0.184304 ^ _231_/CLK (sky130_fd_sc_hd__dfxtp_2)
     3    0.010768    0.029323    0.207338    0.391643 v _231_/Q (sky130_fd_sc_hd__dfxtp_2)
                                                         baud_counter[15] (net)
                      0.029323    0.000275    0.391918 v _124_/A (sky130_fd_sc_hd__nand4_2)
     1    0.004021    0.032156    0.041377    0.433296 ^ _124_/Y (sky130_fd_sc_hd__nand4_2)
                                                         _057_ (net)
                      0.032156    0.000127    0.433423 ^ _125_/A2 (sky130_fd_sc_hd__o211a_2)
     1    0.002163    0.023587    0.088381    0.521804 ^ _125_/X (sky130_fd_sc_hd__o211a_2)
                                                         _017_ (net)
                      0.023587    0.000062    0.521865 ^ _231_/D (sky130_fd_sc_hd__dfxtp_2)
                                              0.521865   data arrival time

                                  0.000000    0.000000   clock clk (rise edge)
                                  0.000000    0.000000   clock source latency
     1    0.015203    0.000000    0.000000    0.000000 ^ clk (in)
                                                         clk (net)
                      0.001185    0.000592    0.000592 ^ clkbuf_0_clk/A (sky130_fd_sc_hd__clkbuf_16)
     4    0.040407    0.045270    0.088777    0.089369 ^ clkbuf_0_clk/X (sky130_fd_sc_hd__clkbuf_16)
                                                         clknet_0_clk (net)
                      0.045307    0.001109    0.090478 ^ clkbuf_2_1__f_clk/A (sky130_fd_sc_hd__clkbuf_16)
     9    0.027159    0.036089    0.093511    0.183989 ^ clkbuf_2_1__f_clk/X (sky130_fd_sc_hd__clkbuf_16)
                                                         clknet_2_1__leaf_clk (net)
                      0.036092    0.000316    0.184304 ^ _231_/CLK (sky130_fd_sc_hd__dfxtp_2)
                                  0.000000    0.184304   clock reconvergence pessimism
                                 -0.016654    0.167650   library hold time
                                              0.167650   data required time
---------------------------------------------------------------------------------------------
                                              0.167650   data required time
                                             -0.521865   data arrival time
---------------------------------------------------------------------------------------------
                                              0.354215   slack (MET)


Startpoint: _232_ (rising edge-triggered flip-flop clocked by clk)
Endpoint: _232_ (rising edge-triggered flip-flop clocked by clk)
Path Group: clk
Path Type: min

Fanout         Cap        Slew       Delay        Time   Description
---------------------------------------------------------------------------------------------
                                  0.000000    0.000000   clock clk (rise edge)
                                  0.000000    0.000000   clock source latency
     1    0.015203    0.000000    0.000000    0.000000 ^ clk (in)
                                                         clk (net)
                      0.001185    0.000592    0.000592 ^ clkbuf_0_clk/A (sky130_fd_sc_hd__clkbuf_16)
     4    0.040407    0.045270    0.088777    0.089369 ^ clkbuf_0_clk/X (sky130_fd_sc_hd__clkbuf_16)
                                                         clknet_0_clk (net)
                      0.045307    0.001109    0.090478 ^ clkbuf_2_1__f_clk/A (sky130_fd_sc_hd__clkbuf_16)
     9    0.027159    0.036089    0.093511    0.183989 ^ clkbuf_2_1__f_clk/X (sky130_fd_sc_hd__clkbuf_16)
                                                         clknet_2_1__leaf_clk (net)
                      0.036090    0.000193    0.184181 ^ _232_/CLK (sky130_fd_sc_hd__dfxtp_2)
     5    0.025480    0.100872    0.248235    0.432416 ^ _232_/Q (sky130_fd_sc_hd__dfxtp_2)
                                                         bit_index[0] (net)
                      0.100875    0.000663    0.433079 ^ _126_/A (sky130_fd_sc_hd__xnor2_2)
     1    0.005069    0.027989    0.048218    0.481297 v _126_/Y (sky130_fd_sc_hd__xnor2_2)
                                                         _058_ (net)
                      0.027989    0.000159    0.481456 v _127_/B (sky130_fd_sc_hd__nor2_2)
     1    0.002129    0.038632    0.041651    0.523107 ^ _127_/Y (sky130_fd_sc_hd__nor2_2)
                                                         _018_ (net)
                      0.038632    0.000060    0.523167 ^ _232_/D (sky130_fd_sc_hd__dfxtp_2)
                                              0.523167   data arrival time

                                  0.000000    0.000000   clock clk (rise edge)
                                  0.000000    0.000000   clock source latency
     1    0.015203    0.000000    0.000000    0.000000 ^ clk (in)
                                                         clk (net)
                      0.001185    0.000592    0.000592 ^ clkbuf_0_clk/A (sky130_fd_sc_hd__clkbuf_16)
     4    0.040407    0.045270    0.088777    0.089369 ^ clkbuf_0_clk/X (sky130_fd_sc_hd__clkbuf_16)
                                                         clknet_0_clk (net)
                      0.045307    0.001109    0.090478 ^ clkbuf_2_1__f_clk/A (sky130_fd_sc_hd__clkbuf_16)
     9    0.027159    0.036089    0.093511    0.183989 ^ clkbuf_2_1__f_clk/X (sky130_fd_sc_hd__clkbuf_16)
                                                         clknet_2_1__leaf_clk (net)
                      0.036090    0.000193    0.184181 ^ _232_/CLK (sky130_fd_sc_hd__dfxtp_2)
                                  0.000000    0.184181   clock reconvergence pessimism
                                 -0.017718    0.166463   library hold time
                                              0.166463   data required time
---------------------------------------------------------------------------------------------
                                              0.166463   data required time
                                             -0.523167   data arrival time
---------------------------------------------------------------------------------------------
                                              0.356704   slack (MET)


Startpoint: _220_ (rising edge-triggered flip-flop clocked by clk)
Endpoint: _220_ (rising edge-triggered flip-flop clocked by clk)
Path Group: clk
Path Type: min

Fanout         Cap        Slew       Delay        Time   Description
---------------------------------------------------------------------------------------------
                                  0.000000    0.000000   clock clk (rise edge)
                                  0.000000    0.000000   clock source latency
     1    0.015203    0.000000    0.000000    0.000000 ^ clk (in)
                                                         clk (net)
                      0.001185    0.000592    0.000592 ^ clkbuf_0_clk/A (sky130_fd_sc_hd__clkbuf_16)
     4    0.040407    0.045270    0.088777    0.089369 ^ clkbuf_0_clk/X (sky130_fd_sc_hd__clkbuf_16)
                                                         clknet_0_clk (net)
                      0.045303    0.001045    0.090414 ^ clkbuf_2_3__f_clk/A (sky130_fd_sc_hd__clkbuf_16)
     8    0.029063    0.037445    0.094795    0.185209 ^ clkbuf_2_3__f_clk/X (sky130_fd_sc_hd__clkbuf_16)
                                                         clknet_2_3__leaf_clk (net)
                      0.037449    0.000384    0.185593 ^ _220_/CLK (sky130_fd_sc_hd__dfxtp_2)
     4    0.010593    0.047370    0.210456    0.396049 ^ _220_/Q (sky130_fd_sc_hd__dfxtp_2)
                                                         baud_counter[4] (net)
                      0.047370    0.000193    0.396242 ^ _201_/B1 (sky130_fd_sc_hd__a21o_2)
     1    0.001999    0.015876    0.050085    0.446328 ^ _201_/X (sky130_fd_sc_hd__a21o_2)
                                                         _038_ (net)
                      0.015876    0.000055    0.446382 ^ _202_/B (sky130_fd_sc_hd__and3b_2)
     1    0.002184    0.025426    0.089218    0.535600 ^ _202_/X (sky130_fd_sc_hd__and3b_2)
                                                         _006_ (net)
                      0.025426    0.000044    0.535644 ^ _220_/D (sky130_fd_sc_hd__dfxtp_2)
                                              0.535644   data arrival time

                                  0.000000    0.000000   clock clk (rise edge)
                                  0.000000    0.000000   clock source latency
     1    0.015203    0.000000    0.000000    0.000000 ^ clk (in)
                                                         clk (net)
                      0.001185    0.000592    0.000592 ^ clkbuf_0_clk/A (sky130_fd_sc_hd__clkbuf_16)
     4    0.040407    0.045270    0.088777    0.089369 ^ clkbuf_0_clk/X (sky130_fd_sc_hd__clkbuf_16)
                                                         clknet_0_clk (net)
                      0.045303    0.001045    0.090414 ^ clkbuf_2_3__f_clk/A (sky130_fd_sc_hd__clkbuf_16)
     8    0.029063    0.037445    0.094795    0.185209 ^ clkbuf_2_3__f_clk/X (sky130_fd_sc_hd__clkbuf_16)
                                                         clknet_2_3__leaf_clk (net)
                      0.037449    0.000384    0.185593 ^ _220_/CLK (sky130_fd_sc_hd__dfxtp_2)
                                  0.000000    0.185593   clock reconvergence pessimism
                                 -0.016752    0.168841   library hold time
                                              0.168841   data required time
---------------------------------------------------------------------------------------------
                                              0.168841   data required time
                                             -0.535644   data arrival time
---------------------------------------------------------------------------------------------
                                              0.366803   slack (MET)


Startpoint: _222_ (rising edge-triggered flip-flop clocked by clk)
Endpoint: _222_ (rising edge-triggered flip-flop clocked by clk)
Path Group: clk
Path Type: min

Fanout         Cap        Slew       Delay        Time   Description
---------------------------------------------------------------------------------------------
                                  0.000000    0.000000   clock clk (rise edge)
                                  0.000000    0.000000   clock source latency
     1    0.015203    0.000000    0.000000    0.000000 ^ clk (in)
                                                         clk (net)
                      0.001185    0.000592    0.000592 ^ clkbuf_0_clk/A (sky130_fd_sc_hd__clkbuf_16)
     4    0.040407    0.045270    0.088777    0.089369 ^ clkbuf_0_clk/X (sky130_fd_sc_hd__clkbuf_16)
                                                         clknet_0_clk (net)
                      0.045303    0.001045    0.090414 ^ clkbuf_2_3__f_clk/A (sky130_fd_sc_hd__clkbuf_16)
     8    0.029063    0.037445    0.094795    0.185209 ^ clkbuf_2_3__f_clk/X (sky130_fd_sc_hd__clkbuf_16)
                                                         clknet_2_3__leaf_clk (net)
                      0.037447    0.000324    0.185533 ^ _222_/CLK (sky130_fd_sc_hd__dfxtp_2)
     3    0.008359    0.039707    0.204472    0.390005 ^ _222_/Q (sky130_fd_sc_hd__dfxtp_2)
                                                         baud_counter[6] (net)
                      0.039707    0.000190    0.390195 ^ _205_/B1 (sky130_fd_sc_hd__a31o_2)
     1    0.002436    0.019272    0.053738    0.443932 ^ _205_/X (sky130_fd_sc_hd__a31o_2)
                                                         _040_ (net)
                      0.019272    0.000072    0.444004 ^ _207_/C (sky130_fd_sc_hd__and3b_2)
     1    0.002373    0.026065    0.095233    0.539237 ^ _207_/X (sky130_fd_sc_hd__and3b_2)
                                                         _008_ (net)
                      0.026065    0.000068    0.539306 ^ _222_/D (sky130_fd_sc_hd__dfxtp_2)
                                              0.539306   data arrival time

                                  0.000000    0.000000   clock clk (rise edge)
                                  0.000000    0.000000   clock source latency
     1    0.015203    0.000000    0.000000    0.000000 ^ clk (in)
                                                         clk (net)
                      0.001185    0.000592    0.000592 ^ clkbuf_0_clk/A (sky130_fd_sc_hd__clkbuf_16)
     4    0.040407    0.045270    0.088777    0.089369 ^ clkbuf_0_clk/X (sky130_fd_sc_hd__clkbuf_16)
                                                         clknet_0_clk (net)
                      0.045303    0.001045    0.090414 ^ clkbuf_2_3__f_clk/A (sky130_fd_sc_hd__clkbuf_16)
     8    0.029063    0.037445    0.094795    0.185209 ^ clkbuf_2_3__f_clk/X (sky130_fd_sc_hd__clkbuf_16)
                                                         clknet_2_3__leaf_clk (net)
                      0.037447    0.000324    0.185533 ^ _222_/CLK (sky130_fd_sc_hd__dfxtp_2)
                                  0.000000    0.185533   clock reconvergence pessimism
                                 -0.016797    0.168736   library hold time
                                              0.168736   data required time
---------------------------------------------------------------------------------------------
                                              0.168736   data required time
                                             -0.539306   data arrival time
---------------------------------------------------------------------------------------------
                                              0.370570   slack (MET)


Startpoint: _218_ (rising edge-triggered flip-flop clocked by clk)
Endpoint: _218_ (rising edge-triggered flip-flop clocked by clk)
Path Group: clk
Path Type: min

Fanout         Cap        Slew       Delay        Time   Description
---------------------------------------------------------------------------------------------
                                  0.000000    0.000000   clock clk (rise edge)
                                  0.000000    0.000000   clock source latency
     1    0.015203    0.000000    0.000000    0.000000 ^ clk (in)
                                                         clk (net)
                      0.001185    0.000592    0.000592 ^ clkbuf_0_clk/A (sky130_fd_sc_hd__clkbuf_16)
     4    0.040407    0.045270    0.088777    0.089369 ^ clkbuf_0_clk/X (sky130_fd_sc_hd__clkbuf_16)
                                                         clknet_0_clk (net)
                      0.045306    0.001091    0.090460 ^ clkbuf_2_2__f_clk/A (sky130_fd_sc_hd__clkbuf_16)
     9    0.027050    0.036022    0.093280    0.183740 ^ clkbuf_2_2__f_clk/X (sky130_fd_sc_hd__clkbuf_16)
                                                         clknet_2_2__leaf_clk (net)
                      0.036027    0.000439    0.184179 ^ _218_/CLK (sky130_fd_sc_hd__dfxtp_2)
     3    0.008331    0.039610    0.204002    0.388181 ^ _218_/Q (sky130_fd_sc_hd__dfxtp_2)
                                                         baud_counter[2] (net)
                      0.039610    0.000139    0.388320 ^ _195_/B1 (sky130_fd_sc_hd__a31o_2)
     1    0.002926    0.021056    0.055288    0.443608 ^ _195_/X (sky130_fd_sc_hd__a31o_2)
                                                         _034_ (net)
                      0.021057    0.000085    0.443693 ^ _197_/C (sky130_fd_sc_hd__and3b_2)
     1    0.002384    0.026102    0.095658    0.539351 ^ _197_/X (sky130_fd_sc_hd__and3b_2)
                                                         _004_ (net)
                      0.026102    0.000069    0.539420 ^ _218_/D (sky130_fd_sc_hd__dfxtp_2)
                                              0.539420   data arrival time

                                  0.000000    0.000000   clock clk (rise edge)
                                  0.000000    0.000000   clock source latency
     1    0.015203    0.000000    0.000000    0.000000 ^ clk (in)
                                                         clk (net)
                      0.001185    0.000592    0.000592 ^ clkbuf_0_clk/A (sky130_fd_sc_hd__clkbuf_16)
     4    0.040407    0.045270    0.088777    0.089369 ^ clkbuf_0_clk/X (sky130_fd_sc_hd__clkbuf_16)
                                                         clknet_0_clk (net)
                      0.045306    0.001091    0.090460 ^ clkbuf_2_2__f_clk/A (sky130_fd_sc_hd__clkbuf_16)
     9    0.027050    0.036022    0.093280    0.183740 ^ clkbuf_2_2__f_clk/X (sky130_fd_sc_hd__clkbuf_16)
                                                         clknet_2_2__leaf_clk (net)
                      0.036027    0.000439    0.184179 ^ _218_/CLK (sky130_fd_sc_hd__dfxtp_2)
                                  0.000000    0.184179   clock reconvergence pessimism
                                 -0.016834    0.167345   library hold time
                                              0.167345   data required time
---------------------------------------------------------------------------------------------
                                              0.167345   data required time
                                             -0.539420   data arrival time
---------------------------------------------------------------------------------------------
                                              0.372074   slack (MET)


Startpoint: _228_ (rising edge-triggered flip-flop clocked by clk)
Endpoint: _228_ (rising edge-triggered flip-flop clocked by clk)
Path Group: clk
Path Type: min

Fanout         Cap        Slew       Delay        Time   Description
---------------------------------------------------------------------------------------------
                                  0.000000    0.000000   clock clk (rise edge)
                                  0.000000    0.000000   clock source latency
     1    0.015203    0.000000    0.000000    0.000000 ^ clk (in)
                                                         clk (net)
                      0.001185    0.000592    0.000592 ^ clkbuf_0_clk/A (sky130_fd_sc_hd__clkbuf_16)
     4    0.040407    0.045270    0.088777    0.089369 ^ clkbuf_0_clk/X (sky130_fd_sc_hd__clkbuf_16)
                                                         clknet_0_clk (net)
                      0.045307    0.001109    0.090478 ^ clkbuf_2_1__f_clk/A (sky130_fd_sc_hd__clkbuf_16)
     9    0.027159    0.036089    0.093511    0.183989 ^ clkbuf_2_1__f_clk/X (sky130_fd_sc_hd__clkbuf_16)
                                                         clknet_2_1__leaf_clk (net)
                      0.036093    0.000377    0.184366 ^ _228_/CLK (sky130_fd_sc_hd__dfxtp_2)
     4    0.010718    0.047815    0.210332    0.394698 ^ _228_/Q (sky130_fd_sc_hd__dfxtp_2)
                                                         baud_counter[12] (net)
                      0.047815    0.000236    0.394934 ^ _114_/B1 (sky130_fd_sc_hd__a21o_2)
     1    0.002738    0.018191    0.052293    0.447227 ^ _114_/X (sky130_fd_sc_hd__a21o_2)
                                                         _050_ (net)
                      0.018192    0.000080    0.447307 ^ _116_/C (sky130_fd_sc_hd__and3b_2)
     1    0.002208    0.025525    0.094347    0.541655 ^ _116_/X (sky130_fd_sc_hd__and3b_2)
                                                         _014_ (net)
                      0.025525    0.000062    0.541717 ^ _228_/D (sky130_fd_sc_hd__dfxtp_2)
                                              0.541717   data arrival time

                                  0.000000    0.000000   clock clk (rise edge)
                                  0.000000    0.000000   clock source latency
     1    0.015203    0.000000    0.000000    0.000000 ^ clk (in)
                                                         clk (net)
                      0.001185    0.000592    0.000592 ^ clkbuf_0_clk/A (sky130_fd_sc_hd__clkbuf_16)
     4    0.040407    0.045270    0.088777    0.089369 ^ clkbuf_0_clk/X (sky130_fd_sc_hd__clkbuf_16)
                                                         clknet_0_clk (net)
                      0.045307    0.001109    0.090478 ^ clkbuf_2_1__f_clk/A (sky130_fd_sc_hd__clkbuf_16)
     9    0.027159    0.036089    0.093511    0.183989 ^ clkbuf_2_1__f_clk/X (sky130_fd_sc_hd__clkbuf_16)
                                                         clknet_2_1__leaf_clk (net)
                      0.036093    0.000377    0.184366 ^ _228_/CLK (sky130_fd_sc_hd__dfxtp_2)
                                  0.000000    0.184366   clock reconvergence pessimism
                                 -0.016791    0.167574   library hold time
                                              0.167574   data required time
---------------------------------------------------------------------------------------------
                                              0.167574   data required time
                                             -0.541717   data arrival time
---------------------------------------------------------------------------------------------
                                              0.374142   slack (MET)


Startpoint: _230_ (rising edge-triggered flip-flop clocked by clk)
Endpoint: _230_ (rising edge-triggered flip-flop clocked by clk)
Path Group: clk
Path Type: min

Fanout         Cap        Slew       Delay        Time   Description
---------------------------------------------------------------------------------------------
                                  0.000000    0.000000   clock clk (rise edge)
                                  0.000000    0.000000   clock source latency
     1    0.015203    0.000000    0.000000    0.000000 ^ clk (in)
                                                         clk (net)
                      0.001185    0.000592    0.000592 ^ clkbuf_0_clk/A (sky130_fd_sc_hd__clkbuf_16)
     4    0.040407    0.045270    0.088777    0.089369 ^ clkbuf_0_clk/X (sky130_fd_sc_hd__clkbuf_16)
                                                         clknet_0_clk (net)
                      0.045307    0.001109    0.090478 ^ clkbuf_2_1__f_clk/A (sky130_fd_sc_hd__clkbuf_16)
     9    0.027159    0.036089    0.093511    0.183989 ^ clkbuf_2_1__f_clk/X (sky130_fd_sc_hd__clkbuf_16)
                                                         clknet_2_1__leaf_clk (net)
                      0.036091    0.000295    0.184284 ^ _230_/CLK (sky130_fd_sc_hd__dfxtp_2)
     5    0.019294    0.040995    0.219886    0.404170 v _230_/Q (sky130_fd_sc_hd__dfxtp_2)
                                                         baud_counter[14] (net)
                      0.041000    0.000469    0.404639 v _121_/A (sky130_fd_sc_hd__nand4_2)
     1    0.002247    0.027280    0.041236    0.445875 ^ _121_/Y (sky130_fd_sc_hd__nand4_2)
                                                         _055_ (net)
                      0.027280    0.000046    0.445921 ^ _122_/C (sky130_fd_sc_hd__and3_2)
     1    0.002780    0.027192    0.096154    0.542075 ^ _122_/X (sky130_fd_sc_hd__and3_2)
                                                         _016_ (net)
                      0.027192    0.000081    0.542156 ^ _230_/D (sky130_fd_sc_hd__dfxtp_2)
                                              0.542156   data arrival time

                                  0.000000    0.000000   clock clk (rise edge)
                                  0.000000    0.000000   clock source latency
     1    0.015203    0.000000    0.000000    0.000000 ^ clk (in)
                                                         clk (net)
                      0.001185    0.000592    0.000592 ^ clkbuf_0_clk/A (sky130_fd_sc_hd__clkbuf_16)
     4    0.040407    0.045270    0.088777    0.089369 ^ clkbuf_0_clk/X (sky130_fd_sc_hd__clkbuf_16)
                                                         clknet_0_clk (net)
                      0.045307    0.001109    0.090478 ^ clkbuf_2_1__f_clk/A (sky130_fd_sc_hd__clkbuf_16)
     9    0.027159    0.036089    0.093511    0.183989 ^ clkbuf_2_1__f_clk/X (sky130_fd_sc_hd__clkbuf_16)
                                                         clknet_2_1__leaf_clk (net)
                      0.036091    0.000295    0.184284 ^ _230_/CLK (sky130_fd_sc_hd__dfxtp_2)
                                  0.000000    0.184284   clock reconvergence pessimism
                                 -0.016909    0.167374   library hold time
                                              0.167374   data required time
---------------------------------------------------------------------------------------------
                                              0.167374   data required time
                                             -0.542156   data arrival time
---------------------------------------------------------------------------------------------
                                              0.374781   slack (MET)


Startpoint: _224_ (rising edge-triggered flip-flop clocked by clk)
Endpoint: _224_ (rising edge-triggered flip-flop clocked by clk)
Path Group: clk
Path Type: min

Fanout         Cap        Slew       Delay        Time   Description
---------------------------------------------------------------------------------------------
                                  0.000000    0.000000   clock clk (rise edge)
                                  0.000000    0.000000   clock source latency
     1    0.015203    0.000000    0.000000    0.000000 ^ clk (in)
                                                         clk (net)
                      0.001185    0.000592    0.000592 ^ clkbuf_0_clk/A (sky130_fd_sc_hd__clkbuf_16)
     4    0.040407    0.045270    0.088777    0.089369 ^ clkbuf_0_clk/X (sky130_fd_sc_hd__clkbuf_16)
                                                         clknet_0_clk (net)
                      0.045303    0.001045    0.090414 ^ clkbuf_2_3__f_clk/A (sky130_fd_sc_hd__clkbuf_16)
     8    0.029063    0.037445    0.094795    0.185209 ^ clkbuf_2_3__f_clk/X (sky130_fd_sc_hd__clkbuf_16)
                                                         clknet_2_3__leaf_clk (net)
                      0.037447    0.000305    0.185514 ^ _224_/CLK (sky130_fd_sc_hd__dfxtp_2)
     4    0.017358    0.038150    0.217639    0.403153 v _224_/Q (sky130_fd_sc_hd__dfxtp_2)
                                                         baud_counter[8] (net)
                      0.038186    0.000439    0.403592 v _167_/A (sky130_fd_sc_hd__inv_2)
     2    0.008775    0.035711    0.044898    0.448490 ^ _167_/Y (sky130_fd_sc_hd__inv_2)
                                                         _086_ (net)
                      0.035711    0.000172    0.448663 ^ _212_/A1 (sky130_fd_sc_hd__o211a_2)
     1    0.002376    0.024378    0.095582    0.544245 ^ _212_/X (sky130_fd_sc_hd__o211a_2)
                                                         _010_ (net)
                      0.024378    0.000070    0.544315 ^ _224_/D (sky130_fd_sc_hd__dfxtp_2)
                                              0.544315   data arrival time

                                  0.000000    0.000000   clock clk (rise edge)
                                  0.000000    0.000000   clock source latency
     1    0.015203    0.000000    0.000000    0.000000 ^ clk (in)
                                                         clk (net)
                      0.001185    0.000592    0.000592 ^ clkbuf_0_clk/A (sky130_fd_sc_hd__clkbuf_16)
     4    0.040407    0.045270    0.088777    0.089369 ^ clkbuf_0_clk/X (sky130_fd_sc_hd__clkbuf_16)
                                                         clknet_0_clk (net)
                      0.045303    0.001045    0.090414 ^ clkbuf_2_3__f_clk/A (sky130_fd_sc_hd__clkbuf_16)
     8    0.029063    0.037445    0.094795    0.185209 ^ clkbuf_2_3__f_clk/X (sky130_fd_sc_hd__clkbuf_16)
                                                         clknet_2_3__leaf_clk (net)
                      0.037447    0.000305    0.185514 ^ _224_/CLK (sky130_fd_sc_hd__dfxtp_2)
                                  0.000000    0.185514   clock reconvergence pessimism
                                 -0.016678    0.168836   library hold time
                                              0.168836   data required time
---------------------------------------------------------------------------------------------
                                              0.168836   data required time
                                             -0.544315   data arrival time
---------------------------------------------------------------------------------------------
                                              0.375479   slack (MET)


Startpoint: _225_ (rising edge-triggered flip-flop clocked by clk)
Endpoint: _225_ (rising edge-triggered flip-flop clocked by clk)
Path Group: clk
Path Type: min

Fanout         Cap        Slew       Delay        Time   Description
---------------------------------------------------------------------------------------------
                                  0.000000    0.000000   clock clk (rise edge)
                                  0.000000    0.000000   clock source latency
     1    0.015203    0.000000    0.000000    0.000000 ^ clk (in)
                                                         clk (net)
                      0.001185    0.000592    0.000592 ^ clkbuf_0_clk/A (sky130_fd_sc_hd__clkbuf_16)
     4    0.040407    0.045270    0.088777    0.089369 ^ clkbuf_0_clk/X (sky130_fd_sc_hd__clkbuf_16)
                                                         clknet_0_clk (net)
                      0.045303    0.001045    0.090414 ^ clkbuf_2_3__f_clk/A (sky130_fd_sc_hd__clkbuf_16)
     8    0.029063    0.037445    0.094795    0.185209 ^ clkbuf_2_3__f_clk/X (sky130_fd_sc_hd__clkbuf_16)
                                                         clknet_2_3__leaf_clk (net)
                      0.037450    0.000418    0.185627 ^ _225_/CLK (sky130_fd_sc_hd__dfxtp_2)
     4    0.011220    0.049547    0.212086    0.397713 ^ _225_/Q (sky130_fd_sc_hd__dfxtp_2)
                                                         baud_counter[9] (net)
                      0.049547    0.000238    0.397951 ^ _213_/B1 (sky130_fd_sc_hd__a21o_2)
     1    0.002819    0.018473    0.052955    0.450906 ^ _213_/X (sky130_fd_sc_hd__a21o_2)
                                                         _045_ (net)
                      0.018473    0.000089    0.450995 ^ _108_/C (sky130_fd_sc_hd__and3b_2)
     1    0.002139    0.025300    0.094134    0.545129 ^ _108_/X (sky130_fd_sc_hd__and3b_2)
                                                         _011_ (net)
                      0.025300    0.000061    0.545190 ^ _225_/D (sky130_fd_sc_hd__dfxtp_2)
                                              0.545190   data arrival time

                                  0.000000    0.000000   clock clk (rise edge)
                                  0.000000    0.000000   clock source latency
     1    0.015203    0.000000    0.000000    0.000000 ^ clk (in)
                                                         clk (net)
                      0.001185    0.000592    0.000592 ^ clkbuf_0_clk/A (sky130_fd_sc_hd__clkbuf_16)
     4    0.040407    0.045270    0.088777    0.089369 ^ clkbuf_0_clk/X (sky130_fd_sc_hd__clkbuf_16)
                                                         clknet_0_clk (net)
                      0.045303    0.001045    0.090414 ^ clkbuf_2_3__f_clk/A (sky130_fd_sc_hd__clkbuf_16)
     8    0.029063    0.037445    0.094795    0.185209 ^ clkbuf_2_3__f_clk/X (sky130_fd_sc_hd__clkbuf_16)
                                                         clknet_2_3__leaf_clk (net)
                      0.037450    0.000418    0.185627 ^ _225_/CLK (sky130_fd_sc_hd__dfxtp_2)
                                  0.000000    0.185627   clock reconvergence pessimism
                                 -0.016743    0.168884   library hold time
                                              0.168884   data required time
---------------------------------------------------------------------------------------------
                                              0.168884   data required time
                                             -0.545190   data arrival time
---------------------------------------------------------------------------------------------
                                              0.376306   slack (MET)


Startpoint: _227_ (rising edge-triggered flip-flop clocked by clk)
Endpoint: _227_ (rising edge-triggered flip-flop clocked by clk)
Path Group: clk
Path Type: min

Fanout         Cap        Slew       Delay        Time   Description
---------------------------------------------------------------------------------------------
                                  0.000000    0.000000   clock clk (rise edge)
                                  0.000000    0.000000   clock source latency
     1    0.015203    0.000000    0.000000    0.000000 ^ clk (in)
                                                         clk (net)
                      0.001185    0.000592    0.000592 ^ clkbuf_0_clk/A (sky130_fd_sc_hd__clkbuf_16)
     4    0.040407    0.045270    0.088777    0.089369 ^ clkbuf_0_clk/X (sky130_fd_sc_hd__clkbuf_16)
                                                         clknet_0_clk (net)
                      0.045307    0.001109    0.090478 ^ clkbuf_2_1__f_clk/A (sky130_fd_sc_hd__clkbuf_16)
     9    0.027159    0.036089    0.093511    0.183989 ^ clkbuf_2_1__f_clk/X (sky130_fd_sc_hd__clkbuf_16)
                                                         clknet_2_1__leaf_clk (net)
                      0.036091    0.000303    0.184292 ^ _227_/CLK (sky130_fd_sc_hd__dfxtp_2)
    10    0.036269    0.140431    0.275648    0.459940 ^ _227_/Q (sky130_fd_sc_hd__dfxtp_2)
                                                         baud_counter[11] (net)
                      0.140434    0.000851    0.460791 ^ _113_/A1 (sky130_fd_sc_hd__o21ba_2)
     1    0.002432    0.021493    0.094415    0.555206 ^ _113_/X (sky130_fd_sc_hd__o21ba_2)
                                                         _013_ (net)
                      0.021493    0.000070    0.555276 ^ _227_/D (sky130_fd_sc_hd__dfxtp_2)
                                              0.555276   data arrival time

                                  0.000000    0.000000   clock clk (rise edge)
                                  0.000000    0.000000   clock source latency
     1    0.015203    0.000000    0.000000    0.000000 ^ clk (in)
                                                         clk (net)
                      0.001185    0.000592    0.000592 ^ clkbuf_0_clk/A (sky130_fd_sc_hd__clkbuf_16)
     4    0.040407    0.045270    0.088777    0.089369 ^ clkbuf_0_clk/X (sky130_fd_sc_hd__clkbuf_16)
                                                         clknet_0_clk (net)
                      0.045307    0.001109    0.090478 ^ clkbuf_2_1__f_clk/A (sky130_fd_sc_hd__clkbuf_16)
     9    0.027159    0.036089    0.093511    0.183989 ^ clkbuf_2_1__f_clk/X (sky130_fd_sc_hd__clkbuf_16)
                                                         clknet_2_1__leaf_clk (net)
                      0.036091    0.000303    0.184292 ^ _227_/CLK (sky130_fd_sc_hd__dfxtp_2)
                                  0.000000    0.184292   clock reconvergence pessimism
                                 -0.016506    0.167786   library hold time
                                              0.167786   data required time
---------------------------------------------------------------------------------------------
                                              0.167786   data required time
                                             -0.555276   data arrival time
---------------------------------------------------------------------------------------------
                                              0.387491   slack (MET)


Startpoint: _223_ (rising edge-triggered flip-flop clocked by clk)
Endpoint: _223_ (rising edge-triggered flip-flop clocked by clk)
Path Group: clk
Path Type: min

Fanout         Cap        Slew       Delay        Time   Description
---------------------------------------------------------------------------------------------
                                  0.000000    0.000000   clock clk (rise edge)
                                  0.000000    0.000000   clock source latency
     1    0.015203    0.000000    0.000000    0.000000 ^ clk (in)
                                                         clk (net)
                      0.001185    0.000592    0.000592 ^ clkbuf_0_clk/A (sky130_fd_sc_hd__clkbuf_16)
     4    0.040407    0.045270    0.088777    0.089369 ^ clkbuf_0_clk/X (sky130_fd_sc_hd__clkbuf_16)
                                                         clknet_0_clk (net)
                      0.045303    0.001045    0.090414 ^ clkbuf_2_3__f_clk/A (sky130_fd_sc_hd__clkbuf_16)
     8    0.029063    0.037445    0.094795    0.185209 ^ clkbuf_2_3__f_clk/X (sky130_fd_sc_hd__clkbuf_16)
                                                         clknet_2_3__leaf_clk (net)
                      0.037447    0.000294    0.185503 ^ _223_/CLK (sky130_fd_sc_hd__dfxtp_2)
     5    0.018387    0.039627    0.219061    0.404563 v _223_/Q (sky130_fd_sc_hd__dfxtp_2)
                                                         baud_counter[7] (net)
                      0.039632    0.000468    0.405031 v _209_/A (sky130_fd_sc_hd__nand2_2)
     3    0.010937    0.049756    0.057624    0.462656 ^ _209_/Y (sky130_fd_sc_hd__nand2_2)
                                                         _043_ (net)
                      0.049758    0.000289    0.462945 ^ _210_/C (sky130_fd_sc_hd__and3_2)
     1    0.002325    0.025710    0.098670    0.561615 ^ _210_/X (sky130_fd_sc_hd__and3_2)
                                                         _009_ (net)
                      0.025710    0.000047    0.561661 ^ _223_/D (sky130_fd_sc_hd__dfxtp_2)
                                              0.561661   data arrival time

                                  0.000000    0.000000   clock clk (rise edge)
                                  0.000000    0.000000   clock source latency
     1    0.015203    0.000000    0.000000    0.000000 ^ clk (in)
                                                         clk (net)
                      0.001185    0.000592    0.000592 ^ clkbuf_0_clk/A (sky130_fd_sc_hd__clkbuf_16)
     4    0.040407    0.045270    0.088777    0.089369 ^ clkbuf_0_clk/X (sky130_fd_sc_hd__clkbuf_16)
                                                         clknet_0_clk (net)
                      0.045303    0.001045    0.090414 ^ clkbuf_2_3__f_clk/A (sky130_fd_sc_hd__clkbuf_16)
     8    0.029063    0.037445    0.094795    0.185209 ^ clkbuf_2_3__f_clk/X (sky130_fd_sc_hd__clkbuf_16)
                                                         clknet_2_3__leaf_clk (net)
                      0.037447    0.000294    0.185503 ^ _223_/CLK (sky130_fd_sc_hd__dfxtp_2)
                                  0.000000    0.185503   clock reconvergence pessimism
                                 -0.016772    0.168731   library hold time
                                              0.168731   data required time
---------------------------------------------------------------------------------------------
                                              0.168731   data required time
                                             -0.561661   data arrival time
---------------------------------------------------------------------------------------------
                                              0.392931   slack (MET)


Startpoint: _233_ (rising edge-triggered flip-flop clocked by clk)
Endpoint: _233_ (rising edge-triggered flip-flop clocked by clk)
Path Group: clk
Path Type: min

Fanout         Cap        Slew       Delay        Time   Description
---------------------------------------------------------------------------------------------
                                  0.000000    0.000000   clock clk (rise edge)
                                  0.000000    0.000000   clock source latency
     1    0.015203    0.000000    0.000000    0.000000 ^ clk (in)
                                                         clk (net)
                      0.001185    0.000592    0.000592 ^ clkbuf_0_clk/A (sky130_fd_sc_hd__clkbuf_16)
     4    0.040407    0.045270    0.088777    0.089369 ^ clkbuf_0_clk/X (sky130_fd_sc_hd__clkbuf_16)
                                                         clknet_0_clk (net)
                      0.045307    0.001109    0.090478 ^ clkbuf_2_1__f_clk/A (sky130_fd_sc_hd__clkbuf_16)
     9    0.027159    0.036089    0.093511    0.183989 ^ clkbuf_2_1__f_clk/X (sky130_fd_sc_hd__clkbuf_16)
                                                         clknet_2_1__leaf_clk (net)
                      0.036092    0.000325    0.184314 ^ _233_/CLK (sky130_fd_sc_hd__dfxtp_2)
     5    0.016868    0.069374    0.226274    0.410588 ^ _233_/Q (sky130_fd_sc_hd__dfxtp_2)
                                                         bit_index[1] (net)
                      0.069376    0.000438    0.411026 ^ _129_/B1 (sky130_fd_sc_hd__a31o_2)
     1    0.002551    0.020323    0.059760    0.470786 ^ _129_/X (sky130_fd_sc_hd__a31o_2)
                                                         _060_ (net)
                      0.020323    0.000071    0.470857 ^ _131_/C (sky130_fd_sc_hd__and3b_2)
     1    0.003284    0.029034    0.099060    0.569916 ^ _131_/X (sky130_fd_sc_hd__and3b_2)
                                                         _019_ (net)
                      0.029034    0.000106    0.570022 ^ _233_/D (sky130_fd_sc_hd__dfxtp_2)
                                              0.570022   data arrival time

                                  0.000000    0.000000   clock clk (rise edge)
                                  0.000000    0.000000   clock source latency
     1    0.015203    0.000000    0.000000    0.000000 ^ clk (in)
                                                         clk (net)
                      0.001185    0.000592    0.000592 ^ clkbuf_0_clk/A (sky130_fd_sc_hd__clkbuf_16)
     4    0.040407    0.045270    0.088777    0.089369 ^ clkbuf_0_clk/X (sky130_fd_sc_hd__clkbuf_16)
                                                         clknet_0_clk (net)
                      0.045307    0.001109    0.090478 ^ clkbuf_2_1__f_clk/A (sky130_fd_sc_hd__clkbuf_16)
     9    0.027159    0.036089    0.093511    0.183989 ^ clkbuf_2_1__f_clk/X (sky130_fd_sc_hd__clkbuf_16)
                                                         clknet_2_1__leaf_clk (net)
                      0.036092    0.000325    0.184314 ^ _233_/CLK (sky130_fd_sc_hd__dfxtp_2)
                                  0.000000    0.184314   clock reconvergence pessimism
                                 -0.017040    0.167274   library hold time
                                              0.167274   data required time
---------------------------------------------------------------------------------------------
                                              0.167274   data required time
                                             -0.570022   data arrival time
---------------------------------------------------------------------------------------------
                                              0.402748   slack (MET)


Startpoint: _226_ (rising edge-triggered flip-flop clocked by clk)
Endpoint: _226_ (rising edge-triggered flip-flop clocked by clk)
Path Group: clk
Path Type: min

Fanout         Cap        Slew       Delay        Time   Description
---------------------------------------------------------------------------------------------
                                  0.000000    0.000000   clock clk (rise edge)
                                  0.000000    0.000000   clock source latency
     1    0.015203    0.000000    0.000000    0.000000 ^ clk (in)
                                                         clk (net)
                      0.001185    0.000592    0.000592 ^ clkbuf_0_clk/A (sky130_fd_sc_hd__clkbuf_16)
     4    0.040407    0.045270    0.088777    0.089369 ^ clkbuf_0_clk/X (sky130_fd_sc_hd__clkbuf_16)
                                                         clknet_0_clk (net)
                      0.045307    0.001109    0.090478 ^ clkbuf_2_1__f_clk/A (sky130_fd_sc_hd__clkbuf_16)
     9    0.027159    0.036089    0.093511    0.183989 ^ clkbuf_2_1__f_clk/X (sky130_fd_sc_hd__clkbuf_16)
                                                         clknet_2_1__leaf_clk (net)
                      0.036091    0.000311    0.184299 ^ _226_/CLK (sky130_fd_sc_hd__dfxtp_2)
     5    0.014877    0.062094    0.221318    0.405618 ^ _226_/Q (sky130_fd_sc_hd__dfxtp_2)
                                                         baud_counter[10] (net)
                      0.062094    0.000249    0.405867 ^ _109_/A (sky130_fd_sc_hd__or2_2)
     1    0.002596    0.020434    0.070842    0.476709 ^ _109_/X (sky130_fd_sc_hd__or2_2)
                                                         _047_ (net)
                      0.020434    0.000076    0.476785 ^ _111_/C (sky130_fd_sc_hd__and3b_2)
     1    0.002396    0.026143    0.095574    0.572359 ^ _111_/X (sky130_fd_sc_hd__and3b_2)
                                                         _012_ (net)
                      0.026143    0.000068    0.572426 ^ _226_/D (sky130_fd_sc_hd__dfxtp_2)
                                              0.572426   data arrival time

                                  0.000000    0.000000   clock clk (rise edge)
                                  0.000000    0.000000   clock source latency
     1    0.015203    0.000000    0.000000    0.000000 ^ clk (in)
                                                         clk (net)
                      0.001185    0.000592    0.000592 ^ clkbuf_0_clk/A (sky130_fd_sc_hd__clkbuf_16)
     4    0.040407    0.045270    0.088777    0.089369 ^ clkbuf_0_clk/X (sky130_fd_sc_hd__clkbuf_16)
                                                         clknet_0_clk (net)
                      0.045307    0.001109    0.090478 ^ clkbuf_2_1__f_clk/A (sky130_fd_sc_hd__clkbuf_16)
     9    0.027159    0.036089    0.093511    0.183989 ^ clkbuf_2_1__f_clk/X (sky130_fd_sc_hd__clkbuf_16)
                                                         clknet_2_1__leaf_clk (net)
                      0.036091    0.000311    0.184299 ^ _226_/CLK (sky130_fd_sc_hd__dfxtp_2)
                                  0.000000    0.184299   clock reconvergence pessimism
                                 -0.016835    0.167464   library hold time
                                              0.167464   data required time
---------------------------------------------------------------------------------------------
                                              0.167464   data required time
                                             -0.572426   data arrival time
---------------------------------------------------------------------------------------------
                                              0.404962   slack (MET)


Startpoint: _235_ (rising edge-triggered flip-flop clocked by clk)
Endpoint: _235_ (rising edge-triggered flip-flop clocked by clk)
Path Group: clk
Path Type: min

Fanout         Cap        Slew       Delay        Time   Description
---------------------------------------------------------------------------------------------
                                  0.000000    0.000000   clock clk (rise edge)
                                  0.000000    0.000000   clock source latency
     1    0.015203    0.000000    0.000000    0.000000 ^ clk (in)
                                                         clk (net)
                      0.001185    0.000592    0.000592 ^ clkbuf_0_clk/A (sky130_fd_sc_hd__clkbuf_16)
     4    0.040407    0.045270    0.088777    0.089369 ^ clkbuf_0_clk/X (sky130_fd_sc_hd__clkbuf_16)
                                                         clknet_0_clk (net)
                      0.045306    0.001091    0.090460 ^ clkbuf_2_2__f_clk/A (sky130_fd_sc_hd__clkbuf_16)
     9    0.027050    0.036022    0.093280    0.183740 ^ clkbuf_2_2__f_clk/X (sky130_fd_sc_hd__clkbuf_16)
                                                         clknet_2_2__leaf_clk (net)
                      0.036034    0.000616    0.184356 ^ _235_/CLK (sky130_fd_sc_hd__dfxtp_2)
     3    0.013727    0.058117    0.218280    0.402636 ^ _235_/Q (sky130_fd_sc_hd__dfxtp_2)
                                                         bit_index[3] (net)
                      0.058119    0.000383    0.403018 ^ _136_/A (sky130_fd_sc_hd__xor2_2)
     1    0.003086    0.021844    0.039946    0.442965 v _136_/X (sky130_fd_sc_hd__xor2_2)
                                                         _065_ (net)
                      0.021844    0.000102    0.443067 v _137_/C (sky130_fd_sc_hd__and3_2)
     1    0.002109    0.022607    0.119517    0.562583 v _137_/X (sky130_fd_sc_hd__and3_2)
                                                         _021_ (net)
                      0.022607    0.000042    0.562625 v _235_/D (sky130_fd_sc_hd__dfxtp_2)
                                              0.562625   data arrival time

                                  0.000000    0.000000   clock clk (rise edge)
                                  0.000000    0.000000   clock source latency
     1    0.015203    0.000000    0.000000    0.000000 ^ clk (in)
                                                         clk (net)
                      0.001185    0.000592    0.000592 ^ clkbuf_0_clk/A (sky130_fd_sc_hd__clkbuf_16)
     4    0.040407    0.045270    0.088777    0.089369 ^ clkbuf_0_clk/X (sky130_fd_sc_hd__clkbuf_16)
                                                         clknet_0_clk (net)
                      0.045306    0.001091    0.090460 ^ clkbuf_2_2__f_clk/A (sky130_fd_sc_hd__clkbuf_16)
     9    0.027050    0.036022    0.093280    0.183740 ^ clkbuf_2_2__f_clk/X (sky130_fd_sc_hd__clkbuf_16)
                                                         clknet_2_2__leaf_clk (net)
                      0.036034    0.000616    0.184356 ^ _235_/CLK (sky130_fd_sc_hd__dfxtp_2)
                                  0.000000    0.184356   clock reconvergence pessimism
                                 -0.031371    0.152985   library hold time
                                              0.152985   data required time
---------------------------------------------------------------------------------------------
                                              0.152985   data required time
                                             -0.562625   data arrival time
---------------------------------------------------------------------------------------------
                                              0.409640   slack (MET)


Startpoint: _215_ (rising edge-triggered flip-flop clocked by clk)
Endpoint: _215_ (rising edge-triggered flip-flop clocked by clk)
Path Group: clk
Path Type: min

Fanout         Cap        Slew       Delay        Time   Description
---------------------------------------------------------------------------------------------
                                  0.000000    0.000000   clock clk (rise edge)
                                  0.000000    0.000000   clock source latency
     1    0.015203    0.000000    0.000000    0.000000 ^ clk (in)
                                                         clk (net)
                      0.001185    0.000592    0.000592 ^ clkbuf_0_clk/A (sky130_fd_sc_hd__clkbuf_16)
     4    0.040407    0.045270    0.088777    0.089369 ^ clkbuf_0_clk/X (sky130_fd_sc_hd__clkbuf_16)
                                                         clknet_0_clk (net)
                      0.045306    0.001091    0.090460 ^ clkbuf_2_2__f_clk/A (sky130_fd_sc_hd__clkbuf_16)
     9    0.027050    0.036022    0.093280    0.183740 ^ clkbuf_2_2__f_clk/X (sky130_fd_sc_hd__clkbuf_16)
                                                         clknet_2_2__leaf_clk (net)
                      0.036033    0.000582    0.184322 ^ _215_/CLK (sky130_fd_sc_hd__dfxtp_2)
     9    0.039195    0.151139    0.283194    0.467516 ^ _215_/Q (sky130_fd_sc_hd__dfxtp_2)
                                                         net11 (net)
                      0.151139    0.000090    0.467606 ^ _186_/A1 (sky130_fd_sc_hd__o211a_2)
     1    0.003043    0.026832    0.112355    0.579961 ^ _186_/X (sky130_fd_sc_hd__o211a_2)
                                                         _001_ (net)
                      0.026832    0.000094    0.580055 ^ _215_/D (sky130_fd_sc_hd__dfxtp_2)
                                              0.580055   data arrival time

                                  0.000000    0.000000   clock clk (rise edge)
                                  0.000000    0.000000   clock source latency
     1    0.015203    0.000000    0.000000    0.000000 ^ clk (in)
                                                         clk (net)
                      0.001185    0.000592    0.000592 ^ clkbuf_0_clk/A (sky130_fd_sc_hd__clkbuf_16)
     4    0.040407    0.045270    0.088777    0.089369 ^ clkbuf_0_clk/X (sky130_fd_sc_hd__clkbuf_16)
                                                         clknet_0_clk (net)
                      0.045306    0.001091    0.090460 ^ clkbuf_2_2__f_clk/A (sky130_fd_sc_hd__clkbuf_16)
     9    0.027050    0.036022    0.093280    0.183740 ^ clkbuf_2_2__f_clk/X (sky130_fd_sc_hd__clkbuf_16)
                                                         clknet_2_2__leaf_clk (net)
                      0.036033    0.000582    0.184322 ^ _215_/CLK (sky130_fd_sc_hd__dfxtp_2)
                                  0.000000    0.184322   clock reconvergence pessimism
                                 -0.016885    0.167437   library hold time
                                              0.167437   data required time
---------------------------------------------------------------------------------------------
                                              0.167437   data required time
                                             -0.580055   data arrival time
---------------------------------------------------------------------------------------------
                                              0.412619   slack (MET)


Startpoint: _214_ (rising edge-triggered flip-flop clocked by clk)
Endpoint: tx (output port clocked by clk)
Path Group: clk
Path Type: min

Fanout         Cap        Slew       Delay        Time   Description
---------------------------------------------------------------------------------------------
                                  0.000000    0.000000   clock clk (rise edge)
                                  0.000000    0.000000   clock source latency
     1    0.015203    0.000000    0.000000    0.000000 ^ clk (in)
                                                         clk (net)
                      0.001185    0.000592    0.000592 ^ clkbuf_0_clk/A (sky130_fd_sc_hd__clkbuf_16)
     4    0.040407    0.045270    0.088777    0.089369 ^ clkbuf_0_clk/X (sky130_fd_sc_hd__clkbuf_16)
                                                         clknet_0_clk (net)
                      0.045304    0.001063    0.090432 ^ clkbuf_2_0__f_clk/A (sky130_fd_sc_hd__clkbuf_16)
     8    0.029405    0.037719    0.094740    0.185172 ^ clkbuf_2_0__f_clk/X (sky130_fd_sc_hd__clkbuf_16)
                                                         clknet_2_0__leaf_clk (net)
                      0.037729    0.000628    0.185800 ^ _214_/CLK (sky130_fd_sc_hd__dfxtp_2)
     2    0.007312    0.023862    0.201814    0.387613 v _214_/Q (sky130_fd_sc_hd__dfxtp_2)
                                                         net12 (net)
                      0.023862    0.000163    0.387777 v output12/A (sky130_fd_sc_hd__clkdlybuf4s25_1)
     1    0.001007    0.019531    0.144688    0.532464 v output12/X (sky130_fd_sc_hd__clkdlybuf4s25_1)
                                                         tx (net)
                      0.019531    0.000012    0.532476 v tx (out)
                                              0.532476   data arrival time

                                  0.000000    0.000000   clock clk (rise edge)
                                  0.000000    0.000000   clock network delay (propagated)
                                  0.000000    0.000000   clock reconvergence pessimism
                                 -2.000000   -2.000000   output external delay
                                             -2.000000   data required time
---------------------------------------------------------------------------------------------
                                             -2.000000   data required time
                                             -0.532476   data arrival time
---------------------------------------------------------------------------------------------
                                              2.532476   slack (MET)


Startpoint: _215_ (rising edge-triggered flip-flop clocked by clk)
Endpoint: busy (output port clocked by clk)
Path Group: clk
Path Type: min

Fanout         Cap        Slew       Delay        Time   Description
---------------------------------------------------------------------------------------------
                                  0.000000    0.000000   clock clk (rise edge)
                                  0.000000    0.000000   clock source latency
     1    0.015203    0.000000    0.000000    0.000000 ^ clk (in)
                                                         clk (net)
                      0.001185    0.000592    0.000592 ^ clkbuf_0_clk/A (sky130_fd_sc_hd__clkbuf_16)
     4    0.040407    0.045270    0.088777    0.089369 ^ clkbuf_0_clk/X (sky130_fd_sc_hd__clkbuf_16)
                                                         clknet_0_clk (net)
                      0.045306    0.001091    0.090460 ^ clkbuf_2_2__f_clk/A (sky130_fd_sc_hd__clkbuf_16)
     9    0.027050    0.036022    0.093280    0.183740 ^ clkbuf_2_2__f_clk/X (sky130_fd_sc_hd__clkbuf_16)
                                                         clknet_2_2__leaf_clk (net)
                      0.036033    0.000582    0.184322 ^ _215_/CLK (sky130_fd_sc_hd__dfxtp_2)
     9    0.036759    0.066961    0.242151    0.426473 v _215_/Q (sky130_fd_sc_hd__dfxtp_2)
                                                         net11 (net)
                      0.066971    0.000800    0.427273 v output11/A (sky130_fd_sc_hd__clkdlybuf4s25_1)
     1    0.000946    0.019174    0.161454    0.588727 v output11/X (sky130_fd_sc_hd__clkdlybuf4s25_1)
                                                         busy (net)
                      0.019174    0.000012    0.588739 v busy (out)
                                              0.588739   data arrival time

                                  0.000000    0.000000   clock clk (rise edge)
                                  0.000000    0.000000   clock network delay (propagated)
                                  0.000000    0.000000   clock reconvergence pessimism
                                 -2.000000   -2.000000   output external delay
                                             -2.000000   data required time
---------------------------------------------------------------------------------------------
                                             -2.000000   data required time
                                             -0.588739   data arrival time
---------------------------------------------------------------------------------------------
                                              2.588739   slack (MET)



%OL_END_REPORT
%OL_CREATE_REPORT max.rpt

===========================================================================
report_checks -path_delay max (Setup)
============================================================================
======================= nom_ff_n40C_1v95 Corner ===================================

Startpoint: tx_start (input port clocked by clk)
Endpoint: _236_ (rising edge-triggered flip-flop clocked by clk)
Path Group: clk
Path Type: max

Fanout         Cap        Slew       Delay        Time   Description
---------------------------------------------------------------------------------------------
                                  0.000000    0.000000   clock clk (rise edge)
                                  0.000000    0.000000   clock network delay (propagated)
                                  2.000000    2.000000 ^ input external delay
     1    0.003887    0.000000    0.000000    2.000000 ^ tx_start (in)
                                                         tx_start (net)
                      0.000095    0.000048    2.000048 ^ input10/A (sky130_fd_sc_hd__clkdlybuf4s25_1)
     4    0.015570    0.122853    0.214840    2.214888 ^ input10/X (sky130_fd_sc_hd__clkdlybuf4s25_1)
                                                         net10 (net)
                      0.122853    0.000415    2.215303 ^ _169_/B (sky130_fd_sc_hd__and2_2)
     8    0.040425    0.157804    0.198241    2.413545 ^ _169_/X (sky130_fd_sc_hd__and2_2)
                                                         _088_ (net)
                      0.157897    0.002089    2.415634 ^ _139_/S (sky130_fd_sc_hd__mux2_1)
     1    0.003385    0.040482    0.195314    2.610948 v _139_/X (sky130_fd_sc_hd__mux2_1)
                                                         _067_ (net)
                      0.040482    0.000116    2.611064 v _140_/A0 (sky130_fd_sc_hd__mux2_1)
     1    0.002985    0.038684    0.144436    2.755501 v _140_/X (sky130_fd_sc_hd__mux2_1)
                                                         _068_ (net)
                      0.038684    0.000095    2.755596 v _141_/B (sky130_fd_sc_hd__or2_2)
     1    0.003186    0.037760    0.158555    2.914152 v _141_/X (sky130_fd_sc_hd__or2_2)
                                                         _022_ (net)
                      0.037760    0.000101    2.914253 v _236_/D (sky130_fd_sc_hd__dfxtp_2)
                                              2.914253   data arrival time

                                 20.000000   20.000000   clock clk (rise edge)
                                  0.000000   20.000000   clock source latency
     1    0.015203    0.000000    0.000000   20.000000 ^ clk (in)
                                                         clk (net)
                      0.001185    0.000592   20.000591 ^ clkbuf_0_clk/A (sky130_fd_sc_hd__clkbuf_16)
     4    0.040407    0.045270    0.088777   20.089369 ^ clkbuf_0_clk/X (sky130_fd_sc_hd__clkbuf_16)
                                                         clknet_0_clk (net)
                      0.045304    0.001064   20.090433 ^ clkbuf_2_0__f_clk/A (sky130_fd_sc_hd__clkbuf_16)
     8    0.029405    0.037719    0.094740   20.185173 ^ clkbuf_2_0__f_clk/X (sky130_fd_sc_hd__clkbuf_16)
                                                         clknet_2_0__leaf_clk (net)
                      0.037728    0.000604   20.185778 ^ _236_/CLK (sky130_fd_sc_hd__dfxtp_2)
                                  0.000000   20.185778   clock reconvergence pessimism
                                 -0.072729   20.113049   library setup time
                                             20.113049   data required time
---------------------------------------------------------------------------------------------
                                             20.113049   data required time
                                             -2.914253   data arrival time
---------------------------------------------------------------------------------------------
                                             17.198795   slack (MET)


Startpoint: tx_start (input port clocked by clk)
Endpoint: _237_ (rising edge-triggered flip-flop clocked by clk)
Path Group: clk
Path Type: max

Fanout         Cap        Slew       Delay        Time   Description
---------------------------------------------------------------------------------------------
                                  0.000000    0.000000   clock clk (rise edge)
                                  0.000000    0.000000   clock network delay (propagated)
                                  2.000000    2.000000 ^ input external delay
     1    0.003887    0.000000    0.000000    2.000000 ^ tx_start (in)
                                                         tx_start (net)
                      0.000095    0.000048    2.000048 ^ input10/A (sky130_fd_sc_hd__clkdlybuf4s25_1)
     4    0.015570    0.122853    0.214840    2.214888 ^ input10/X (sky130_fd_sc_hd__clkdlybuf4s25_1)
                                                         net10 (net)
                      0.122853    0.000415    2.215303 ^ _169_/B (sky130_fd_sc_hd__and2_2)
     8    0.040425    0.157804    0.198241    2.413545 ^ _169_/X (sky130_fd_sc_hd__and2_2)
                                                         _088_ (net)
                      0.157898    0.002116    2.415660 ^ _142_/S (sky130_fd_sc_hd__mux2_1)
     1    0.002864    0.038171    0.192123    2.607783 v _142_/X (sky130_fd_sc_hd__mux2_1)
                                                         _069_ (net)
                      0.038171    0.000084    2.607867 v _143_/A0 (sky130_fd_sc_hd__mux2_1)
     1    0.002488    0.036755    0.140734    2.748601 v _143_/X (sky130_fd_sc_hd__mux2_1)
                                                         _070_ (net)
                      0.036755    0.000051    2.748651 v _144_/B (sky130_fd_sc_hd__or2_2)
     1    0.003059    0.037470    0.157482    2.906133 v _144_/X (sky130_fd_sc_hd__or2_2)
                                                         _023_ (net)
                      0.037470    0.000089    2.906222 v _237_/D (sky130_fd_sc_hd__dfxtp_2)
                                              2.906222   data arrival time

                                 20.000000   20.000000   clock clk (rise edge)
                                  0.000000   20.000000   clock source latency
     1    0.015203    0.000000    0.000000   20.000000 ^ clk (in)
                                                         clk (net)
                      0.001185    0.000592   20.000591 ^ clkbuf_0_clk/A (sky130_fd_sc_hd__clkbuf_16)
     4    0.040407    0.045270    0.088777   20.089369 ^ clkbuf_0_clk/X (sky130_fd_sc_hd__clkbuf_16)
                                                         clknet_0_clk (net)
                      0.045304    0.001064   20.090433 ^ clkbuf_2_0__f_clk/A (sky130_fd_sc_hd__clkbuf_16)
     8    0.029405    0.037719    0.094740   20.185173 ^ clkbuf_2_0__f_clk/X (sky130_fd_sc_hd__clkbuf_16)
                                                         clknet_2_0__leaf_clk (net)
                      0.037776    0.001258   20.186430 ^ _237_/CLK (sky130_fd_sc_hd__dfxtp_2)
                                  0.000000   20.186430   clock reconvergence pessimism
                                 -0.072621   20.113810   library setup time
                                             20.113810   data required time
---------------------------------------------------------------------------------------------
                                             20.113810   data required time
                                             -2.906222   data arrival time
---------------------------------------------------------------------------------------------
                                             17.207586   slack (MET)


Startpoint: tx_start (input port clocked by clk)
Endpoint: _238_ (rising edge-triggered flip-flop clocked by clk)
Path Group: clk
Path Type: max

Fanout         Cap        Slew       Delay        Time   Description
---------------------------------------------------------------------------------------------
                                  0.000000    0.000000   clock clk (rise edge)
                                  0.000000    0.000000   clock network delay (propagated)
                                  2.000000    2.000000 ^ input external delay
     1    0.003887    0.000000    0.000000    2.000000 ^ tx_start (in)
                                                         tx_start (net)
                      0.000095    0.000048    2.000048 ^ input10/A (sky130_fd_sc_hd__clkdlybuf4s25_1)
     4    0.015570    0.122853    0.214840    2.214888 ^ input10/X (sky130_fd_sc_hd__clkdlybuf4s25_1)
                                                         net10 (net)
                      0.122853    0.000415    2.215303 ^ _169_/B (sky130_fd_sc_hd__and2_2)
     8    0.040425    0.157804    0.198241    2.413545 ^ _169_/X (sky130_fd_sc_hd__and2_2)
                                                         _088_ (net)
                      0.157898    0.002111    2.415656 ^ _145_/S (sky130_fd_sc_hd__mux2_1)
     1    0.002748    0.037738    0.191403    2.607059 v _145_/X (sky130_fd_sc_hd__mux2_1)
                                                         _071_ (net)
                      0.037738    0.000083    2.607143 v _146_/A0 (sky130_fd_sc_hd__mux2_1)
     1    0.001540    0.033220    0.134852    2.741994 v _146_/X (sky130_fd_sc_hd__mux2_1)
                                                         _072_ (net)
                      0.033220    0.000029    2.742023 v _147_/B (sky130_fd_sc_hd__or2_2)
     1    0.004169    0.040265    0.160540    2.902563 v _147_/X (sky130_fd_sc_hd__or2_2)
                                                         _024_ (net)
                      0.040265    0.000147    2.902710 v _238_/D (sky130_fd_sc_hd__dfxtp_2)
                                              2.902710   data arrival time

                                 20.000000   20.000000   clock clk (rise edge)
                                  0.000000   20.000000   clock source latency
     1    0.015203    0.000000    0.000000   20.000000 ^ clk (in)
                                                         clk (net)
                      0.001185    0.000592   20.000591 ^ clkbuf_0_clk/A (sky130_fd_sc_hd__clkbuf_16)
     4    0.040407    0.045270    0.088777   20.089369 ^ clkbuf_0_clk/X (sky130_fd_sc_hd__clkbuf_16)
                                                         clknet_0_clk (net)
                      0.045307    0.001108   20.090477 ^ clkbuf_2_1__f_clk/A (sky130_fd_sc_hd__clkbuf_16)
     9    0.027159    0.036089    0.093511   20.183989 ^ clkbuf_2_1__f_clk/X (sky130_fd_sc_hd__clkbuf_16)
                                                         clknet_2_1__leaf_clk (net)
                      0.036093    0.000387   20.184376 ^ _238_/CLK (sky130_fd_sc_hd__dfxtp_2)
                                  0.000000   20.184376   clock reconvergence pessimism
                                 -0.073781   20.110594   library setup time
                                             20.110594   data required time
---------------------------------------------------------------------------------------------
                                             20.110594   data required time
                                             -2.902710   data arrival time
---------------------------------------------------------------------------------------------
                                             17.207886   slack (MET)


Startpoint: tx_start (input port clocked by clk)
Endpoint: _240_ (rising edge-triggered flip-flop clocked by clk)
Path Group: clk
Path Type: max

Fanout         Cap        Slew       Delay        Time   Description
---------------------------------------------------------------------------------------------
                                  0.000000    0.000000   clock clk (rise edge)
                                  0.000000    0.000000   clock network delay (propagated)
                                  2.000000    2.000000 ^ input external delay
     1    0.003887    0.000000    0.000000    2.000000 ^ tx_start (in)
                                                         tx_start (net)
                      0.000095    0.000048    2.000048 ^ input10/A (sky130_fd_sc_hd__clkdlybuf4s25_1)
     4    0.015570    0.122853    0.214840    2.214888 ^ input10/X (sky130_fd_sc_hd__clkdlybuf4s25_1)
                                                         net10 (net)
                      0.122853    0.000415    2.215303 ^ _169_/B (sky130_fd_sc_hd__and2_2)
     8    0.040425    0.157804    0.198241    2.413545 ^ _169_/X (sky130_fd_sc_hd__and2_2)
                                                         _088_ (net)
                      0.157876    0.001454    2.414999 ^ _151_/S (sky130_fd_sc_hd__mux2_1)
     1    0.002888    0.038274    0.192262    2.607260 v _151_/X (sky130_fd_sc_hd__mux2_1)
                                                         _075_ (net)
                      0.038274    0.000091    2.607352 v _152_/A0 (sky130_fd_sc_hd__mux2_1)
     1    0.002125    0.035406    0.138554    2.745906 v _152_/X (sky130_fd_sc_hd__mux2_1)
                                                         _076_ (net)
                      0.035406    0.000062    2.745968 v _153_/B (sky130_fd_sc_hd__or2_2)
     1    0.002253    0.035610    0.154037    2.900004 v _153_/X (sky130_fd_sc_hd__or2_2)
                                                         _026_ (net)
                      0.035610    0.000065    2.900069 v _240_/D (sky130_fd_sc_hd__dfxtp_2)
                                              2.900069   data arrival time

                                 20.000000   20.000000   clock clk (rise edge)
                                  0.000000   20.000000   clock source latency
     1    0.015203    0.000000    0.000000   20.000000 ^ clk (in)
                                                         clk (net)
                      0.001185    0.000592   20.000591 ^ clkbuf_0_clk/A (sky130_fd_sc_hd__clkbuf_16)
     4    0.040407    0.045270    0.088777   20.089369 ^ clkbuf_0_clk/X (sky130_fd_sc_hd__clkbuf_16)
                                                         clknet_0_clk (net)
                      0.045304    0.001064   20.090433 ^ clkbuf_2_0__f_clk/A (sky130_fd_sc_hd__clkbuf_16)
     8    0.029405    0.037719    0.094740   20.185173 ^ clkbuf_2_0__f_clk/X (sky130_fd_sc_hd__clkbuf_16)
                                                         clknet_2_0__leaf_clk (net)
                      0.037766    0.001151   20.186325 ^ _240_/CLK (sky130_fd_sc_hd__dfxtp_2)
                                  0.000000   20.186325   clock reconvergence pessimism
                                 -0.071958   20.114367   library setup time
                                             20.114367   data required time
---------------------------------------------------------------------------------------------
                                             20.114367   data required time
                                             -2.900069   data arrival time
---------------------------------------------------------------------------------------------
                                             17.214296   slack (MET)


Startpoint: tx_start (input port clocked by clk)
Endpoint: _241_ (rising edge-triggered flip-flop clocked by clk)
Path Group: clk
Path Type: max

Fanout         Cap        Slew       Delay        Time   Description
---------------------------------------------------------------------------------------------
                                  0.000000    0.000000   clock clk (rise edge)
                                  0.000000    0.000000   clock network delay (propagated)
                                  2.000000    2.000000 ^ input external delay
     1    0.003887    0.000000    0.000000    2.000000 ^ tx_start (in)
                                                         tx_start (net)
                      0.000095    0.000048    2.000048 ^ input10/A (sky130_fd_sc_hd__clkdlybuf4s25_1)
     4    0.015570    0.122853    0.214840    2.214888 ^ input10/X (sky130_fd_sc_hd__clkdlybuf4s25_1)
                                                         net10 (net)
                      0.122853    0.000415    2.215303 ^ _169_/B (sky130_fd_sc_hd__and2_2)
     8    0.040425    0.157804    0.198241    2.413545 ^ _169_/X (sky130_fd_sc_hd__and2_2)
                                                         _088_ (net)
                      0.157873    0.001360    2.414904 ^ _154_/S (sky130_fd_sc_hd__mux2_1)
     1    0.002423    0.036533    0.189413    2.604318 v _154_/X (sky130_fd_sc_hd__mux2_1)
                                                         _077_ (net)
                      0.036533    0.000069    2.604387 v _155_/A0 (sky130_fd_sc_hd__mux2_1)
     1    0.002073    0.035214    0.137713    2.742100 v _155_/X (sky130_fd_sc_hd__mux2_1)
                                                         _078_ (net)
                      0.035214    0.000056    2.742156 v _156_/B (sky130_fd_sc_hd__or2_2)
     1    0.002499    0.036181    0.154904    2.897060 v _156_/X (sky130_fd_sc_hd__or2_2)
                                                         _027_ (net)
                      0.036181    0.000051    2.897110 v _241_/D (sky130_fd_sc_hd__dfxtp_2)
                                              2.897110   data arrival time

                                 20.000000   20.000000   clock clk (rise edge)
                                  0.000000   20.000000   clock source latency
     1    0.015203    0.000000    0.000000   20.000000 ^ clk (in)
                                                         clk (net)
                      0.001185    0.000592   20.000591 ^ clkbuf_0_clk/A (sky130_fd_sc_hd__clkbuf_16)
     4    0.040407    0.045270    0.088777   20.089369 ^ clkbuf_0_clk/X (sky130_fd_sc_hd__clkbuf_16)
                                                         clknet_0_clk (net)
                      0.045304    0.001064   20.090433 ^ clkbuf_2_0__f_clk/A (sky130_fd_sc_hd__clkbuf_16)
     8    0.029405    0.037719    0.094740   20.185173 ^ clkbuf_2_0__f_clk/X (sky130_fd_sc_hd__clkbuf_16)
                                                         clknet_2_0__leaf_clk (net)
                      0.037747    0.000922   20.186094 ^ _241_/CLK (sky130_fd_sc_hd__dfxtp_2)
                                  0.000000   20.186094   clock reconvergence pessimism
                                 -0.072164   20.113930   library setup time
                                             20.113930   data required time
---------------------------------------------------------------------------------------------
                                             20.113930   data required time
                                             -2.897110   data arrival time
---------------------------------------------------------------------------------------------
                                             17.216820   slack (MET)


Startpoint: tx_start (input port clocked by clk)
Endpoint: _239_ (rising edge-triggered flip-flop clocked by clk)
Path Group: clk
Path Type: max

Fanout         Cap        Slew       Delay        Time   Description
---------------------------------------------------------------------------------------------
                                  0.000000    0.000000   clock clk (rise edge)
                                  0.000000    0.000000   clock network delay (propagated)
                                  2.000000    2.000000 ^ input external delay
     1    0.003887    0.000000    0.000000    2.000000 ^ tx_start (in)
                                                         tx_start (net)
                      0.000095    0.000048    2.000048 ^ input10/A (sky130_fd_sc_hd__clkdlybuf4s25_1)
     4    0.015570    0.122853    0.214840    2.214888 ^ input10/X (sky130_fd_sc_hd__clkdlybuf4s25_1)
                                                         net10 (net)
                      0.122853    0.000415    2.215303 ^ _169_/B (sky130_fd_sc_hd__and2_2)
     8    0.040425    0.157804    0.198241    2.413545 ^ _169_/X (sky130_fd_sc_hd__and2_2)
                                                         _088_ (net)
                      0.157900    0.002172    2.415717 ^ _148_/S (sky130_fd_sc_hd__mux2_1)
     1    0.002656    0.037397    0.190845    2.606561 v _148_/X (sky130_fd_sc_hd__mux2_1)
                                                         _073_ (net)
                      0.037397    0.000079    2.606640 v _149_/A0 (sky130_fd_sc_hd__mux2_1)
     1    0.001790    0.034161    0.136263    2.742903 v _149_/X (sky130_fd_sc_hd__mux2_1)
                                                         _074_ (net)
                      0.034161    0.000050    2.742953 v _150_/B (sky130_fd_sc_hd__or2_2)
     1    0.002194    0.035471    0.153430    2.896384 v _150_/X (sky130_fd_sc_hd__or2_2)
                                                         _025_ (net)
                      0.035472    0.000062    2.896445 v _239_/D (sky130_fd_sc_hd__dfxtp_2)
                                              2.896445   data arrival time

                                 20.000000   20.000000   clock clk (rise edge)
                                  0.000000   20.000000   clock source latency
     1    0.015203    0.000000    0.000000   20.000000 ^ clk (in)
                                                         clk (net)
                      0.001185    0.000592   20.000591 ^ clkbuf_0_clk/A (sky130_fd_sc_hd__clkbuf_16)
     4    0.040407    0.045270    0.088777   20.089369 ^ clkbuf_0_clk/X (sky130_fd_sc_hd__clkbuf_16)
                                                         clknet_0_clk (net)
                      0.045304    0.001064   20.090433 ^ clkbuf_2_0__f_clk/A (sky130_fd_sc_hd__clkbuf_16)
     8    0.029405    0.037719    0.094740   20.185173 ^ clkbuf_2_0__f_clk/X (sky130_fd_sc_hd__clkbuf_16)
                                                         clknet_2_0__leaf_clk (net)
                      0.037772    0.001222   20.186396 ^ _239_/CLK (sky130_fd_sc_hd__dfxtp_2)
                                  0.000000   20.186396   clock reconvergence pessimism
                                 -0.071908   20.114487   library setup time
                                             20.114487   data required time
---------------------------------------------------------------------------------------------
                                             20.114487   data required time
                                             -2.896445   data arrival time
---------------------------------------------------------------------------------------------
                                             17.218040   slack (MET)


Startpoint: tx_start (input port clocked by clk)
Endpoint: _242_ (rising edge-triggered flip-flop clocked by clk)
Path Group: clk
Path Type: max

Fanout         Cap        Slew       Delay        Time   Description
---------------------------------------------------------------------------------------------
                                  0.000000    0.000000   clock clk (rise edge)
                                  0.000000    0.000000   clock network delay (propagated)
                                  2.000000    2.000000 ^ input external delay
     1    0.003887    0.000000    0.000000    2.000000 ^ tx_start (in)
                                                         tx_start (net)
                      0.000095    0.000048    2.000048 ^ input10/A (sky130_fd_sc_hd__clkdlybuf4s25_1)
     4    0.015570    0.122853    0.214840    2.214888 ^ input10/X (sky130_fd_sc_hd__clkdlybuf4s25_1)
                                                         net10 (net)
                      0.122853    0.000415    2.215303 ^ _169_/B (sky130_fd_sc_hd__and2_2)
     8    0.040425    0.157804    0.198241    2.413545 ^ _169_/X (sky130_fd_sc_hd__and2_2)
                                                         _088_ (net)
                      0.157863    0.000839    2.414384 ^ _157_/S (sky130_fd_sc_hd__mux2_1)
     1    0.002091    0.035301    0.187373    2.601756 v _157_/X (sky130_fd_sc_hd__mux2_1)
                                                         _079_ (net)
                      0.035301    0.000058    2.601815 v _158_/A0 (sky130_fd_sc_hd__mux2_1)
     1    0.002099    0.035312    0.137499    2.739313 v _158_/X (sky130_fd_sc_hd__mux2_1)
                                                         _080_ (net)
                      0.035312    0.000057    2.739370 v _159_/B (sky130_fd_sc_hd__or2_2)
     1    0.002307    0.035736    0.154215    2.893585 v _159_/X (sky130_fd_sc_hd__or2_2)
                                                         _028_ (net)
                      0.035736    0.000047    2.893632 v _242_/D (sky130_fd_sc_hd__dfxtp_2)
                                              2.893632   data arrival time

                                 20.000000   20.000000   clock clk (rise edge)
                                  0.000000   20.000000   clock source latency
     1    0.015203    0.000000    0.000000   20.000000 ^ clk (in)
                                                         clk (net)
                      0.001185    0.000592   20.000591 ^ clkbuf_0_clk/A (sky130_fd_sc_hd__clkbuf_16)
     4    0.040407    0.045270    0.088777   20.089369 ^ clkbuf_0_clk/X (sky130_fd_sc_hd__clkbuf_16)
                                                         clknet_0_clk (net)
                      0.045304    0.001064   20.090433 ^ clkbuf_2_0__f_clk/A (sky130_fd_sc_hd__clkbuf_16)
     8    0.029405    0.037719    0.094740   20.185173 ^ clkbuf_2_0__f_clk/X (sky130_fd_sc_hd__clkbuf_16)
                                                         clknet_2_0__leaf_clk (net)
                      0.037755    0.001032   20.186205 ^ _242_/CLK (sky130_fd_sc_hd__dfxtp_2)
                                  0.000000   20.186205   clock reconvergence pessimism
                                 -0.072004   20.114201   library setup time
                                             20.114201   data required time
---------------------------------------------------------------------------------------------
                                             20.114201   data required time
                                             -2.893632   data arrival time
---------------------------------------------------------------------------------------------
                                             17.220568   slack (MET)


Startpoint: tx_start (input port clocked by clk)
Endpoint: _233_ (rising edge-triggered flip-flop clocked by clk)
Path Group: clk
Path Type: max

Fanout         Cap        Slew       Delay        Time   Description
---------------------------------------------------------------------------------------------
                                  0.000000    0.000000   clock clk (rise edge)
                                  0.000000    0.000000   clock network delay (propagated)
                                  2.000000    2.000000 v input external delay
     1    0.003661    0.000000    0.000000    2.000000 v tx_start (in)
                                                         tx_start (net)
                      0.000089    0.000044    2.000044 v input10/A (sky130_fd_sc_hd__clkdlybuf4s25_1)
     4    0.014516    0.080739    0.192131    2.192176 v input10/X (sky130_fd_sc_hd__clkdlybuf4s25_1)
                                                         net10 (net)
                      0.080740    0.000388    2.192564 v _169_/B (sky130_fd_sc_hd__and2_2)
     8    0.038075    0.079698    0.193290    2.385853 v _169_/X (sky130_fd_sc_hd__and2_2)
                                                         _088_ (net)
                      0.079746    0.001786    2.387639 v _187_/B (sky130_fd_sc_hd__nor2_2)
    11    0.049262    0.384673    0.309320    2.696959 ^ _187_/Y (sky130_fd_sc_hd__nor2_2)
                                                         _104_ (net)
                      0.384685    0.001783    2.698742 ^ _131_/B (sky130_fd_sc_hd__and3b_2)
     1    0.003284    0.035216    0.143165    2.841907 ^ _131_/X (sky130_fd_sc_hd__and3b_2)
                                                         _019_ (net)
                      0.035216    0.000106    2.842012 ^ _233_/D (sky130_fd_sc_hd__dfxtp_2)
                                              2.842012   data arrival time

                                 20.000000   20.000000   clock clk (rise edge)
                                  0.000000   20.000000   clock source latency
     1    0.015203    0.000000    0.000000   20.000000 ^ clk (in)
                                                         clk (net)
                      0.001185    0.000592   20.000591 ^ clkbuf_0_clk/A (sky130_fd_sc_hd__clkbuf_16)
     4    0.040407    0.045270    0.088777   20.089369 ^ clkbuf_0_clk/X (sky130_fd_sc_hd__clkbuf_16)
                                                         clknet_0_clk (net)
                      0.045307    0.001108   20.090477 ^ clkbuf_2_1__f_clk/A (sky130_fd_sc_hd__clkbuf_16)
     9    0.027159    0.036089    0.093511   20.183989 ^ clkbuf_2_1__f_clk/X (sky130_fd_sc_hd__clkbuf_16)
                                                         clknet_2_1__leaf_clk (net)
                      0.036092    0.000325   20.184313 ^ _233_/CLK (sky130_fd_sc_hd__dfxtp_2)
                                  0.000000   20.184313   clock reconvergence pessimism
                                 -0.031712   20.152601   library setup time
                                             20.152601   data required time
---------------------------------------------------------------------------------------------
                                             20.152601   data required time
                                             -2.842012   data arrival time
---------------------------------------------------------------------------------------------
                                             17.310589   slack (MET)


Startpoint: tx_start (input port clocked by clk)
Endpoint: _230_ (rising edge-triggered flip-flop clocked by clk)
Path Group: clk
Path Type: max

Fanout         Cap        Slew       Delay        Time   Description
---------------------------------------------------------------------------------------------
                                  0.000000    0.000000   clock clk (rise edge)
                                  0.000000    0.000000   clock network delay (propagated)
                                  2.000000    2.000000 v input external delay
     1    0.003661    0.000000    0.000000    2.000000 v tx_start (in)
                                                         tx_start (net)
                      0.000089    0.000044    2.000044 v input10/A (sky130_fd_sc_hd__clkdlybuf4s25_1)
     4    0.014516    0.080739    0.192131    2.192176 v input10/X (sky130_fd_sc_hd__clkdlybuf4s25_1)
                                                         net10 (net)
                      0.080740    0.000388    2.192564 v _169_/B (sky130_fd_sc_hd__and2_2)
     8    0.038075    0.079698    0.193290    2.385853 v _169_/X (sky130_fd_sc_hd__and2_2)
                                                         _088_ (net)
                      0.079746    0.001786    2.387639 v _187_/B (sky130_fd_sc_hd__nor2_2)
    11    0.049262    0.384673    0.309320    2.696959 ^ _187_/Y (sky130_fd_sc_hd__nor2_2)
                                                         _104_ (net)
                      0.384694    0.002398    2.699357 ^ _122_/A (sky130_fd_sc_hd__and3_2)
     1    0.002780    0.034710    0.141911    2.841268 ^ _122_/X (sky130_fd_sc_hd__and3_2)
                                                         _016_ (net)
                      0.034710    0.000081    2.841349 ^ _230_/D (sky130_fd_sc_hd__dfxtp_2)
                                              2.841349   data arrival time

                                 20.000000   20.000000   clock clk (rise edge)
                                  0.000000   20.000000   clock source latency
     1    0.015203    0.000000    0.000000   20.000000 ^ clk (in)
                                                         clk (net)
                      0.001185    0.000592   20.000591 ^ clkbuf_0_clk/A (sky130_fd_sc_hd__clkbuf_16)
     4    0.040407    0.045270    0.088777   20.089369 ^ clkbuf_0_clk/X (sky130_fd_sc_hd__clkbuf_16)
                                                         clknet_0_clk (net)
                      0.045307    0.001108   20.090477 ^ clkbuf_2_1__f_clk/A (sky130_fd_sc_hd__clkbuf_16)
     9    0.027159    0.036089    0.093511   20.183989 ^ clkbuf_2_1__f_clk/X (sky130_fd_sc_hd__clkbuf_16)
                                                         clknet_2_1__leaf_clk (net)
                      0.036091    0.000295   20.184284 ^ _230_/CLK (sky130_fd_sc_hd__dfxtp_2)
                                  0.000000   20.184284   clock reconvergence pessimism
                                 -0.031663   20.152622   library setup time
                                             20.152622   data required time
---------------------------------------------------------------------------------------------
                                             20.152622   data required time
                                             -2.841349   data arrival time
---------------------------------------------------------------------------------------------
                                             17.311274   slack (MET)


Startpoint: tx_start (input port clocked by clk)
Endpoint: _226_ (rising edge-triggered flip-flop clocked by clk)
Path Group: clk
Path Type: max

Fanout         Cap        Slew       Delay        Time   Description
---------------------------------------------------------------------------------------------
                                  0.000000    0.000000   clock clk (rise edge)
                                  0.000000    0.000000   clock network delay (propagated)
                                  2.000000    2.000000 v input external delay
     1    0.003661    0.000000    0.000000    2.000000 v tx_start (in)
                                                         tx_start (net)
                      0.000089    0.000044    2.000044 v input10/A (sky130_fd_sc_hd__clkdlybuf4s25_1)
     4    0.014516    0.080739    0.192131    2.192176 v input10/X (sky130_fd_sc_hd__clkdlybuf4s25_1)
                                                         net10 (net)
                      0.080740    0.000388    2.192564 v _169_/B (sky130_fd_sc_hd__and2_2)
     8    0.038075    0.079698    0.193290    2.385853 v _169_/X (sky130_fd_sc_hd__and2_2)
                                                         _088_ (net)
                      0.079746    0.001786    2.387639 v _187_/B (sky130_fd_sc_hd__nor2_2)
    11    0.049262    0.384673    0.309320    2.696959 ^ _187_/Y (sky130_fd_sc_hd__nor2_2)
                                                         _104_ (net)
                      0.384689    0.002119    2.699078 ^ _111_/B (sky130_fd_sc_hd__and3b_2)
     1    0.002396    0.032332    0.139121    2.838199 ^ _111_/X (sky130_fd_sc_hd__and3b_2)
                                                         _012_ (net)
                      0.032332    0.000068    2.838266 ^ _226_/D (sky130_fd_sc_hd__dfxtp_2)
                                              2.838266   data arrival time

                                 20.000000   20.000000   clock clk (rise edge)
                                  0.000000   20.000000   clock source latency
     1    0.015203    0.000000    0.000000   20.000000 ^ clk (in)
                                                         clk (net)
                      0.001185    0.000592   20.000591 ^ clkbuf_0_clk/A (sky130_fd_sc_hd__clkbuf_16)
     4    0.040407    0.045270    0.088777   20.089369 ^ clkbuf_0_clk/X (sky130_fd_sc_hd__clkbuf_16)
                                                         clknet_0_clk (net)
                      0.045307    0.001108   20.090477 ^ clkbuf_2_1__f_clk/A (sky130_fd_sc_hd__clkbuf_16)
     9    0.027159    0.036089    0.093511   20.183989 ^ clkbuf_2_1__f_clk/X (sky130_fd_sc_hd__clkbuf_16)
                                                         clknet_2_1__leaf_clk (net)
                      0.036091    0.000311   20.184299 ^ _226_/CLK (sky130_fd_sc_hd__dfxtp_2)
                                  0.000000   20.184299   clock reconvergence pessimism
                                 -0.031432   20.152868   library setup time
                                             20.152868   data required time
---------------------------------------------------------------------------------------------
                                             20.152868   data required time
                                             -2.838266   data arrival time
---------------------------------------------------------------------------------------------
                                             17.314602   slack (MET)


Startpoint: tx_start (input port clocked by clk)
Endpoint: _218_ (rising edge-triggered flip-flop clocked by clk)
Path Group: clk
Path Type: max

Fanout         Cap        Slew       Delay        Time   Description
---------------------------------------------------------------------------------------------
                                  0.000000    0.000000   clock clk (rise edge)
                                  0.000000    0.000000   clock network delay (propagated)
                                  2.000000    2.000000 v input external delay
     1    0.003661    0.000000    0.000000    2.000000 v tx_start (in)
                                                         tx_start (net)
                      0.000089    0.000044    2.000044 v input10/A (sky130_fd_sc_hd__clkdlybuf4s25_1)
     4    0.014516    0.080739    0.192131    2.192176 v input10/X (sky130_fd_sc_hd__clkdlybuf4s25_1)
                                                         net10 (net)
                      0.080740    0.000388    2.192564 v _169_/B (sky130_fd_sc_hd__and2_2)
     8    0.038075    0.079698    0.193290    2.385853 v _169_/X (sky130_fd_sc_hd__and2_2)
                                                         _088_ (net)
                      0.079746    0.001786    2.387639 v _187_/B (sky130_fd_sc_hd__nor2_2)
    11    0.049262    0.384673    0.309320    2.696959 ^ _187_/Y (sky130_fd_sc_hd__nor2_2)
                                                         _104_ (net)
                      0.384681    0.001526    2.698486 ^ _197_/B (sky130_fd_sc_hd__and3b_2)
     1    0.002384    0.032293    0.139064    2.837549 ^ _197_/X (sky130_fd_sc_hd__and3b_2)
                                                         _004_ (net)
                      0.032293    0.000069    2.837618 ^ _218_/D (sky130_fd_sc_hd__dfxtp_2)
                                              2.837618   data arrival time

                                 20.000000   20.000000   clock clk (rise edge)
                                  0.000000   20.000000   clock source latency
     1    0.015203    0.000000    0.000000   20.000000 ^ clk (in)
                                                         clk (net)
                      0.001185    0.000592   20.000591 ^ clkbuf_0_clk/A (sky130_fd_sc_hd__clkbuf_16)
     4    0.040407    0.045270    0.088777   20.089369 ^ clkbuf_0_clk/X (sky130_fd_sc_hd__clkbuf_16)
                                                         clknet_0_clk (net)
                      0.045306    0.001092   20.090462 ^ clkbuf_2_2__f_clk/A (sky130_fd_sc_hd__clkbuf_16)
     9    0.027050    0.036022    0.093278   20.183741 ^ clkbuf_2_2__f_clk/X (sky130_fd_sc_hd__clkbuf_16)
                                                         clknet_2_2__leaf_clk (net)
                      0.036027    0.000441   20.184179 ^ _218_/CLK (sky130_fd_sc_hd__dfxtp_2)
                                  0.000000   20.184179   clock reconvergence pessimism
                                 -0.031430   20.152752   library setup time
                                             20.152752   data required time
---------------------------------------------------------------------------------------------
                                             20.152752   data required time
                                             -2.837618   data arrival time
---------------------------------------------------------------------------------------------
                                             17.315132   slack (MET)


Startpoint: tx_start (input port clocked by clk)
Endpoint: _228_ (rising edge-triggered flip-flop clocked by clk)
Path Group: clk
Path Type: max

Fanout         Cap        Slew       Delay        Time   Description
---------------------------------------------------------------------------------------------
                                  0.000000    0.000000   clock clk (rise edge)
                                  0.000000    0.000000   clock network delay (propagated)
                                  2.000000    2.000000 v input external delay
     1    0.003661    0.000000    0.000000    2.000000 v tx_start (in)
                                                         tx_start (net)
                      0.000089    0.000044    2.000044 v input10/A (sky130_fd_sc_hd__clkdlybuf4s25_1)
     4    0.014516    0.080739    0.192131    2.192176 v input10/X (sky130_fd_sc_hd__clkdlybuf4s25_1)
                                                         net10 (net)
                      0.080740    0.000388    2.192564 v _169_/B (sky130_fd_sc_hd__and2_2)
     8    0.038075    0.079698    0.193290    2.385853 v _169_/X (sky130_fd_sc_hd__and2_2)
                                                         _088_ (net)
                      0.079746    0.001786    2.387639 v _187_/B (sky130_fd_sc_hd__nor2_2)
    11    0.049262    0.384673    0.309320    2.696959 ^ _187_/Y (sky130_fd_sc_hd__nor2_2)
                                                         _104_ (net)
                      0.384696    0.002477    2.699436 ^ _116_/B (sky130_fd_sc_hd__and3b_2)
     1    0.002208    0.031719    0.138263    2.837699 ^ _116_/X (sky130_fd_sc_hd__and3b_2)
                                                         _014_ (net)
                      0.031719    0.000062    2.837761 ^ _228_/D (sky130_fd_sc_hd__dfxtp_2)
                                              2.837761   data arrival time

                                 20.000000   20.000000   clock clk (rise edge)
                                  0.000000   20.000000   clock source latency
     1    0.015203    0.000000    0.000000   20.000000 ^ clk (in)
                                                         clk (net)
                      0.001185    0.000592   20.000591 ^ clkbuf_0_clk/A (sky130_fd_sc_hd__clkbuf_16)
     4    0.040407    0.045270    0.088777   20.089369 ^ clkbuf_0_clk/X (sky130_fd_sc_hd__clkbuf_16)
                                                         clknet_0_clk (net)
                      0.045307    0.001108   20.090477 ^ clkbuf_2_1__f_clk/A (sky130_fd_sc_hd__clkbuf_16)
     9    0.027159    0.036089    0.093511   20.183989 ^ clkbuf_2_1__f_clk/X (sky130_fd_sc_hd__clkbuf_16)
                                                         clknet_2_1__leaf_clk (net)
                      0.036093    0.000378   20.184366 ^ _228_/CLK (sky130_fd_sc_hd__dfxtp_2)
                                  0.000000   20.184366   clock reconvergence pessimism
                                 -0.031372   20.152994   library setup time
                                             20.152994   data required time
---------------------------------------------------------------------------------------------
                                             20.152994   data required time
                                             -2.837761   data arrival time
---------------------------------------------------------------------------------------------
                                             17.315233   slack (MET)


Startpoint: tx_start (input port clocked by clk)
Endpoint: _222_ (rising edge-triggered flip-flop clocked by clk)
Path Group: clk
Path Type: max

Fanout         Cap        Slew       Delay        Time   Description
---------------------------------------------------------------------------------------------
                                  0.000000    0.000000   clock clk (rise edge)
                                  0.000000    0.000000   clock network delay (propagated)
                                  2.000000    2.000000 v input external delay
     1    0.003661    0.000000    0.000000    2.000000 v tx_start (in)
                                                         tx_start (net)
                      0.000089    0.000044    2.000044 v input10/A (sky130_fd_sc_hd__clkdlybuf4s25_1)
     4    0.014516    0.080739    0.192131    2.192176 v input10/X (sky130_fd_sc_hd__clkdlybuf4s25_1)
                                                         net10 (net)
                      0.080740    0.000388    2.192564 v _169_/B (sky130_fd_sc_hd__and2_2)
     8    0.038075    0.079698    0.193290    2.385853 v _169_/X (sky130_fd_sc_hd__and2_2)
                                                         _088_ (net)
                      0.079746    0.001786    2.387639 v _187_/B (sky130_fd_sc_hd__nor2_2)
    11    0.049262    0.384673    0.309320    2.696959 ^ _187_/Y (sky130_fd_sc_hd__nor2_2)
                                                         _104_ (net)
                      0.384693    0.002308    2.699267 ^ _207_/B (sky130_fd_sc_hd__and3b_2)
     1    0.002373    0.032259    0.139016    2.838283 ^ _207_/X (sky130_fd_sc_hd__and3b_2)
                                                         _008_ (net)
                      0.032259    0.000068    2.838351 ^ _222_/D (sky130_fd_sc_hd__dfxtp_2)
                                              2.838351   data arrival time

                                 20.000000   20.000000   clock clk (rise edge)
                                  0.000000   20.000000   clock source latency
     1    0.015203    0.000000    0.000000   20.000000 ^ clk (in)
                                                         clk (net)
                      0.001185    0.000592   20.000591 ^ clkbuf_0_clk/A (sky130_fd_sc_hd__clkbuf_16)
     4    0.040407    0.045270    0.088777   20.089369 ^ clkbuf_0_clk/X (sky130_fd_sc_hd__clkbuf_16)
                                                         clknet_0_clk (net)
                      0.045303    0.001046   20.090416 ^ clkbuf_2_3__f_clk/A (sky130_fd_sc_hd__clkbuf_16)
     8    0.029063    0.037445    0.094795   20.185211 ^ clkbuf_2_3__f_clk/X (sky130_fd_sc_hd__clkbuf_16)
                                                         clknet_2_3__leaf_clk (net)
                      0.037447    0.000323   20.185534 ^ _222_/CLK (sky130_fd_sc_hd__dfxtp_2)
                                  0.000000   20.185534   clock reconvergence pessimism
                                 -0.031381   20.154152   library setup time
                                             20.154152   data required time
---------------------------------------------------------------------------------------------
                                             20.154152   data required time
                                             -2.838351   data arrival time
---------------------------------------------------------------------------------------------
                                             17.315802   slack (MET)


Startpoint: tx_start (input port clocked by clk)
Endpoint: _235_ (rising edge-triggered flip-flop clocked by clk)
Path Group: clk
Path Type: max

Fanout         Cap        Slew       Delay        Time   Description
---------------------------------------------------------------------------------------------
                                  0.000000    0.000000   clock clk (rise edge)
                                  0.000000    0.000000   clock network delay (propagated)
                                  2.000000    2.000000 v input external delay
     1    0.003661    0.000000    0.000000    2.000000 v tx_start (in)
                                                         tx_start (net)
                      0.000089    0.000044    2.000044 v input10/A (sky130_fd_sc_hd__clkdlybuf4s25_1)
     4    0.014516    0.080739    0.192131    2.192176 v input10/X (sky130_fd_sc_hd__clkdlybuf4s25_1)
                                                         net10 (net)
                      0.080740    0.000388    2.192564 v _169_/B (sky130_fd_sc_hd__and2_2)
     8    0.038075    0.079698    0.193290    2.385853 v _169_/X (sky130_fd_sc_hd__and2_2)
                                                         _088_ (net)
                      0.079746    0.001786    2.387639 v _187_/B (sky130_fd_sc_hd__nor2_2)
    11    0.049262    0.384673    0.309320    2.696959 ^ _187_/Y (sky130_fd_sc_hd__nor2_2)
                                                         _104_ (net)
                      0.384680    0.001380    2.698339 ^ _137_/B (sky130_fd_sc_hd__and3_2)
     1    0.002074    0.031329    0.137555    2.835895 ^ _137_/X (sky130_fd_sc_hd__and3_2)
                                                         _021_ (net)
                      0.031329    0.000041    2.835936 ^ _235_/D (sky130_fd_sc_hd__dfxtp_2)
                                              2.835936   data arrival time

                                 20.000000   20.000000   clock clk (rise edge)
                                  0.000000   20.000000   clock source latency
     1    0.015203    0.000000    0.000000   20.000000 ^ clk (in)
                                                         clk (net)
                      0.001185    0.000592   20.000591 ^ clkbuf_0_clk/A (sky130_fd_sc_hd__clkbuf_16)
     4    0.040407    0.045270    0.088777   20.089369 ^ clkbuf_0_clk/X (sky130_fd_sc_hd__clkbuf_16)
                                                         clknet_0_clk (net)
                      0.045306    0.001092   20.090462 ^ clkbuf_2_2__f_clk/A (sky130_fd_sc_hd__clkbuf_16)
     9    0.027050    0.036022    0.093278   20.183741 ^ clkbuf_2_2__f_clk/X (sky130_fd_sc_hd__clkbuf_16)
                                                         clknet_2_2__leaf_clk (net)
                      0.036034    0.000616   20.184357 ^ _235_/CLK (sky130_fd_sc_hd__dfxtp_2)
                                  0.000000   20.184357   clock reconvergence pessimism
                                 -0.031336   20.153019   library setup time
                                             20.153019   data required time
---------------------------------------------------------------------------------------------
                                             20.153019   data required time
                                             -2.835936   data arrival time
---------------------------------------------------------------------------------------------
                                             17.317083   slack (MET)


Startpoint: tx_start (input port clocked by clk)
Endpoint: _225_ (rising edge-triggered flip-flop clocked by clk)
Path Group: clk
Path Type: max

Fanout         Cap        Slew       Delay        Time   Description
---------------------------------------------------------------------------------------------
                                  0.000000    0.000000   clock clk (rise edge)
                                  0.000000    0.000000   clock network delay (propagated)
                                  2.000000    2.000000 v input external delay
     1    0.003661    0.000000    0.000000    2.000000 v tx_start (in)
                                                         tx_start (net)
                      0.000089    0.000044    2.000044 v input10/A (sky130_fd_sc_hd__clkdlybuf4s25_1)
     4    0.014516    0.080739    0.192131    2.192176 v input10/X (sky130_fd_sc_hd__clkdlybuf4s25_1)
                                                         net10 (net)
                      0.080740    0.000388    2.192564 v _169_/B (sky130_fd_sc_hd__and2_2)
     8    0.038075    0.079698    0.193290    2.385853 v _169_/X (sky130_fd_sc_hd__and2_2)
                                                         _088_ (net)
                      0.079746    0.001786    2.387639 v _187_/B (sky130_fd_sc_hd__nor2_2)
    11    0.049262    0.384673    0.309320    2.696959 ^ _187_/Y (sky130_fd_sc_hd__nor2_2)
                                                         _104_ (net)
                      0.384691    0.002225    2.699184 ^ _108_/B (sky130_fd_sc_hd__and3b_2)
     1    0.002139    0.031494    0.137948    2.837132 ^ _108_/X (sky130_fd_sc_hd__and3b_2)
                                                         _011_ (net)
                      0.031494    0.000061    2.837194 ^ _225_/D (sky130_fd_sc_hd__dfxtp_2)
                                              2.837194   data arrival time

                                 20.000000   20.000000   clock clk (rise edge)
                                  0.000000   20.000000   clock source latency
     1    0.015203    0.000000    0.000000   20.000000 ^ clk (in)
                                                         clk (net)
                      0.001185    0.000592   20.000591 ^ clkbuf_0_clk/A (sky130_fd_sc_hd__clkbuf_16)
     4    0.040407    0.045270    0.088777   20.089369 ^ clkbuf_0_clk/X (sky130_fd_sc_hd__clkbuf_16)
                                                         clknet_0_clk (net)
                      0.045303    0.001046   20.090416 ^ clkbuf_2_3__f_clk/A (sky130_fd_sc_hd__clkbuf_16)
     8    0.029063    0.037445    0.094795   20.185211 ^ clkbuf_2_3__f_clk/X (sky130_fd_sc_hd__clkbuf_16)
                                                         clknet_2_3__leaf_clk (net)
                      0.037450    0.000417   20.185629 ^ _225_/CLK (sky130_fd_sc_hd__dfxtp_2)
                                  0.000000   20.185629   clock reconvergence pessimism
                                 -0.031307   20.154322   library setup time
                                             20.154322   data required time
---------------------------------------------------------------------------------------------
                                             20.154322   data required time
                                             -2.837194   data arrival time
---------------------------------------------------------------------------------------------
                                             17.317127   slack (MET)


Startpoint: tx_start (input port clocked by clk)
Endpoint: _231_ (rising edge-triggered flip-flop clocked by clk)
Path Group: clk
Path Type: max

Fanout         Cap        Slew       Delay        Time   Description
---------------------------------------------------------------------------------------------
                                  0.000000    0.000000   clock clk (rise edge)
                                  0.000000    0.000000   clock network delay (propagated)
                                  2.000000    2.000000 v input external delay
     1    0.003661    0.000000    0.000000    2.000000 v tx_start (in)
                                                         tx_start (net)
                      0.000089    0.000044    2.000044 v input10/A (sky130_fd_sc_hd__clkdlybuf4s25_1)
     4    0.014516    0.080739    0.192131    2.192176 v input10/X (sky130_fd_sc_hd__clkdlybuf4s25_1)
                                                         net10 (net)
                      0.080740    0.000388    2.192564 v _169_/B (sky130_fd_sc_hd__and2_2)
     8    0.038075    0.079698    0.193290    2.385853 v _169_/X (sky130_fd_sc_hd__and2_2)
                                                         _088_ (net)
                      0.079746    0.001786    2.387639 v _187_/B (sky130_fd_sc_hd__nor2_2)
    11    0.049262    0.384673    0.309320    2.696959 ^ _187_/Y (sky130_fd_sc_hd__nor2_2)
                                                         _104_ (net)
                      0.384695    0.002464    2.699423 ^ _125_/C1 (sky130_fd_sc_hd__o211a_2)
     1    0.002163    0.030929    0.107373    2.806796 ^ _125_/X (sky130_fd_sc_hd__o211a_2)
                                                         _017_ (net)
                      0.030929    0.000062    2.806858 ^ _231_/D (sky130_fd_sc_hd__dfxtp_2)
                                              2.806858   data arrival time

                                 20.000000   20.000000   clock clk (rise edge)
                                  0.000000   20.000000   clock source latency
     1    0.015203    0.000000    0.000000   20.000000 ^ clk (in)
                                                         clk (net)
                      0.001185    0.000592   20.000591 ^ clkbuf_0_clk/A (sky130_fd_sc_hd__clkbuf_16)
     4    0.040407    0.045270    0.088777   20.089369 ^ clkbuf_0_clk/X (sky130_fd_sc_hd__clkbuf_16)
                                                         clknet_0_clk (net)
                      0.045307    0.001108   20.090477 ^ clkbuf_2_1__f_clk/A (sky130_fd_sc_hd__clkbuf_16)
     9    0.027159    0.036089    0.093511   20.183989 ^ clkbuf_2_1__f_clk/X (sky130_fd_sc_hd__clkbuf_16)
                                                         clknet_2_1__leaf_clk (net)
                      0.036092    0.000316   20.184305 ^ _231_/CLK (sky130_fd_sc_hd__dfxtp_2)
                                  0.000000   20.184305   clock reconvergence pessimism
                                 -0.031295   20.153009   library setup time
                                             20.153009   data required time
---------------------------------------------------------------------------------------------
                                             20.153009   data required time
                                             -2.806858   data arrival time
---------------------------------------------------------------------------------------------
                                             17.346149   slack (MET)


Startpoint: _215_ (rising edge-triggered flip-flop clocked by clk)
Endpoint: busy (output port clocked by clk)
Path Group: clk
Path Type: max

Fanout         Cap        Slew       Delay        Time   Description
---------------------------------------------------------------------------------------------
                                  0.000000    0.000000   clock clk (rise edge)
                                  0.000000    0.000000   clock source latency
     1    0.015203    0.000000    0.000000    0.000000 ^ clk (in)
                                                         clk (net)
                      0.001185    0.000592    0.000592 ^ clkbuf_0_clk/A (sky130_fd_sc_hd__clkbuf_16)
     4    0.040407    0.045270    0.088777    0.089369 ^ clkbuf_0_clk/X (sky130_fd_sc_hd__clkbuf_16)
                                                         clknet_0_clk (net)
                      0.045306    0.001091    0.090460 ^ clkbuf_2_2__f_clk/A (sky130_fd_sc_hd__clkbuf_16)
     9    0.027050    0.036022    0.093280    0.183740 ^ clkbuf_2_2__f_clk/X (sky130_fd_sc_hd__clkbuf_16)
                                                         clknet_2_2__leaf_clk (net)
                      0.036033    0.000582    0.184322 ^ _215_/CLK (sky130_fd_sc_hd__dfxtp_2)
     9    0.039195    0.151139    0.283194    0.467516 ^ _215_/Q (sky130_fd_sc_hd__dfxtp_2)
                                                         net11 (net)
                      0.151142    0.000854    0.468370 ^ output11/A (sky130_fd_sc_hd__clkdlybuf4s25_1)
     1    0.000946    0.019714    0.169900    0.638270 ^ output11/X (sky130_fd_sc_hd__clkdlybuf4s25_1)
                                                         busy (net)
                      0.019714    0.000012    0.638283 ^ busy (out)
                                              0.638283   data arrival time

                                 20.000000   20.000000   clock clk (rise edge)
                                  0.000000   20.000000   clock network delay (propagated)
                                  0.000000   20.000000   clock reconvergence pessimism
                                 -2.000000   18.000000   output external delay
                                             18.000000   data required time
---------------------------------------------------------------------------------------------
                                             18.000000   data required time
                                             -0.638283   data arrival time
---------------------------------------------------------------------------------------------
                                             17.361717   slack (MET)


Startpoint: tx_start (input port clocked by clk)
Endpoint: _216_ (rising edge-triggered flip-flop clocked by clk)
Path Group: clk
Path Type: max

Fanout         Cap        Slew       Delay        Time   Description
---------------------------------------------------------------------------------------------
                                  0.000000    0.000000   clock clk (rise edge)
                                  0.000000    0.000000   clock network delay (propagated)
                                  2.000000    2.000000 v input external delay
     1    0.003661    0.000000    0.000000    2.000000 v tx_start (in)
                                                         tx_start (net)
                      0.000089    0.000044    2.000044 v input10/A (sky130_fd_sc_hd__clkdlybuf4s25_1)
     4    0.014516    0.080739    0.192131    2.192176 v input10/X (sky130_fd_sc_hd__clkdlybuf4s25_1)
                                                         net10 (net)
                      0.080740    0.000388    2.192564 v _169_/B (sky130_fd_sc_hd__and2_2)
     8    0.038075    0.079698    0.193290    2.385853 v _169_/X (sky130_fd_sc_hd__and2_2)
                                                         _088_ (net)
                      0.079746    0.001786    2.387639 v _187_/B (sky130_fd_sc_hd__nor2_2)
    11    0.049262    0.384673    0.309320    2.696959 ^ _187_/Y (sky130_fd_sc_hd__nor2_2)
                                                         _104_ (net)
                      0.384682    0.001576    2.698535 ^ _189_/B1 (sky130_fd_sc_hd__o21ai_2)
     1    0.006208    0.068872    0.015701    2.714236 v _189_/Y (sky130_fd_sc_hd__o21ai_2)
                                                         _106_ (net)
                      0.068872    0.000227    2.714463 v _190_/B1 (sky130_fd_sc_hd__a21oi_2)
     1    0.002597    0.057063    0.055511    2.769974 ^ _190_/Y (sky130_fd_sc_hd__a21oi_2)
                                                         _002_ (net)
                      0.057063    0.000078    2.770052 ^ _216_/D (sky130_fd_sc_hd__dfxtp_2)
                                              2.770052   data arrival time

                                 20.000000   20.000000   clock clk (rise edge)
                                  0.000000   20.000000   clock source latency
     1    0.015203    0.000000    0.000000   20.000000 ^ clk (in)
                                                         clk (net)
                      0.001185    0.000592   20.000591 ^ clkbuf_0_clk/A (sky130_fd_sc_hd__clkbuf_16)
     4    0.040407    0.045270    0.088777   20.089369 ^ clkbuf_0_clk/X (sky130_fd_sc_hd__clkbuf_16)
                                                         clknet_0_clk (net)
                      0.045306    0.001092   20.090462 ^ clkbuf_2_2__f_clk/A (sky130_fd_sc_hd__clkbuf_16)
     9    0.027050    0.036022    0.093278   20.183741 ^ clkbuf_2_2__f_clk/X (sky130_fd_sc_hd__clkbuf_16)
                                                         clknet_2_2__leaf_clk (net)
                      0.036046    0.000808   20.184547 ^ _216_/CLK (sky130_fd_sc_hd__dfxtp_2)
                                  0.000000   20.184547   clock reconvergence pessimism
                                 -0.033834   20.150713   library setup time
                                             20.150713   data required time
---------------------------------------------------------------------------------------------
                                             20.150713   data required time
                                             -2.770052   data arrival time
---------------------------------------------------------------------------------------------
                                             17.380661   slack (MET)


Startpoint: tx_start (input port clocked by clk)
Endpoint: _219_ (rising edge-triggered flip-flop clocked by clk)
Path Group: clk
Path Type: max

Fanout         Cap        Slew       Delay        Time   Description
---------------------------------------------------------------------------------------------
                                  0.000000    0.000000   clock clk (rise edge)
                                  0.000000    0.000000   clock network delay (propagated)
                                  2.000000    2.000000 v input external delay
     1    0.003661    0.000000    0.000000    2.000000 v tx_start (in)
                                                         tx_start (net)
                      0.000089    0.000044    2.000044 v input10/A (sky130_fd_sc_hd__clkdlybuf4s25_1)
     4    0.014516    0.080739    0.192131    2.192176 v input10/X (sky130_fd_sc_hd__clkdlybuf4s25_1)
                                                         net10 (net)
                      0.080740    0.000388    2.192564 v _169_/B (sky130_fd_sc_hd__and2_2)
     8    0.038075    0.079698    0.193290    2.385853 v _169_/X (sky130_fd_sc_hd__and2_2)
                                                         _088_ (net)
                      0.079746    0.001786    2.387639 v _187_/B (sky130_fd_sc_hd__nor2_2)
    11    0.049262    0.384673    0.309320    2.696959 ^ _187_/Y (sky130_fd_sc_hd__nor2_2)
                                                         _104_ (net)
                      0.384682    0.001601    2.698560 ^ _198_/B1 (sky130_fd_sc_hd__o21ai_2)
     1    0.005153    0.065624    0.010409    2.708969 v _198_/Y (sky130_fd_sc_hd__o21ai_2)
                                                         _036_ (net)
                      0.065624    0.000165    2.709134 v _199_/B1 (sky130_fd_sc_hd__a21oi_2)
     1    0.002183    0.054622    0.052416    2.761551 ^ _199_/Y (sky130_fd_sc_hd__a21oi_2)
                                                         _005_ (net)
                      0.054622    0.000062    2.761613 ^ _219_/D (sky130_fd_sc_hd__dfxtp_2)
                                              2.761613   data arrival time

                                 20.000000   20.000000   clock clk (rise edge)
                                  0.000000   20.000000   clock source latency
     1    0.015203    0.000000    0.000000   20.000000 ^ clk (in)
                                                         clk (net)
                      0.001185    0.000592   20.000591 ^ clkbuf_0_clk/A (sky130_fd_sc_hd__clkbuf_16)
     4    0.040407    0.045270    0.088777   20.089369 ^ clkbuf_0_clk/X (sky130_fd_sc_hd__clkbuf_16)
                                                         clknet_0_clk (net)
                      0.045306    0.001092   20.090462 ^ clkbuf_2_2__f_clk/A (sky130_fd_sc_hd__clkbuf_16)
     9    0.027050    0.036022    0.093278   20.183741 ^ clkbuf_2_2__f_clk/X (sky130_fd_sc_hd__clkbuf_16)
                                                         clknet_2_2__leaf_clk (net)
                      0.036028    0.000469   20.184208 ^ _219_/CLK (sky130_fd_sc_hd__dfxtp_2)
                                  0.000000   20.184208   clock reconvergence pessimism
                                 -0.033597   20.150610   library setup time
                                             20.150610   data required time
---------------------------------------------------------------------------------------------
                                             20.150610   data required time
                                             -2.761613   data arrival time
---------------------------------------------------------------------------------------------
                                             17.388998   slack (MET)


Startpoint: tx_start (input port clocked by clk)
Endpoint: _243_ (rising edge-triggered flip-flop clocked by clk)
Path Group: clk
Path Type: max

Fanout         Cap        Slew       Delay        Time   Description
---------------------------------------------------------------------------------------------
                                  0.000000    0.000000   clock clk (rise edge)
                                  0.000000    0.000000   clock network delay (propagated)
                                  2.000000    2.000000 ^ input external delay
     1    0.003887    0.000000    0.000000    2.000000 ^ tx_start (in)
                                                         tx_start (net)
                      0.000095    0.000048    2.000048 ^ input10/A (sky130_fd_sc_hd__clkdlybuf4s25_1)
     4    0.015570    0.122853    0.214840    2.214888 ^ input10/X (sky130_fd_sc_hd__clkdlybuf4s25_1)
                                                         net10 (net)
                      0.122853    0.000405    2.215293 ^ _170_/B (sky130_fd_sc_hd__nand2_2)
     3    0.010866    0.048543    0.054382    2.269675 v _170_/Y (sky130_fd_sc_hd__nand2_2)
                                                         _089_ (net)
                      0.048544    0.000208    2.269883 v _138_/B1 (sky130_fd_sc_hd__o31a_2)
     8    0.039291    0.096720    0.123907    2.393790 v _138_/X (sky130_fd_sc_hd__o31a_2)
                                                         _066_ (net)
                      0.096723    0.000659    2.394449 v _161_/B1 (sky130_fd_sc_hd__a32o_2)
     1    0.002392    0.023486    0.107662    2.502111 v _161_/X (sky130_fd_sc_hd__a32o_2)
                                                         _082_ (net)
                      0.023486    0.000066    2.502177 v _162_/B (sky130_fd_sc_hd__or2_2)
     1    0.002397    0.035315    0.150895    2.653073 v _162_/X (sky130_fd_sc_hd__or2_2)
                                                         _029_ (net)
                      0.035315    0.000048    2.653121 v _243_/D (sky130_fd_sc_hd__dfxtp_2)
                                              2.653121   data arrival time

                                 20.000000   20.000000   clock clk (rise edge)
                                  0.000000   20.000000   clock source latency
     1    0.015203    0.000000    0.000000   20.000000 ^ clk (in)
                                                         clk (net)
                      0.001185    0.000592   20.000591 ^ clkbuf_0_clk/A (sky130_fd_sc_hd__clkbuf_16)
     4    0.040407    0.045270    0.088777   20.089369 ^ clkbuf_0_clk/X (sky130_fd_sc_hd__clkbuf_16)
                                                         clknet_0_clk (net)
                      0.045306    0.001092   20.090462 ^ clkbuf_2_2__f_clk/A (sky130_fd_sc_hd__clkbuf_16)
     9    0.027050    0.036022    0.093278   20.183741 ^ clkbuf_2_2__f_clk/X (sky130_fd_sc_hd__clkbuf_16)
                                                         clknet_2_2__leaf_clk (net)
                      0.036045    0.000801   20.184542 ^ _243_/CLK (sky130_fd_sc_hd__dfxtp_2)
                                  0.000000   20.184542   clock reconvergence pessimism
                                 -0.072018   20.112522   library setup time
                                             20.112522   data required time
---------------------------------------------------------------------------------------------
                                             20.112522   data required time
                                             -2.653121   data arrival time
---------------------------------------------------------------------------------------------
                                             17.459402   slack (MET)


Startpoint: _214_ (rising edge-triggered flip-flop clocked by clk)
Endpoint: tx (output port clocked by clk)
Path Group: clk
Path Type: max

Fanout         Cap        Slew       Delay        Time   Description
---------------------------------------------------------------------------------------------
                                  0.000000    0.000000   clock clk (rise edge)
                                  0.000000    0.000000   clock source latency
     1    0.015203    0.000000    0.000000    0.000000 ^ clk (in)
                                                         clk (net)
                      0.001185    0.000592    0.000592 ^ clkbuf_0_clk/A (sky130_fd_sc_hd__clkbuf_16)
     4    0.040407    0.045270    0.088777    0.089369 ^ clkbuf_0_clk/X (sky130_fd_sc_hd__clkbuf_16)
                                                         clknet_0_clk (net)
                      0.045304    0.001063    0.090432 ^ clkbuf_2_0__f_clk/A (sky130_fd_sc_hd__clkbuf_16)
     8    0.029405    0.037719    0.094740    0.185172 ^ clkbuf_2_0__f_clk/X (sky130_fd_sc_hd__clkbuf_16)
                                                         clknet_2_0__leaf_clk (net)
                      0.037729    0.000628    0.185800 ^ _214_/CLK (sky130_fd_sc_hd__dfxtp_2)
     2    0.007683    0.037379    0.202779    0.388578 ^ _214_/Q (sky130_fd_sc_hd__dfxtp_2)
                                                         net12 (net)
                      0.037379    0.000173    0.388751 ^ output12/A (sky130_fd_sc_hd__clkdlybuf4s25_1)
     1    0.001007    0.020093    0.149533    0.538284 ^ output12/X (sky130_fd_sc_hd__clkdlybuf4s25_1)
                                                         tx (net)
                      0.020093    0.000012    0.538296 ^ tx (out)
                                              0.538296   data arrival time

                                 20.000000   20.000000   clock clk (rise edge)
                                  0.000000   20.000000   clock network delay (propagated)
                                  0.000000   20.000000   clock reconvergence pessimism
                                 -2.000000   18.000000   output external delay
                                             18.000000   data required time
---------------------------------------------------------------------------------------------
                                             18.000000   data required time
                                             -0.538296   data arrival time
---------------------------------------------------------------------------------------------
                                             17.461704   slack (MET)


Startpoint: tx_start (input port clocked by clk)
Endpoint: _221_ (rising edge-triggered flip-flop clocked by clk)
Path Group: clk
Path Type: max

Fanout         Cap        Slew       Delay        Time   Description
---------------------------------------------------------------------------------------------
                                  0.000000    0.000000   clock clk (rise edge)
                                  0.000000    0.000000   clock network delay (propagated)
                                  2.000000    2.000000 v input external delay
     1    0.003661    0.000000    0.000000    2.000000 v tx_start (in)
                                                         tx_start (net)
                      0.000089    0.000044    2.000044 v input10/A (sky130_fd_sc_hd__clkdlybuf4s25_1)
     4    0.014516    0.080739    0.192131    2.192176 v input10/X (sky130_fd_sc_hd__clkdlybuf4s25_1)
                                                         net10 (net)
                      0.080739    0.000376    2.192552 v _170_/B (sky130_fd_sc_hd__nand2_2)
     3    0.011660    0.061732    0.083602    2.276155 ^ _170_/Y (sky130_fd_sc_hd__nand2_2)
                                                         _089_ (net)
                      0.061732    0.000221    2.276376 ^ _188_/B (sky130_fd_sc_hd__nand2_2)
     8    0.038855    0.101273    0.096459    2.372835 v _188_/Y (sky130_fd_sc_hd__nand2_2)
                                                         _105_ (net)
                      0.101332    0.002037    2.374872 v _203_/B1 (sky130_fd_sc_hd__a211o_2)
     1    0.002277    0.031767    0.159672    2.534544 v _203_/X (sky130_fd_sc_hd__a211o_2)
                                                         _039_ (net)
                      0.031767    0.000065    2.534608 v _204_/B1_N (sky130_fd_sc_hd__o21ba_2)
     1    0.002050    0.021418    0.121680    2.656289 ^ _204_/X (sky130_fd_sc_hd__o21ba_2)
                                                         _007_ (net)
                      0.021418    0.000058    2.656347 ^ _221_/D (sky130_fd_sc_hd__dfxtp_2)
                                              2.656347   data arrival time

                                 20.000000   20.000000   clock clk (rise edge)
                                  0.000000   20.000000   clock source latency
     1    0.015203    0.000000    0.000000   20.000000 ^ clk (in)
                                                         clk (net)
                      0.001185    0.000592   20.000591 ^ clkbuf_0_clk/A (sky130_fd_sc_hd__clkbuf_16)
     4    0.040407    0.045270    0.088777   20.089369 ^ clkbuf_0_clk/X (sky130_fd_sc_hd__clkbuf_16)
                                                         clknet_0_clk (net)
                      0.045303    0.001046   20.090416 ^ clkbuf_2_3__f_clk/A (sky130_fd_sc_hd__clkbuf_16)
     8    0.029063    0.037445    0.094795   20.185211 ^ clkbuf_2_3__f_clk/X (sky130_fd_sc_hd__clkbuf_16)
                                                         clknet_2_3__leaf_clk (net)
                      0.037449    0.000389   20.185600 ^ _221_/CLK (sky130_fd_sc_hd__dfxtp_2)
                                  0.000000   20.185600   clock reconvergence pessimism
                                 -0.030329   20.155270   library setup time
                                             20.155270   data required time
---------------------------------------------------------------------------------------------
                                             20.155270   data required time
                                             -2.656347   data arrival time
---------------------------------------------------------------------------------------------
                                             17.498924   slack (MET)


Startpoint: tx_start (input port clocked by clk)
Endpoint: _220_ (rising edge-triggered flip-flop clocked by clk)
Path Group: clk
Path Type: max

Fanout         Cap        Slew       Delay        Time   Description
---------------------------------------------------------------------------------------------
                                  0.000000    0.000000   clock clk (rise edge)
                                  0.000000    0.000000   clock network delay (propagated)
                                  2.000000    2.000000 ^ input external delay
     1    0.003887    0.000000    0.000000    2.000000 ^ tx_start (in)
                                                         tx_start (net)
                      0.000095    0.000048    2.000048 ^ input10/A (sky130_fd_sc_hd__clkdlybuf4s25_1)
     4    0.015570    0.122853    0.214840    2.214888 ^ input10/X (sky130_fd_sc_hd__clkdlybuf4s25_1)
                                                         net10 (net)
                      0.122853    0.000405    2.215293 ^ _170_/B (sky130_fd_sc_hd__nand2_2)
     3    0.010866    0.048543    0.054382    2.269675 v _170_/Y (sky130_fd_sc_hd__nand2_2)
                                                         _089_ (net)
                      0.048544    0.000205    2.269879 v _188_/B (sky130_fd_sc_hd__nand2_2)
     8    0.041890    0.167356    0.146597    2.416476 ^ _188_/Y (sky130_fd_sc_hd__nand2_2)
                                                         _105_ (net)
                      0.167400    0.002236    2.418712 ^ _191_/B (sky130_fd_sc_hd__nor2_2)
     3    0.010532    0.081407    0.036587    2.455299 v _191_/Y (sky130_fd_sc_hd__nor2_2)
                                                         _031_ (net)
                      0.081407    0.000163    2.455462 v _202_/C (sky130_fd_sc_hd__and3b_2)
     1    0.002219    0.026482    0.143253    2.598715 v _202_/X (sky130_fd_sc_hd__and3b_2)
                                                         _006_ (net)
                      0.026482    0.000044    2.598759 v _220_/D (sky130_fd_sc_hd__dfxtp_2)
                                              2.598759   data arrival time

                                 20.000000   20.000000   clock clk (rise edge)
                                  0.000000   20.000000   clock source latency
     1    0.015203    0.000000    0.000000   20.000000 ^ clk (in)
                                                         clk (net)
                      0.001185    0.000592   20.000591 ^ clkbuf_0_clk/A (sky130_fd_sc_hd__clkbuf_16)
     4    0.040407    0.045270    0.088777   20.089369 ^ clkbuf_0_clk/X (sky130_fd_sc_hd__clkbuf_16)
                                                         clknet_0_clk (net)
                      0.045303    0.001046   20.090416 ^ clkbuf_2_3__f_clk/A (sky130_fd_sc_hd__clkbuf_16)
     8    0.029063    0.037445    0.094795   20.185211 ^ clkbuf_2_3__f_clk/X (sky130_fd_sc_hd__clkbuf_16)
                                                         clknet_2_3__leaf_clk (net)
                      0.037449    0.000384   20.185595 ^ _220_/CLK (sky130_fd_sc_hd__dfxtp_2)
                                  0.000000   20.185595   clock reconvergence pessimism
                                 -0.068729   20.116865   library setup time
                                             20.116865   data required time
---------------------------------------------------------------------------------------------
                                             20.116865   data required time
                                             -2.598759   data arrival time
---------------------------------------------------------------------------------------------
                                             17.518106   slack (MET)


Startpoint: tx_start (input port clocked by clk)
Endpoint: _223_ (rising edge-triggered flip-flop clocked by clk)
Path Group: clk
Path Type: max

Fanout         Cap        Slew       Delay        Time   Description
---------------------------------------------------------------------------------------------
                                  0.000000    0.000000   clock clk (rise edge)
                                  0.000000    0.000000   clock network delay (propagated)
                                  2.000000    2.000000 ^ input external delay
     1    0.003887    0.000000    0.000000    2.000000 ^ tx_start (in)
                                                         tx_start (net)
                      0.000095    0.000048    2.000048 ^ input10/A (sky130_fd_sc_hd__clkdlybuf4s25_1)
     4    0.015570    0.122853    0.214840    2.214888 ^ input10/X (sky130_fd_sc_hd__clkdlybuf4s25_1)
                                                         net10 (net)
                      0.122853    0.000405    2.215293 ^ _170_/B (sky130_fd_sc_hd__nand2_2)
     3    0.010866    0.048543    0.054382    2.269675 v _170_/Y (sky130_fd_sc_hd__nand2_2)
                                                         _089_ (net)
                      0.048544    0.000205    2.269879 v _188_/B (sky130_fd_sc_hd__nand2_2)
     8    0.041890    0.167356    0.146597    2.416476 ^ _188_/Y (sky130_fd_sc_hd__nand2_2)
                                                         _105_ (net)
                      0.167400    0.002236    2.418712 ^ _191_/B (sky130_fd_sc_hd__nor2_2)
     3    0.010532    0.081407    0.036587    2.455299 v _191_/Y (sky130_fd_sc_hd__nor2_2)
                                                         _031_ (net)
                      0.081407    0.000225    2.455524 v _210_/A (sky130_fd_sc_hd__and3_2)
     1    0.002360    0.026605    0.121499    2.577024 v _210_/X (sky130_fd_sc_hd__and3_2)
                                                         _009_ (net)
                      0.026605    0.000047    2.577071 v _223_/D (sky130_fd_sc_hd__dfxtp_2)
                                              2.577071   data arrival time

                                 20.000000   20.000000   clock clk (rise edge)
                                  0.000000   20.000000   clock source latency
     1    0.015203    0.000000    0.000000   20.000000 ^ clk (in)
                                                         clk (net)
                      0.001185    0.000592   20.000591 ^ clkbuf_0_clk/A (sky130_fd_sc_hd__clkbuf_16)
     4    0.040407    0.045270    0.088777   20.089369 ^ clkbuf_0_clk/X (sky130_fd_sc_hd__clkbuf_16)
                                                         clknet_0_clk (net)
                      0.045303    0.001046   20.090416 ^ clkbuf_2_3__f_clk/A (sky130_fd_sc_hd__clkbuf_16)
     8    0.029063    0.037445    0.094795   20.185211 ^ clkbuf_2_3__f_clk/X (sky130_fd_sc_hd__clkbuf_16)
                                                         clknet_2_3__leaf_clk (net)
                      0.037447    0.000293   20.185503 ^ _223_/CLK (sky130_fd_sc_hd__dfxtp_2)
                                  0.000000   20.185503   clock reconvergence pessimism
                                 -0.068773   20.116730   library setup time
                                             20.116730   data required time
---------------------------------------------------------------------------------------------
                                             20.116730   data required time
                                             -2.577071   data arrival time
---------------------------------------------------------------------------------------------
                                             17.539660   slack (MET)


Startpoint: tx_start (input port clocked by clk)
Endpoint: _229_ (rising edge-triggered flip-flop clocked by clk)
Path Group: clk
Path Type: max

Fanout         Cap        Slew       Delay        Time   Description
---------------------------------------------------------------------------------------------
                                  0.000000    0.000000   clock clk (rise edge)
                                  0.000000    0.000000   clock network delay (propagated)
                                  2.000000    2.000000 ^ input external delay
     1    0.003887    0.000000    0.000000    2.000000 ^ tx_start (in)
                                                         tx_start (net)
                      0.000095    0.000048    2.000048 ^ input10/A (sky130_fd_sc_hd__clkdlybuf4s25_1)
     4    0.015570    0.122853    0.214840    2.214888 ^ input10/X (sky130_fd_sc_hd__clkdlybuf4s25_1)
                                                         net10 (net)
                      0.122853    0.000405    2.215293 ^ _170_/B (sky130_fd_sc_hd__nand2_2)
     3    0.010866    0.048543    0.054382    2.269675 v _170_/Y (sky130_fd_sc_hd__nand2_2)
                                                         _089_ (net)
                      0.048544    0.000205    2.269879 v _188_/B (sky130_fd_sc_hd__nand2_2)
     8    0.041890    0.167356    0.146597    2.416476 ^ _188_/Y (sky130_fd_sc_hd__nand2_2)
                                                         _105_ (net)
                      0.167404    0.002335    2.418811 ^ _118_/B1 (sky130_fd_sc_hd__a31o_2)
     1    0.001924    0.023349    0.065725    2.484536 ^ _118_/X (sky130_fd_sc_hd__a31o_2)
                                                         _053_ (net)
                      0.023349    0.000037    2.484574 ^ _119_/B1_N (sky130_fd_sc_hd__o21ba_2)
     1    0.002592    0.024864    0.087227    2.571801 v _119_/X (sky130_fd_sc_hd__o21ba_2)
                                                         _015_ (net)
                      0.024864    0.000073    2.571873 v _229_/D (sky130_fd_sc_hd__dfxtp_2)
                                              2.571873   data arrival time

                                 20.000000   20.000000   clock clk (rise edge)
                                  0.000000   20.000000   clock source latency
     1    0.015203    0.000000    0.000000   20.000000 ^ clk (in)
                                                         clk (net)
                      0.001185    0.000592   20.000591 ^ clkbuf_0_clk/A (sky130_fd_sc_hd__clkbuf_16)
     4    0.040407    0.045270    0.088777   20.089369 ^ clkbuf_0_clk/X (sky130_fd_sc_hd__clkbuf_16)
                                                         clknet_0_clk (net)
                      0.045307    0.001108   20.090477 ^ clkbuf_2_1__f_clk/A (sky130_fd_sc_hd__clkbuf_16)
     9    0.027159    0.036089    0.093511   20.183989 ^ clkbuf_2_1__f_clk/X (sky130_fd_sc_hd__clkbuf_16)
                                                         clknet_2_1__leaf_clk (net)
                      0.036092    0.000330   20.184319 ^ _229_/CLK (sky130_fd_sc_hd__dfxtp_2)
                                  0.000000   20.184319   clock reconvergence pessimism
                                 -0.068282   20.116037   library setup time
                                             20.116037   data required time
---------------------------------------------------------------------------------------------
                                             20.116037   data required time
                                             -2.571873   data arrival time
---------------------------------------------------------------------------------------------
                                             17.544165   slack (MET)


Startpoint: tx_start (input port clocked by clk)
Endpoint: _227_ (rising edge-triggered flip-flop clocked by clk)
Path Group: clk
Path Type: max

Fanout         Cap        Slew       Delay        Time   Description
---------------------------------------------------------------------------------------------
                                  0.000000    0.000000   clock clk (rise edge)
                                  0.000000    0.000000   clock network delay (propagated)
                                  2.000000    2.000000 ^ input external delay
     1    0.003887    0.000000    0.000000    2.000000 ^ tx_start (in)
                                                         tx_start (net)
                      0.000095    0.000048    2.000048 ^ input10/A (sky130_fd_sc_hd__clkdlybuf4s25_1)
     4    0.015570    0.122853    0.214840    2.214888 ^ input10/X (sky130_fd_sc_hd__clkdlybuf4s25_1)
                                                         net10 (net)
                      0.122853    0.000405    2.215293 ^ _170_/B (sky130_fd_sc_hd__nand2_2)
     3    0.010866    0.048543    0.054382    2.269675 v _170_/Y (sky130_fd_sc_hd__nand2_2)
                                                         _089_ (net)
                      0.048544    0.000205    2.269879 v _188_/B (sky130_fd_sc_hd__nand2_2)
     8    0.041890    0.167356    0.146597    2.416476 ^ _188_/Y (sky130_fd_sc_hd__nand2_2)
                                                         _105_ (net)
                      0.167404    0.002329    2.418805 ^ _112_/B1 (sky130_fd_sc_hd__a31o_2)
     1    0.001940    0.023406    0.065775    2.484580 ^ _112_/X (sky130_fd_sc_hd__a31o_2)
                                                         _049_ (net)
                      0.023406    0.000055    2.484635 ^ _113_/B1_N (sky130_fd_sc_hd__o21ba_2)
     1    0.002467    0.024538    0.086929    2.571564 v _113_/X (sky130_fd_sc_hd__o21ba_2)
                                                         _013_ (net)
                      0.024538    0.000071    2.571635 v _227_/D (sky130_fd_sc_hd__dfxtp_2)
                                              2.571635   data arrival time

                                 20.000000   20.000000   clock clk (rise edge)
                                  0.000000   20.000000   clock source latency
     1    0.015203    0.000000    0.000000   20.000000 ^ clk (in)
                                                         clk (net)
                      0.001185    0.000592   20.000591 ^ clkbuf_0_clk/A (sky130_fd_sc_hd__clkbuf_16)
     4    0.040407    0.045270    0.088777   20.089369 ^ clkbuf_0_clk/X (sky130_fd_sc_hd__clkbuf_16)
                                                         clknet_0_clk (net)
                      0.045307    0.001108   20.090477 ^ clkbuf_2_1__f_clk/A (sky130_fd_sc_hd__clkbuf_16)
     9    0.027159    0.036089    0.093511   20.183989 ^ clkbuf_2_1__f_clk/X (sky130_fd_sc_hd__clkbuf_16)
                                                         clknet_2_1__leaf_clk (net)
                      0.036091    0.000304   20.184292 ^ _227_/CLK (sky130_fd_sc_hd__dfxtp_2)
                                  0.000000   20.184292   clock reconvergence pessimism
                                 -0.068166   20.116127   library setup time
                                             20.116127   data required time
---------------------------------------------------------------------------------------------
                                             20.116127   data required time
                                             -2.571635   data arrival time
---------------------------------------------------------------------------------------------
                                             17.544491   slack (MET)


Startpoint: tx_start (input port clocked by clk)
Endpoint: _224_ (rising edge-triggered flip-flop clocked by clk)
Path Group: clk
Path Type: max

Fanout         Cap        Slew       Delay        Time   Description
---------------------------------------------------------------------------------------------
                                  0.000000    0.000000   clock clk (rise edge)
                                  0.000000    0.000000   clock network delay (propagated)
                                  2.000000    2.000000 ^ input external delay
     1    0.003887    0.000000    0.000000    2.000000 ^ tx_start (in)
                                                         tx_start (net)
                      0.000095    0.000048    2.000048 ^ input10/A (sky130_fd_sc_hd__clkdlybuf4s25_1)
     4    0.015570    0.122853    0.214840    2.214888 ^ input10/X (sky130_fd_sc_hd__clkdlybuf4s25_1)
                                                         net10 (net)
                      0.122853    0.000405    2.215293 ^ _170_/B (sky130_fd_sc_hd__nand2_2)
     3    0.010866    0.048543    0.054382    2.269675 v _170_/Y (sky130_fd_sc_hd__nand2_2)
                                                         _089_ (net)
                      0.048544    0.000205    2.269879 v _188_/B (sky130_fd_sc_hd__nand2_2)
     8    0.041890    0.167356    0.146597    2.416476 ^ _188_/Y (sky130_fd_sc_hd__nand2_2)
                                                         _105_ (net)
                      0.167400    0.002236    2.418712 ^ _191_/B (sky130_fd_sc_hd__nor2_2)
     3    0.010532    0.081407    0.036587    2.455299 v _191_/Y (sky130_fd_sc_hd__nor2_2)
                                                         _031_ (net)
                      0.081407    0.000123    2.455422 v _212_/C1 (sky130_fd_sc_hd__o211a_2)
     1    0.002411    0.029108    0.089774    2.545195 v _212_/X (sky130_fd_sc_hd__o211a_2)
                                                         _010_ (net)
                      0.029108    0.000071    2.545266 v _224_/D (sky130_fd_sc_hd__dfxtp_2)
                                              2.545266   data arrival time

                                 20.000000   20.000000   clock clk (rise edge)
                                  0.000000   20.000000   clock source latency
     1    0.015203    0.000000    0.000000   20.000000 ^ clk (in)
                                                         clk (net)
                      0.001185    0.000592   20.000591 ^ clkbuf_0_clk/A (sky130_fd_sc_hd__clkbuf_16)
     4    0.040407    0.045270    0.088777   20.089369 ^ clkbuf_0_clk/X (sky130_fd_sc_hd__clkbuf_16)
                                                         clknet_0_clk (net)
                      0.045303    0.001046   20.090416 ^ clkbuf_2_3__f_clk/A (sky130_fd_sc_hd__clkbuf_16)
     8    0.029063    0.037445    0.094795   20.185211 ^ clkbuf_2_3__f_clk/X (sky130_fd_sc_hd__clkbuf_16)
                                                         clknet_2_3__leaf_clk (net)
                      0.037447    0.000304   20.185514 ^ _224_/CLK (sky130_fd_sc_hd__dfxtp_2)
                                  0.000000   20.185514   clock reconvergence pessimism
                                 -0.069667   20.115847   library setup time
                                             20.115847   data required time
---------------------------------------------------------------------------------------------
                                             20.115847   data required time
                                             -2.545266   data arrival time
---------------------------------------------------------------------------------------------
                                             17.570581   slack (MET)


Startpoint: tx_start (input port clocked by clk)
Endpoint: _217_ (rising edge-triggered flip-flop clocked by clk)
Path Group: clk
Path Type: max

Fanout         Cap        Slew       Delay        Time   Description
---------------------------------------------------------------------------------------------
                                  0.000000    0.000000   clock clk (rise edge)
                                  0.000000    0.000000   clock network delay (propagated)
                                  2.000000    2.000000 v input external delay
     1    0.003661    0.000000    0.000000    2.000000 v tx_start (in)
                                                         tx_start (net)
                      0.000089    0.000044    2.000044 v input10/A (sky130_fd_sc_hd__clkdlybuf4s25_1)
     4    0.014516    0.080739    0.192131    2.192176 v input10/X (sky130_fd_sc_hd__clkdlybuf4s25_1)
                                                         net10 (net)
                      0.080739    0.000376    2.192552 v _170_/B (sky130_fd_sc_hd__nand2_2)
     3    0.011660    0.061732    0.083602    2.276155 ^ _170_/Y (sky130_fd_sc_hd__nand2_2)
                                                         _089_ (net)
                      0.061732    0.000221    2.276376 ^ _188_/B (sky130_fd_sc_hd__nand2_2)
     8    0.038855    0.101273    0.096459    2.372835 v _188_/Y (sky130_fd_sc_hd__nand2_2)
                                                         _105_ (net)
                      0.101286    0.000977    2.373812 v _193_/C1 (sky130_fd_sc_hd__a311o_2)
     1    0.005359    0.044551    0.149087    2.522899 v _193_/X (sky130_fd_sc_hd__a311o_2)
                                                         _033_ (net)
                      0.044551    0.000169    2.523068 v _194_/B (sky130_fd_sc_hd__nor2_2)
     1    0.002274    0.040600    0.048886    2.571954 ^ _194_/Y (sky130_fd_sc_hd__nor2_2)
                                                         _003_ (net)
                      0.040600    0.000064    2.572018 ^ _217_/D (sky130_fd_sc_hd__dfxtp_2)
                                              2.572018   data arrival time

                                 20.000000   20.000000   clock clk (rise edge)
                                  0.000000   20.000000   clock source latency
     1    0.015203    0.000000    0.000000   20.000000 ^ clk (in)
                                                         clk (net)
                      0.001185    0.000592   20.000591 ^ clkbuf_0_clk/A (sky130_fd_sc_hd__clkbuf_16)
     4    0.040407    0.045270    0.088777   20.089369 ^ clkbuf_0_clk/X (sky130_fd_sc_hd__clkbuf_16)
                                                         clknet_0_clk (net)
                      0.045306    0.001092   20.090462 ^ clkbuf_2_2__f_clk/A (sky130_fd_sc_hd__clkbuf_16)
     9    0.027050    0.036022    0.093278   20.183741 ^ clkbuf_2_2__f_clk/X (sky130_fd_sc_hd__clkbuf_16)
                                                         clknet_2_2__leaf_clk (net)
                      0.036046    0.000815   20.184555 ^ _217_/CLK (sky130_fd_sc_hd__dfxtp_2)
                                  0.000000   20.184555   clock reconvergence pessimism
                                 -0.032236   20.152319   library setup time
                                             20.152319   data required time
---------------------------------------------------------------------------------------------
                                             20.152319   data required time
                                             -2.572018   data arrival time
---------------------------------------------------------------------------------------------
                                             17.580301   slack (MET)


Startpoint: tx_start (input port clocked by clk)
Endpoint: _234_ (rising edge-triggered flip-flop clocked by clk)
Path Group: clk
Path Type: max

Fanout         Cap        Slew       Delay        Time   Description
---------------------------------------------------------------------------------------------
                                  0.000000    0.000000   clock clk (rise edge)
                                  0.000000    0.000000   clock network delay (propagated)
                                  2.000000    2.000000 ^ input external delay
     1    0.003887    0.000000    0.000000    2.000000 ^ tx_start (in)
                                                         tx_start (net)
                      0.000095    0.000048    2.000048 ^ input10/A (sky130_fd_sc_hd__clkdlybuf4s25_1)
     4    0.015570    0.122853    0.214840    2.214888 ^ input10/X (sky130_fd_sc_hd__clkdlybuf4s25_1)
                                                         net10 (net)
                      0.122853    0.000405    2.215293 ^ _170_/B (sky130_fd_sc_hd__nand2_2)
     3    0.010866    0.048543    0.054382    2.269675 v _170_/Y (sky130_fd_sc_hd__nand2_2)
                                                         _089_ (net)
                      0.048544    0.000205    2.269879 v _188_/B (sky130_fd_sc_hd__nand2_2)
     8    0.041890    0.167356    0.146597    2.416476 ^ _188_/Y (sky130_fd_sc_hd__nand2_2)
                                                         _105_ (net)
                      0.167393    0.002055    2.418531 ^ _134_/A (sky130_fd_sc_hd__nor2_2)
     1    0.003314    0.049030    0.024618    2.443148 v _134_/Y (sky130_fd_sc_hd__nor2_2)
                                                         _064_ (net)
                      0.049030    0.000104    2.443253 v _135_/B1 (sky130_fd_sc_hd__o21a_2)
     1    0.003076    0.024902    0.076146    2.519399 v _135_/X (sky130_fd_sc_hd__o21a_2)
                                                         _020_ (net)
                      0.024902    0.000101    2.519500 v _234_/D (sky130_fd_sc_hd__dfxtp_2)
                                              2.519500   data arrival time

                                 20.000000   20.000000   clock clk (rise edge)
                                  0.000000   20.000000   clock source latency
     1    0.015203    0.000000    0.000000   20.000000 ^ clk (in)
                                                         clk (net)
                      0.001185    0.000592   20.000591 ^ clkbuf_0_clk/A (sky130_fd_sc_hd__clkbuf_16)
     4    0.040407    0.045270    0.088777   20.089369 ^ clkbuf_0_clk/X (sky130_fd_sc_hd__clkbuf_16)
                                                         clknet_0_clk (net)
                      0.045303    0.001046   20.090416 ^ clkbuf_2_3__f_clk/A (sky130_fd_sc_hd__clkbuf_16)
     8    0.029063    0.037445    0.094795   20.185211 ^ clkbuf_2_3__f_clk/X (sky130_fd_sc_hd__clkbuf_16)
                                                         clknet_2_3__leaf_clk (net)
                      0.037450    0.000419   20.185629 ^ _234_/CLK (sky130_fd_sc_hd__dfxtp_2)
                                  0.000000   20.185629   clock reconvergence pessimism
                                 -0.068165   20.117464   library setup time
                                             20.117464   data required time
---------------------------------------------------------------------------------------------
                                             20.117464   data required time
                                             -2.519500   data arrival time
---------------------------------------------------------------------------------------------
                                             17.597963   slack (MET)


Startpoint: tx_start (input port clocked by clk)
Endpoint: _214_ (rising edge-triggered flip-flop clocked by clk)
Path Group: clk
Path Type: max

Fanout         Cap        Slew       Delay        Time   Description
---------------------------------------------------------------------------------------------
                                  0.000000    0.000000   clock clk (rise edge)
                                  0.000000    0.000000   clock network delay (propagated)
                                  2.000000    2.000000 ^ input external delay
     1    0.003887    0.000000    0.000000    2.000000 ^ tx_start (in)
                                                         tx_start (net)
                      0.000095    0.000048    2.000048 ^ input10/A (sky130_fd_sc_hd__clkdlybuf4s25_1)
     4    0.015570    0.122853    0.214840    2.214888 ^ input10/X (sky130_fd_sc_hd__clkdlybuf4s25_1)
                                                         net10 (net)
                      0.122853    0.000405    2.215293 ^ _170_/B (sky130_fd_sc_hd__nand2_2)
     3    0.010866    0.048543    0.054382    2.269675 v _170_/Y (sky130_fd_sc_hd__nand2_2)
                                                         _089_ (net)
                      0.048544    0.000222    2.269896 v _182_/B1 (sky130_fd_sc_hd__o211a_2)
     1    0.003016    0.030369    0.088234    2.358130 v _182_/X (sky130_fd_sc_hd__o211a_2)
                                                         _101_ (net)
                      0.030369    0.000091    2.358221 v _184_/B1 (sky130_fd_sc_hd__a211o_2)
     1    0.002222    0.031640    0.134220    2.492441 v _184_/X (sky130_fd_sc_hd__a211o_2)
                                                         _000_ (net)
                      0.031640    0.000063    2.492505 v _214_/D (sky130_fd_sc_hd__dfxtp_2)
                                              2.492505   data arrival time

                                 20.000000   20.000000   clock clk (rise edge)
                                  0.000000   20.000000   clock source latency
     1    0.015203    0.000000    0.000000   20.000000 ^ clk (in)
                                                         clk (net)
                      0.001185    0.000592   20.000591 ^ clkbuf_0_clk/A (sky130_fd_sc_hd__clkbuf_16)
     4    0.040407    0.045270    0.088777   20.089369 ^ clkbuf_0_clk/X (sky130_fd_sc_hd__clkbuf_16)
                                                         clknet_0_clk (net)
                      0.045304    0.001064   20.090433 ^ clkbuf_2_0__f_clk/A (sky130_fd_sc_hd__clkbuf_16)
     8    0.029405    0.037719    0.094740   20.185173 ^ clkbuf_2_0__f_clk/X (sky130_fd_sc_hd__clkbuf_16)
                                                         clknet_2_0__leaf_clk (net)
                      0.037729    0.000627   20.185801 ^ _214_/CLK (sky130_fd_sc_hd__dfxtp_2)
                                  0.000000   20.185801   clock reconvergence pessimism
                                 -0.070544   20.115255   library setup time
                                             20.115255   data required time
---------------------------------------------------------------------------------------------
                                             20.115255   data required time
                                             -2.492505   data arrival time
---------------------------------------------------------------------------------------------
                                             17.622751   slack (MET)


Startpoint: tx_start (input port clocked by clk)
Endpoint: _244_ (rising edge-triggered flip-flop clocked by clk)
Path Group: clk
Path Type: max

Fanout         Cap        Slew       Delay        Time   Description
---------------------------------------------------------------------------------------------
                                  0.000000    0.000000   clock clk (rise edge)
                                  0.000000    0.000000   clock network delay (propagated)
                                  2.000000    2.000000 v input external delay
     1    0.003661    0.000000    0.000000    2.000000 v tx_start (in)
                                                         tx_start (net)
                      0.000089    0.000044    2.000044 v input10/A (sky130_fd_sc_hd__clkdlybuf4s25_1)
     4    0.014516    0.080739    0.192131    2.192176 v input10/X (sky130_fd_sc_hd__clkdlybuf4s25_1)
                                                         net10 (net)
                      0.080739    0.000376    2.192552 v _170_/B (sky130_fd_sc_hd__nand2_2)
     3    0.011660    0.061732    0.083602    2.276155 ^ _170_/Y (sky130_fd_sc_hd__nand2_2)
                                                         _089_ (net)
                      0.061732    0.000221    2.276376 ^ _188_/B (sky130_fd_sc_hd__nand2_2)
     8    0.038855    0.101273    0.096459    2.372835 v _188_/Y (sky130_fd_sc_hd__nand2_2)
                                                         _105_ (net)
                      0.101286    0.000968    2.373802 v _163_/B1 (sky130_fd_sc_hd__a21o_2)
     1    0.002621    0.024109    0.107632    2.481434 v _163_/X (sky130_fd_sc_hd__a21o_2)
                                                         _030_ (net)
                      0.024109    0.000078    2.481513 v _244_/D (sky130_fd_sc_hd__dfxtp_2)
                                              2.481513   data arrival time

                                 20.000000   20.000000   clock clk (rise edge)
                                  0.000000   20.000000   clock source latency
     1    0.015203    0.000000    0.000000   20.000000 ^ clk (in)
                                                         clk (net)
                      0.001185    0.000592   20.000591 ^ clkbuf_0_clk/A (sky130_fd_sc_hd__clkbuf_16)
     4    0.040407    0.045270    0.088777   20.089369 ^ clkbuf_0_clk/X (sky130_fd_sc_hd__clkbuf_16)
                                                         clknet_0_clk (net)
                      0.045306    0.001092   20.090462 ^ clkbuf_2_2__f_clk/A (sky130_fd_sc_hd__clkbuf_16)
     9    0.027050    0.036022    0.093278   20.183741 ^ clkbuf_2_2__f_clk/X (sky130_fd_sc_hd__clkbuf_16)
                                                         clknet_2_2__leaf_clk (net)
                      0.036039    0.000709   20.184448 ^ _244_/CLK (sky130_fd_sc_hd__dfxtp_2)
                                  0.000000   20.184448   clock reconvergence pessimism
                                 -0.068018   20.116432   library setup time
                                             20.116432   data required time
---------------------------------------------------------------------------------------------
                                             20.116432   data required time
                                             -2.481513   data arrival time
---------------------------------------------------------------------------------------------
                                             17.634920   slack (MET)


Startpoint: tx_start (input port clocked by clk)
Endpoint: _232_ (rising edge-triggered flip-flop clocked by clk)
Path Group: clk
Path Type: max

Fanout         Cap        Slew       Delay        Time   Description
---------------------------------------------------------------------------------------------
                                  0.000000    0.000000   clock clk (rise edge)
                                  0.000000    0.000000   clock network delay (propagated)
                                  2.000000    2.000000 ^ input external delay
     1    0.003887    0.000000    0.000000    2.000000 ^ tx_start (in)
                                                         tx_start (net)
                      0.000095    0.000048    2.000048 ^ input10/A (sky130_fd_sc_hd__clkdlybuf4s25_1)
     4    0.015570    0.122853    0.214840    2.214888 ^ input10/X (sky130_fd_sc_hd__clkdlybuf4s25_1)
                                                         net10 (net)
                      0.122853    0.000405    2.215293 ^ _170_/B (sky130_fd_sc_hd__nand2_2)
     3    0.010866    0.048543    0.054382    2.269675 v _170_/Y (sky130_fd_sc_hd__nand2_2)
                                                         _089_ (net)
                      0.048544    0.000205    2.269879 v _188_/B (sky130_fd_sc_hd__nand2_2)
     8    0.041890    0.167356    0.146597    2.416476 ^ _188_/Y (sky130_fd_sc_hd__nand2_2)
                                                         _105_ (net)
                      0.167401    0.002248    2.418723 ^ _127_/A (sky130_fd_sc_hd__nor2_2)
     1    0.002164    0.034509    0.020758    2.439481 v _127_/Y (sky130_fd_sc_hd__nor2_2)
                                                         _018_ (net)
                      0.034509    0.000061    2.439542 v _232_/D (sky130_fd_sc_hd__dfxtp_2)
                                              2.439542   data arrival time

                                 20.000000   20.000000   clock clk (rise edge)
                                  0.000000   20.000000   clock source latency
     1    0.015203    0.000000    0.000000   20.000000 ^ clk (in)
                                                         clk (net)
                      0.001185    0.000592   20.000591 ^ clkbuf_0_clk/A (sky130_fd_sc_hd__clkbuf_16)
     4    0.040407    0.045270    0.088777   20.089369 ^ clkbuf_0_clk/X (sky130_fd_sc_hd__clkbuf_16)
                                                         clknet_0_clk (net)
                      0.045307    0.001108   20.090477 ^ clkbuf_2_1__f_clk/A (sky130_fd_sc_hd__clkbuf_16)
     9    0.027159    0.036089    0.093511   20.183989 ^ clkbuf_2_1__f_clk/X (sky130_fd_sc_hd__clkbuf_16)
                                                         clknet_2_1__leaf_clk (net)
                      0.036090    0.000194   20.184181 ^ _232_/CLK (sky130_fd_sc_hd__dfxtp_2)
                                  0.000000   20.184181   clock reconvergence pessimism
                                 -0.071726   20.112455   library setup time
                                             20.112455   data required time
---------------------------------------------------------------------------------------------
                                             20.112455   data required time
                                             -2.439542   data arrival time
---------------------------------------------------------------------------------------------
                                             17.672915   slack (MET)


Startpoint: tx_start (input port clocked by clk)
Endpoint: _215_ (rising edge-triggered flip-flop clocked by clk)
Path Group: clk
Path Type: max

Fanout         Cap        Slew       Delay        Time   Description
---------------------------------------------------------------------------------------------
                                  0.000000    0.000000   clock clk (rise edge)
                                  0.000000    0.000000   clock network delay (propagated)
                                  2.000000    2.000000 v input external delay
     1    0.003661    0.000000    0.000000    2.000000 v tx_start (in)
                                                         tx_start (net)
                      0.000089    0.000044    2.000044 v input10/A (sky130_fd_sc_hd__clkdlybuf4s25_1)
     4    0.014516    0.080739    0.192131    2.192176 v input10/X (sky130_fd_sc_hd__clkdlybuf4s25_1)
                                                         net10 (net)
                      0.080739    0.000248    2.192423 v _186_/A2 (sky130_fd_sc_hd__o211a_2)
     1    0.003078    0.030497    0.160569    2.352993 v _186_/X (sky130_fd_sc_hd__o211a_2)
                                                         _001_ (net)
                      0.030497    0.000095    2.353088 v _215_/D (sky130_fd_sc_hd__dfxtp_2)
                                              2.353088   data arrival time

                                 20.000000   20.000000   clock clk (rise edge)
                                  0.000000   20.000000   clock source latency
     1    0.015203    0.000000    0.000000   20.000000 ^ clk (in)
                                                         clk (net)
                      0.001185    0.000592   20.000591 ^ clkbuf_0_clk/A (sky130_fd_sc_hd__clkbuf_16)
     4    0.040407    0.045270    0.088777   20.089369 ^ clkbuf_0_clk/X (sky130_fd_sc_hd__clkbuf_16)
                                                         clknet_0_clk (net)
                      0.045306    0.001092   20.090462 ^ clkbuf_2_2__f_clk/A (sky130_fd_sc_hd__clkbuf_16)
     9    0.027050    0.036022    0.093278   20.183741 ^ clkbuf_2_2__f_clk/X (sky130_fd_sc_hd__clkbuf_16)
                                                         clknet_2_2__leaf_clk (net)
                      0.036033    0.000583   20.184322 ^ _215_/CLK (sky130_fd_sc_hd__dfxtp_2)
                                  0.000000   20.184322   clock reconvergence pessimism
                                 -0.070299   20.114023   library setup time
                                             20.114023   data required time
---------------------------------------------------------------------------------------------
                                             20.114023   data required time
                                             -2.353088   data arrival time
---------------------------------------------------------------------------------------------
                                             17.760935   slack (MET)



%OL_END_REPORT
%OL_CREATE_REPORT checks.rpt

===========================================================================
report_checks -unconstrained
===========================================================================
======================= nom_ff_n40C_1v95 Corner ===================================

Startpoint: tx_start (input port clocked by clk)
Endpoint: _236_ (rising edge-triggered flip-flop clocked by clk)
Path Group: clk
Path Type: max

Fanout         Cap        Slew       Delay        Time   Description
---------------------------------------------------------------------------------------------
                                  0.000000    0.000000   clock clk (rise edge)
                                  0.000000    0.000000   clock network delay (propagated)
                                  2.000000    2.000000 ^ input external delay
     1    0.003887    0.000000    0.000000    2.000000 ^ tx_start (in)
                                                         tx_start (net)
                      0.000095    0.000048    2.000048 ^ input10/A (sky130_fd_sc_hd__clkdlybuf4s25_1)
     4    0.015570    0.122853    0.214840    2.214888 ^ input10/X (sky130_fd_sc_hd__clkdlybuf4s25_1)
                                                         net10 (net)
                      0.122853    0.000415    2.215303 ^ _169_/B (sky130_fd_sc_hd__and2_2)
     8    0.040425    0.157804    0.198241    2.413545 ^ _169_/X (sky130_fd_sc_hd__and2_2)
                                                         _088_ (net)
                      0.157897    0.002089    2.415634 ^ _139_/S (sky130_fd_sc_hd__mux2_1)
     1    0.003385    0.040482    0.195314    2.610948 v _139_/X (sky130_fd_sc_hd__mux2_1)
                                                         _067_ (net)
                      0.040482    0.000116    2.611064 v _140_/A0 (sky130_fd_sc_hd__mux2_1)
     1    0.002985    0.038684    0.144436    2.755501 v _140_/X (sky130_fd_sc_hd__mux2_1)
                                                         _068_ (net)
                      0.038684    0.000095    2.755596 v _141_/B (sky130_fd_sc_hd__or2_2)
     1    0.003186    0.037760    0.158555    2.914152 v _141_/X (sky130_fd_sc_hd__or2_2)
                                                         _022_ (net)
                      0.037760    0.000101    2.914253 v _236_/D (sky130_fd_sc_hd__dfxtp_2)
                                              2.914253   data arrival time

                                 20.000000   20.000000   clock clk (rise edge)
                                  0.000000   20.000000   clock source latency
     1    0.015203    0.000000    0.000000   20.000000 ^ clk (in)
                                                         clk (net)
                      0.001185    0.000592   20.000591 ^ clkbuf_0_clk/A (sky130_fd_sc_hd__clkbuf_16)
     4    0.040407    0.045270    0.088777   20.089369 ^ clkbuf_0_clk/X (sky130_fd_sc_hd__clkbuf_16)
                                                         clknet_0_clk (net)
                      0.045304    0.001064   20.090433 ^ clkbuf_2_0__f_clk/A (sky130_fd_sc_hd__clkbuf_16)
     8    0.029405    0.037719    0.094740   20.185173 ^ clkbuf_2_0__f_clk/X (sky130_fd_sc_hd__clkbuf_16)
                                                         clknet_2_0__leaf_clk (net)
                      0.037728    0.000604   20.185778 ^ _236_/CLK (sky130_fd_sc_hd__dfxtp_2)
                                  0.000000   20.185778   clock reconvergence pessimism
                                 -0.072729   20.113049   library setup time
                                             20.113049   data required time
---------------------------------------------------------------------------------------------
                                             20.113049   data required time
                                             -2.914253   data arrival time
---------------------------------------------------------------------------------------------
                                             17.198795   slack (MET)




===========================================================================
report_checks --slack_max -0.01
============================================================================
======================= nom_ff_n40C_1v95 Corner ===================================

No paths found.


===========================================================================
 report_check_types -max_slew -max_cap -max_fanout -violators
============================================================================
======================= nom_ff_n40C_1v95 Corner ===================================



===========================================================================
report_parasitic_annotation -report_unannotated
============================================================================
Found 3 unannotated drivers.
 clkload0/X
 clkload1/X
 clkload2/X
Found 0 partially unannotated drivers.

===========================================================================
max slew violation count 0
%OL_METRIC_I design__max_slew_violation__count__corner:nom_ff_n40C_1v95 0
max fanout violation count 0
%OL_METRIC_I design__max_fanout_violation__count__corner:nom_ff_n40C_1v95 0
max cap violation count 0
%OL_METRIC_I design__max_cap_violation__count__corner:nom_ff_n40C_1v95 0
============================================================================

===========================================================================
check_setup -verbose -unconstrained_endpoints -multiple_clock -no_clock -no_input_delay -loops -generated_clocks
===========================================================================
%OL_END_REPORT
%OL_CREATE_REPORT power.rpt

===========================================================================
 report_power
============================================================================
======================= nom_ff_n40C_1v95 Corner ===================================

Group                    Internal    Switching      Leakage        Total
                            Power        Power        Power        Power (Watts)
------------------------------------------------------------------------
Sequential           7.370594e-05 1.401009e-06 5.801744e-10 7.510753e-05  42.1%
Combinational        6.716991e-06 5.164620e-06 1.012794e-09 1.188262e-05   6.7%
Clock                6.209824e-05 2.910501e-05 2.250294e-09 9.120550e-05  51.2%
Macro                0.000000e+00 0.000000e+00 0.000000e+00 0.000000e+00   0.0%
Pad                  0.000000e+00 0.000000e+00 0.000000e+00 0.000000e+00   0.0%
------------------------------------------------------------------------
Total                1.425212e-04 3.567064e-05 3.843258e-09 1.781957e-04 100.0%
                            80.0%        20.0%         0.0%
%OL_METRIC_F power__internal__total 0.00014252121036406606
%OL_METRIC_F power__switching__total 3.567064050002955e-5
%OL_METRIC_F power__leakage__total 3.843258156166485e-9
%OL_METRIC_F power__total 0.0001781956962076947

%OL_END_REPORT
%OL_CREATE_REPORT skew.min.rpt

===========================================================================
Clock Skew (Hold)
============================================================================
%OL_METRIC_F clock__skew__worst_hold__corner:nom_ff_n40C_1v95 -0.0022516850132877045
======================= nom_ff_n40C_1v95 Corner ===================================

Clock clk
0.184179 source latency _218_/CLK ^
-0.186431 target latency _237_/CLK ^
0.000000 CRPR
--------------
-0.002252 hold skew

%OL_END_REPORT
%OL_CREATE_REPORT skew.max.rpt

===========================================================================
Clock Skew (Setup)
============================================================================
%OL_METRIC_F clock__skew__worst_setup__corner:nom_ff_n40C_1v95 -0.0022516850132877045
======================= nom_ff_n40C_1v95 Corner ===================================

Clock clk
0.184179 source latency _218_/CLK ^
-0.186431 target latency _237_/CLK ^
0.000000 CRPR
--------------
-0.002252 setup skew

%OL_END_REPORT
%OL_CREATE_REPORT ws.min.rpt

===========================================================================
Worst Slack (Hold)
============================================================================
%OL_METRIC_F timing__hold__ws__corner:nom_ff_n40C_1v95 0.28123482116915594
nom_ff_n40C_1v95: 0.28123482116915594
%OL_END_REPORT
%OL_CREATE_REPORT ws.max.rpt

===========================================================================
Worst Slack (Setup)
============================================================================
%OL_METRIC_F timing__setup__ws__corner:nom_ff_n40C_1v95 17.198795763255593
nom_ff_n40C_1v95: 17.198795763255593
%OL_END_REPORT
%OL_CREATE_REPORT tns.min.rpt

===========================================================================
Total Negative Slack (Hold)
============================================================================
%OL_METRIC_F timing__hold__tns__corner:nom_ff_n40C_1v95 0.0
nom_ff_n40C_1v95: 0.0
%OL_END_REPORT
%OL_CREATE_REPORT tns.max.rpt

===========================================================================
Total Negative Slack (Setup)
============================================================================
%OL_METRIC_F timing__setup__tns__corner:nom_ff_n40C_1v95 0.0
nom_ff_n40C_1v95: 0.0
%OL_END_REPORT
%OL_CREATE_REPORT wns.min.rpt

===========================================================================
Worst Negative Slack (Hold)
============================================================================
%OL_METRIC_F timing__hold__wns__corner:nom_ff_n40C_1v95 0
nom_ff_n40C_1v95: 0
%OL_END_REPORT
%OL_CREATE_REPORT wns.max.rpt

===========================================================================
Worst Negative Slack (Setup)
============================================================================
%OL_METRIC_F timing__setup__wns__corner:nom_ff_n40C_1v95 0.0
nom_ff_n40C_1v95: 0.0
%OL_END_REPORT
%OL_CREATE_REPORT violator_list.rpt

===========================================================================
Violator List
============================================================================
%OL_METRIC_I timing__hold_vio__count__corner:nom_ff_n40C_1v95 0
%OL_METRIC_F timing__hold_r2r__ws__corner:nom_ff_n40C_1v95 0.281235
%OL_METRIC_I timing__hold_r2r_vio__count__corner:nom_ff_n40C_1v95 0
%OL_METRIC_I timing__setup_vio__count__corner:nom_ff_n40C_1v95 0
%OL_METRIC_F timing__setup_r2r__ws__corner:nom_ff_n40C_1v95 inf
%OL_METRIC_I timing__setup_r2r_vio__count__corner:nom_ff_n40C_1v95 0
%OL_END_REPORT
%OL_CREATE_REPORT unpropagated.rpt
%OL_END_REPORT
%OL_CREATE_REPORT clock.rpt
Clock: clk
Sources: clk 
Generated: no
Virtual: yes
Propagated: no
Period: 20.000000

===========================================================================
report_clock_properties
============================================================================
Clock                   Period          Waveform
----------------------------------------------------
clk                  20.000000    0.000000 10.000000

===========================================================================
report_clock_latency
============================================================================
Clock clk
rise -> rise
    min     max
0.000000 0.000000 source latency
0.184179         network latency _218_/CLK
        0.186431 network latency _237_/CLK
---------------
0.184179 0.186431 latency
        0.002252 skew

fall -> fall
    min     max
0.000000 0.000000 source latency
0.200004         network latency _218_/CLK
        0.201974 network latency _237_/CLK
---------------
0.200004 0.201974 latency
        0.001969 skew



===========================================================================
report_clock_min_period
============================================================================
clk period_min = 1.74 fmax = 573.26
%OL_END_REPORT
Writing SDF files for all corners…
Removing Clock latencies before writing libs…
Writing timing models for all corners…
Writing timing models for the nom_ff_n40C_1v95 corner to /home/gp7871/VLSI_Freelancing/projects/uart_tx_rtl_to_gds/runs/RUN_2026-09-16_17-29-04/55-openroad-stapostpnr/nom_ff_n40C_1v95/uart_tx__nom_ff_n40C_1v95.lib…
